ts,service,run_idx,phase,latency_ms,ok,meta_json
1782939466800,untrusted-client-0,1,id_honest_baseline,1.666,True,"{""voter_id"": 260796}"
1782939466833,untrusted-client-0,2,checkin_honest_baseline,1.842,True,"{""voter_id"": 260796}"
1782939468027,untrusted-client-0,1,id_honest_baseline,1.522,True,"{""voter_id"": 118404}"
1782939468059,untrusted-client-0,2,checkin_honest_baseline,2.155,True,"{""voter_id"": 118404}"
1782939469253,untrusted-client-0,1,id_honest_baseline,1.312,True,"{""voter_id"": 277884}"
1782939469284,untrusted-client-0,2,checkin_honest_baseline,1.576,True,"{""voter_id"": 277884}"
1782939470482,untrusted-client-0,1,id_honest_baseline,1.316,True,"{""voter_id"": 327770}"
1782939470513,untrusted-client-0,2,checkin_honest_baseline,1.915,True,"{""voter_id"": 327770}"
1782939471712,untrusted-client-0,1,id_honest_baseline,1.779,True,"{""voter_id"": 182036}"
1782939471742,untrusted-client-0,2,checkin_honest_baseline,1.330,True,"{""voter_id"": 182036}"
1782939472942,untrusted-client-0,1,id_honest_baseline,1.368,True,"{""voter_id"": 150626}"
1782939472973,untrusted-client-0,2,checkin_honest_baseline,1.287,True,"{""voter_id"": 150626}"
1782939474166,untrusted-client-0,1,id_honest_baseline,1.601,True,"{""voter_id"": 345738}"
1782939474197,untrusted-client-0,2,checkin_honest_baseline,1.649,True,"{""voter_id"": 345738}"
1782939475390,untrusted-client-0,1,id_honest_baseline,1.341,True,"{""voter_id"": 244314}"
1782939475421,untrusted-client-0,2,checkin_honest_baseline,1.483,True,"{""voter_id"": 244314}"
1782939476620,untrusted-client-0,1,id_honest_baseline,1.499,True,"{""voter_id"": 332076}"
1782939476652,untrusted-client-0,2,checkin_honest_baseline,1.413,True,"{""voter_id"": 332076}"
1782939477853,untrusted-client-0,1,id_honest_baseline,1.644,True,"{""voter_id"": 137866}"
1782939477885,untrusted-client-0,2,checkin_honest_baseline,1.414,True,"{""voter_id"": 137866}"
1782939479091,untrusted-client-0,1,id_honest_baseline,1.452,True,"{""voter_id"": 242389}"
1782939479123,untrusted-client-0,2,checkin_honest_baseline,1.275,True,"{""voter_id"": 242389}"
1782939480326,untrusted-client-0,1,id_honest_baseline,1.160,True,"{""voter_id"": 343790}"
1782939480357,untrusted-client-0,2,checkin_honest_baseline,1.423,True,"{""voter_id"": 343790}"
1782939481568,untrusted-client-0,1,id_honest_baseline,1.264,True,"{""voter_id"": 169469}"
1782939481599,untrusted-client-0,2,checkin_honest_baseline,1.229,True,"{""voter_id"": 169469}"
1782939482807,untrusted-client-0,1,id_honest_baseline,1.270,True,"{""voter_id"": 238425}"
1782939482838,untrusted-client-0,2,checkin_honest_baseline,2.186,True,"{""voter_id"": 238425}"
1782939484044,untrusted-client-0,1,id_honest_baseline,1.390,True,"{""voter_id"": 289925}"
1782939484075,untrusted-client-0,2,checkin_honest_baseline,1.383,True,"{""voter_id"": 289925}"
1782939485279,untrusted-client-0,1,id_honest_baseline,1.443,True,"{""voter_id"": 333161}"
1782939485311,untrusted-client-0,2,checkin_honest_baseline,1.535,True,"{""voter_id"": 333161}"
1782939486516,untrusted-client-0,1,id_honest_baseline,1.518,True,"{""voter_id"": 338107}"
1782939486548,untrusted-client-0,2,checkin_honest_baseline,1.459,True,"{""voter_id"": 338107}"
1782939487756,untrusted-client-0,1,id_honest_baseline,1.443,True,"{""voter_id"": 137432}"
1782939487786,untrusted-client-0,2,checkin_honest_baseline,1.164,True,"{""voter_id"": 137432}"
1782939488999,untrusted-client-0,1,id_honest_baseline,1.374,True,"{""voter_id"": 103051}"
1782939489031,untrusted-client-0,2,checkin_honest_baseline,1.410,True,"{""voter_id"": 103051}"
1782939490244,untrusted-client-0,1,id_honest_baseline,1.193,True,"{""voter_id"": 195476}"
1782939490278,untrusted-client-0,2,checkin_honest_baseline,1.335,True,"{""voter_id"": 195476}"
1782939491511,untrusted-client-0,1,id_honest_baseline,1.437,True,"{""voter_id"": 336276}"
1782939491543,untrusted-client-0,2,checkin_honest_baseline,1.211,True,"{""voter_id"": 336276}"
1782939492758,untrusted-client-0,1,id_honest_baseline,1.278,True,"{""voter_id"": 272661}"
1782939492791,untrusted-client-0,2,checkin_honest_baseline,1.186,True,"{""voter_id"": 272661}"
1782939494006,untrusted-client-0,1,id_honest_baseline,1.408,True,"{""voter_id"": 227234}"
1782939494040,untrusted-client-0,2,checkin_honest_baseline,3.222,True,"{""voter_id"": 227234}"
1782939495245,untrusted-client-0,1,id_honest_baseline,1.495,True,"{""voter_id"": 211408}"
1782939495292,untrusted-client-0,2,checkin_honest_baseline,15.403,True,"{""voter_id"": 211408}"
1782939496500,untrusted-client-0,1,id_honest_baseline,1.991,True,"{""voter_id"": 134702}"
1782939496535,untrusted-client-0,2,checkin_honest_baseline,1.497,True,"{""voter_id"": 134702}"
1782939497742,untrusted-client-0,1,id_honest_baseline,1.161,True,"{""voter_id"": 258813}"
1782939497773,untrusted-client-0,2,checkin_honest_baseline,1.094,True,"{""voter_id"": 258813}"
1782939498981,untrusted-client-0,1,id_honest_baseline,1.246,True,"{""voter_id"": 301804}"
1782939499015,untrusted-client-0,2,checkin_honest_baseline,1.043,True,"{""voter_id"": 301804}"
1782939500220,untrusted-client-0,1,id_honest_baseline,1.094,True,"{""voter_id"": 186196}"
1782939500252,untrusted-client-0,2,checkin_honest_baseline,2.176,True,"{""voter_id"": 186196}"
1782939501480,untrusted-client-0,1,id_honest_baseline,2.648,True,"{""voter_id"": 124027}"
1782939501513,untrusted-client-0,2,checkin_honest_baseline,1.841,True,"{""voter_id"": 124027}"
1782939502737,untrusted-client-0,1,id_honest_baseline,1.306,True,"{""voter_id"": 198741}"
1782939502770,untrusted-client-0,2,checkin_honest_baseline,1.157,True,"{""voter_id"": 198741}"
1782939503982,untrusted-client-0,1,id_honest_baseline,1.476,True,"{""voter_id"": 329223}"
1782939504016,untrusted-client-0,2,checkin_honest_baseline,1.187,True,"{""voter_id"": 329223}"
1782939505227,untrusted-client-0,1,id_honest_baseline,1.410,True,"{""voter_id"": 275931}"
1782939505260,untrusted-client-0,2,checkin_honest_baseline,1.661,True,"{""voter_id"": 275931}"
1782939506468,untrusted-client-0,1,id_honest_baseline,1.086,True,"{""voter_id"": 132296}"
1782939506500,untrusted-client-0,2,checkin_honest_baseline,1.470,True,"{""voter_id"": 132296}"
1782939507719,untrusted-client-0,1,id_honest_baseline,1.344,True,"{""voter_id"": 142707}"
1782939507752,untrusted-client-0,2,checkin_honest_baseline,1.021,True,"{""voter_id"": 142707}"
1782939508970,untrusted-client-0,1,id_honest_baseline,1.350,True,"{""voter_id"": 212177}"
1782939509002,untrusted-client-0,2,checkin_honest_baseline,1.270,True,"{""voter_id"": 212177}"
1782939510210,untrusted-client-0,1,id_honest_baseline,1.378,True,"{""voter_id"": 294650}"
1782939510243,untrusted-client-0,2,checkin_honest_baseline,1.574,True,"{""voter_id"": 294650}"
1782939511454,untrusted-client-0,1,id_honest_baseline,1.432,True,"{""voter_id"": 303753}"
1782939511487,untrusted-client-0,2,checkin_honest_baseline,1.568,True,"{""voter_id"": 303753}"
1782939512696,untrusted-client-0,1,id_honest_baseline,1.413,True,"{""voter_id"": 162093}"
1782939512730,untrusted-client-0,2,checkin_honest_baseline,1.103,True,"{""voter_id"": 162093}"
1782939513936,untrusted-client-0,1,id_honest_baseline,1.292,True,"{""voter_id"": 187001}"
1782939513969,untrusted-client-0,2,checkin_honest_baseline,1.248,True,"{""voter_id"": 187001}"
1782939515185,untrusted-client-0,1,id_honest_baseline,1.492,True,"{""voter_id"": 225690}"
1782939515218,untrusted-client-0,2,checkin_honest_baseline,1.501,True,"{""voter_id"": 225690}"
1782939516432,untrusted-client-0,1,id_honest_baseline,1.493,True,"{""voter_id"": 278456}"
1782939516467,untrusted-client-0,2,checkin_honest_baseline,1.519,True,"{""voter_id"": 278456}"
1782939517701,untrusted-client-0,1,id_honest_baseline,1.284,True,"{""voter_id"": 231576}"
1782939517738,untrusted-client-0,2,checkin_honest_baseline,2.342,True,"{""voter_id"": 231576}"
1782939518950,untrusted-client-0,1,id_honest_baseline,1.609,True,"{""voter_id"": 202146}"
1782939518982,untrusted-client-0,2,checkin_honest_baseline,1.465,True,"{""voter_id"": 202146}"
1782939520195,untrusted-client-0,1,id_honest_baseline,1.489,True,"{""voter_id"": 173206}"
1782939520229,untrusted-client-0,2,checkin_honest_baseline,1.385,True,"{""voter_id"": 173206}"
1782939521450,untrusted-client-0,1,id_honest_baseline,1.187,True,"{""voter_id"": 195212}"
1782939521483,untrusted-client-0,2,checkin_honest_baseline,1.297,True,"{""voter_id"": 195212}"
1782939522701,untrusted-client-0,1,id_honest_baseline,1.594,True,"{""voter_id"": 175391}"
1782939522733,untrusted-client-0,2,checkin_honest_baseline,1.253,True,"{""voter_id"": 175391}"
1782939523960,untrusted-client-0,1,id_honest_baseline,1.595,True,"{""voter_id"": 179109}"
1782939523993,untrusted-client-0,2,checkin_honest_baseline,1.326,True,"{""voter_id"": 179109}"
1782939525215,untrusted-client-0,1,id_honest_baseline,1.159,True,"{""voter_id"": 222453}"
1782939525248,untrusted-client-0,2,checkin_honest_baseline,1.687,True,"{""voter_id"": 222453}"
1782939526468,untrusted-client-0,1,id_honest_baseline,1.295,True,"{""voter_id"": 131324}"
1782939526503,untrusted-client-0,2,checkin_honest_baseline,1.829,True,"{""voter_id"": 131324}"
1782939527714,untrusted-client-0,1,id_honest_baseline,1.289,True,"{""voter_id"": 258813}"
1782939527747,untrusted-client-0,2,checkin_honest_baseline,1.475,True,"{""voter_id"": 258813}"
1782939528954,untrusted-client-0,1,id_honest_baseline,1.146,True,"{""voter_id"": 317840}"
1782939528986,untrusted-client-0,2,checkin_honest_baseline,1.446,True,"{""voter_id"": 317840}"
1782939530195,untrusted-client-0,1,id_honest_baseline,1.955,True,"{""voter_id"": 320162}"
1782939530229,untrusted-client-0,2,checkin_honest_baseline,2.116,True,"{""voter_id"": 320162}"
1782939531442,untrusted-client-0,1,id_honest_baseline,1.174,True,"{""voter_id"": 283690}"
1782939531477,untrusted-client-0,2,checkin_honest_baseline,2.421,True,"{""voter_id"": 283690}"
1782939532688,untrusted-client-0,1,id_honest_baseline,1.905,True,"{""voter_id"": 308181}"
1782939532723,untrusted-client-0,2,checkin_honest_baseline,1.970,True,"{""voter_id"": 308181}"
1782939533943,untrusted-client-0,1,id_honest_baseline,1.225,True,"{""voter_id"": 121991}"
1782939533976,untrusted-client-0,2,checkin_honest_baseline,1.607,True,"{""voter_id"": 121991}"
1782939535191,untrusted-client-0,1,id_honest_baseline,1.698,True,"{""voter_id"": 348981}"
1782939535225,untrusted-client-0,2,checkin_honest_baseline,1.885,True,"{""voter_id"": 348981}"
1782939536437,untrusted-client-0,1,id_honest_baseline,1.756,True,"{""voter_id"": 173016}"
1782939536471,untrusted-client-0,2,checkin_honest_baseline,1.788,True,"{""voter_id"": 173016}"
1782939537678,untrusted-client-0,1,id_honest_baseline,1.404,True,"{""voter_id"": 122975}"
1782939537711,untrusted-client-0,2,checkin_honest_baseline,1.489,True,"{""voter_id"": 122975}"
1782939538918,untrusted-client-0,1,id_honest_baseline,1.410,True,"{""voter_id"": 227134}"
1782939538951,untrusted-client-0,2,checkin_honest_baseline,1.523,True,"{""voter_id"": 227134}"
1782939540161,untrusted-client-0,1,id_honest_baseline,1.441,True,"{""voter_id"": 347503}"
1782939540194,untrusted-client-0,2,checkin_honest_baseline,2.229,True,"{""voter_id"": 347503}"
1782939541411,untrusted-client-0,1,id_honest_baseline,1.483,True,"{""voter_id"": 182028}"
1782939541445,untrusted-client-0,2,checkin_honest_baseline,2.420,True,"{""voter_id"": 182028}"
1782939542656,untrusted-client-0,1,id_honest_baseline,1.401,True,"{""voter_id"": 270942}"
1782939542689,untrusted-client-0,2,checkin_honest_baseline,1.305,True,"{""voter_id"": 270942}"
1782939543903,untrusted-client-0,1,id_honest_baseline,1.524,True,"{""voter_id"": 338752}"
1782939543934,untrusted-client-0,2,checkin_honest_baseline,1.453,True,"{""voter_id"": 338752}"
1782939545147,untrusted-client-0,1,id_honest_baseline,1.458,True,"{""voter_id"": 181605}"
1782939545181,untrusted-client-0,2,checkin_honest_baseline,1.487,True,"{""voter_id"": 181605}"
1782939546398,untrusted-client-0,1,id_honest_baseline,1.694,True,"{""voter_id"": 172137}"
1782939546432,untrusted-client-0,2,checkin_honest_baseline,1.553,True,"{""voter_id"": 172137}"
1782939547662,untrusted-client-0,1,id_honest_baseline,1.382,True,"{""voter_id"": 205552}"
1782939547698,untrusted-client-0,2,checkin_honest_baseline,1.913,True,"{""voter_id"": 205552}"
1782939548917,untrusted-client-0,1,id_honest_baseline,1.422,True,"{""voter_id"": 219769}"
1782939548950,untrusted-client-0,2,checkin_honest_baseline,1.519,True,"{""voter_id"": 219769}"
1782939550176,untrusted-client-0,1,id_honest_baseline,1.703,True,"{""voter_id"": 251922}"
1782939550211,untrusted-client-0,2,checkin_honest_baseline,2.413,True,"{""voter_id"": 251922}"
1782939551441,untrusted-client-0,1,id_honest_baseline,1.809,True,"{""voter_id"": 149687}"
1782939551475,untrusted-client-0,2,checkin_honest_baseline,1.713,True,"{""voter_id"": 149687}"
1782939552707,untrusted-client-0,1,id_honest_baseline,1.487,True,"{""voter_id"": 234966}"
1782939552741,untrusted-client-0,2,checkin_honest_baseline,2.150,True,"{""voter_id"": 234966}"
1782939553965,untrusted-client-0,1,id_honest_baseline,1.330,True,"{""voter_id"": 299166}"
1782939553998,untrusted-client-0,2,checkin_honest_baseline,1.485,True,"{""voter_id"": 299166}"
1782939555233,untrusted-client-0,1,id_honest_baseline,1.394,True,"{""voter_id"": 329225}"
1782939555267,untrusted-client-0,2,checkin_honest_baseline,1.412,True,"{""voter_id"": 329225}"
1782939556499,untrusted-client-0,1,id_honest_baseline,1.784,True,"{""voter_id"": 313668}"
1782939556534,untrusted-client-0,2,checkin_honest_baseline,2.051,True,"{""voter_id"": 313668}"
1782939557782,untrusted-client-0,1,id_honest_baseline,1.395,True,"{""voter_id"": 254925}"
1782939557814,untrusted-client-0,2,checkin_honest_baseline,1.459,True,"{""voter_id"": 254925}"
1782939559050,untrusted-client-0,1,id_honest_baseline,1.396,True,"{""voter_id"": 283903}"
1782939559082,untrusted-client-0,2,checkin_honest_baseline,1.296,True,"{""voter_id"": 283903}"
1782939560315,untrusted-client-0,1,id_honest_baseline,2.036,True,"{""voter_id"": 336505}"
1782939560349,untrusted-client-0,2,checkin_honest_baseline,1.447,True,"{""voter_id"": 336505}"
1782939561591,untrusted-client-0,1,id_honest_baseline,1.625,True,"{""voter_id"": 200341}"
1782939561626,untrusted-client-0,2,checkin_honest_baseline,2.155,True,"{""voter_id"": 200341}"
1782939562870,untrusted-client-0,1,id_honest_baseline,1.467,True,"{""voter_id"": 207905}"
1782939562904,untrusted-client-0,2,checkin_honest_baseline,1.094,True,"{""voter_id"": 207905}"
1782939564141,untrusted-client-0,1,id_honest_baseline,1.715,True,"{""voter_id"": 164791}"
1782939564175,untrusted-client-0,2,checkin_honest_baseline,1.860,True,"{""voter_id"": 164791}"
1782939565409,untrusted-client-0,1,id_honest_baseline,1.828,True,"{""voter_id"": 278798}"
1782939565443,untrusted-client-0,2,checkin_honest_baseline,1.558,True,"{""voter_id"": 278798}"
1782939566681,untrusted-client-0,1,id_honest_baseline,2.230,True,"{""voter_id"": 144076}"
1782939566716,untrusted-client-0,2,checkin_honest_baseline,1.842,True,"{""voter_id"": 144076}"
1782939567954,untrusted-client-0,1,id_honest_baseline,1.640,True,"{""voter_id"": 124304}"
1782939567987,untrusted-client-0,2,checkin_honest_baseline,1.706,True,"{""voter_id"": 124304}"
1782939569218,untrusted-client-0,1,id_honest_baseline,1.115,True,"{""voter_id"": 341852}"
1782939569251,untrusted-client-0,2,checkin_honest_baseline,2.257,True,"{""voter_id"": 341852}"
1782939570488,untrusted-client-0,1,id_honest_baseline,1.345,True,"{""voter_id"": 219295}"
1782939570522,untrusted-client-0,2,checkin_honest_baseline,1.311,True,"{""voter_id"": 219295}"
1782939571768,untrusted-client-0,1,id_honest_baseline,2.003,True,"{""voter_id"": 203358}"
1782939571803,untrusted-client-0,2,checkin_honest_baseline,1.787,True,"{""voter_id"": 203358}"
1782939573042,untrusted-client-0,1,id_honest_baseline,1.415,True,"{""voter_id"": 221603}"
1782939573077,untrusted-client-0,2,checkin_honest_baseline,1.602,True,"{""voter_id"": 221603}"
1782939574304,untrusted-client-0,1,id_honest_baseline,1.610,True,"{""voter_id"": 324434}"
1782939574339,untrusted-client-0,2,checkin_honest_baseline,1.830,True,"{""voter_id"": 324434}"
1782939575568,untrusted-client-0,1,id_honest_baseline,1.497,True,"{""voter_id"": 245411}"
1782939575601,untrusted-client-0,2,checkin_honest_baseline,1.325,True,"{""voter_id"": 245411}"
1782939576828,untrusted-client-0,1,id_honest_baseline,1.696,True,"{""voter_id"": 258631}"
1782939576861,untrusted-client-0,2,checkin_honest_baseline,2.327,True,"{""voter_id"": 258631}"
1782939578085,untrusted-client-0,1,id_honest_baseline,1.465,True,"{""voter_id"": 271532}"
1782939578117,untrusted-client-0,2,checkin_honest_baseline,1.287,True,"{""voter_id"": 271532}"
1782939579343,untrusted-client-0,1,id_honest_baseline,1.634,True,"{""voter_id"": 172950}"
1782939579377,untrusted-client-0,2,checkin_honest_baseline,1.567,True,"{""voter_id"": 172950}"
1782939580605,untrusted-client-0,1,id_honest_baseline,1.296,True,"{""voter_id"": 128824}"
1782939580640,untrusted-client-0,2,checkin_honest_baseline,2.263,True,"{""voter_id"": 128824}"
1782939581875,untrusted-client-0,1,id_honest_baseline,1.589,True,"{""voter_id"": 318900}"
1782939581909,untrusted-client-0,2,checkin_honest_baseline,1.753,True,"{""voter_id"": 318900}"
1782939583151,untrusted-client-0,1,id_honest_baseline,1.325,True,"{""voter_id"": 291586}"
1782939583185,untrusted-client-0,2,checkin_honest_baseline,1.353,True,"{""voter_id"": 291586}"
1782939584418,untrusted-client-0,1,id_honest_baseline,1.502,True,"{""voter_id"": 244318}"
1782939584452,untrusted-client-0,2,checkin_honest_baseline,1.375,True,"{""voter_id"": 244318}"
1782939585682,untrusted-client-0,1,id_honest_baseline,1.239,True,"{""voter_id"": 223855}"
1782939585715,untrusted-client-0,2,checkin_honest_baseline,1.615,True,"{""voter_id"": 223855}"
1782939586944,untrusted-client-0,1,id_honest_baseline,1.888,True,"{""voter_id"": 185924}"
1782939586978,untrusted-client-0,2,checkin_honest_baseline,1.435,True,"{""voter_id"": 185924}"
1782939588202,untrusted-client-0,1,id_honest_baseline,1.435,True,"{""voter_id"": 150624}"
1782939588238,untrusted-client-0,2,checkin_honest_baseline,1.355,True,"{""voter_id"": 150624}"
1782939589456,untrusted-client-0,1,id_honest_baseline,1.875,True,"{""voter_id"": 132712}"
1782939589489,untrusted-client-0,2,checkin_honest_baseline,1.204,True,"{""voter_id"": 132712}"
1782939590713,untrusted-client-0,1,id_honest_baseline,1.621,True,"{""voter_id"": 334891}"
1782939590749,untrusted-client-0,2,checkin_honest_baseline,2.729,True,"{""voter_id"": 334891}"
1782939476716,untrusted-client-10,1,id_honest_baseline,1.529,True,"{""voter_id"": 233169}"
1782939476747,untrusted-client-10,2,checkin_honest_baseline,1.202,True,"{""voter_id"": 233169}"
1782939477945,untrusted-client-10,1,id_honest_baseline,1.344,True,"{""voter_id"": 116500}"
1782939477976,untrusted-client-10,2,checkin_honest_baseline,1.341,True,"{""voter_id"": 116500}"
1782939479176,untrusted-client-10,1,id_honest_baseline,1.606,True,"{""voter_id"": 181604}"
1782939479208,untrusted-client-10,2,checkin_honest_baseline,1.390,True,"{""voter_id"": 181604}"
1782939480410,untrusted-client-10,1,id_honest_baseline,1.324,True,"{""voter_id"": 137142}"
1782939480441,untrusted-client-10,2,checkin_honest_baseline,1.270,True,"{""voter_id"": 137142}"
1782939481653,untrusted-client-10,1,id_honest_baseline,1.263,True,"{""voter_id"": 211846}"
1782939481685,untrusted-client-10,2,checkin_honest_baseline,1.365,True,"{""voter_id"": 211846}"
1782939482891,untrusted-client-10,1,id_honest_baseline,1.453,True,"{""voter_id"": 289282}"
1782939482924,untrusted-client-10,2,checkin_honest_baseline,1.697,True,"{""voter_id"": 289282}"
1782939484127,untrusted-client-10,1,id_honest_baseline,1.401,True,"{""voter_id"": 304526}"
1782939484158,untrusted-client-10,2,checkin_honest_baseline,1.650,True,"{""voter_id"": 304526}"
1782939485362,untrusted-client-10,1,id_honest_baseline,1.467,True,"{""voter_id"": 181359}"
1782939485393,untrusted-client-10,2,checkin_honest_baseline,1.325,True,"{""voter_id"": 181359}"
1782939486597,untrusted-client-10,1,id_honest_baseline,4.588,True,"{""voter_id"": 330703}"
1782939486628,untrusted-client-10,2,checkin_honest_baseline,1.030,True,"{""voter_id"": 330703}"
1782939487826,untrusted-client-10,1,id_honest_baseline,2.016,True,"{""voter_id"": 282365}"
1782939487859,untrusted-client-10,2,checkin_honest_baseline,1.557,True,"{""voter_id"": 282365}"
1782939489065,untrusted-client-10,1,id_honest_baseline,2.641,True,"{""voter_id"": 339038}"
1782939489097,untrusted-client-10,2,checkin_honest_baseline,1.362,True,"{""voter_id"": 339038}"
1782939490327,untrusted-client-10,1,id_honest_baseline,1.735,True,"{""voter_id"": 218674}"
1782939490359,untrusted-client-10,2,checkin_honest_baseline,1.235,True,"{""voter_id"": 218674}"
1782939491570,untrusted-client-10,1,id_honest_baseline,1.998,True,"{""voter_id"": 333009}"
1782939491603,untrusted-client-10,2,checkin_honest_baseline,1.696,True,"{""voter_id"": 333009}"
1782939492822,untrusted-client-10,1,id_honest_baseline,1.767,True,"{""voter_id"": 205251}"
1782939492855,untrusted-client-10,2,checkin_honest_baseline,1.497,True,"{""voter_id"": 205251}"
1782939494069,untrusted-client-10,1,id_honest_baseline,1.432,True,"{""voter_id"": 120543}"
1782939494101,untrusted-client-10,2,checkin_honest_baseline,1.299,True,"{""voter_id"": 120543}"
1782939495310,untrusted-client-10,1,id_honest_baseline,1.302,True,"{""voter_id"": 185559}"
1782939495341,untrusted-client-10,2,checkin_honest_baseline,1.339,True,"{""voter_id"": 185559}"
1782939496553,untrusted-client-10,1,id_honest_baseline,1.791,True,"{""voter_id"": 177444}"
1782939496586,untrusted-client-10,2,checkin_honest_baseline,1.443,True,"{""voter_id"": 177444}"
1782939497792,untrusted-client-10,1,id_honest_baseline,2.852,True,"{""voter_id"": 199019}"
1782939497823,untrusted-client-10,2,checkin_honest_baseline,1.388,True,"{""voter_id"": 199019}"
1782939499021,untrusted-client-10,1,id_honest_baseline,1.258,True,"{""voter_id"": 228117}"
1782939499053,untrusted-client-10,2,checkin_honest_baseline,1.389,True,"{""voter_id"": 228117}"
1782939500253,untrusted-client-10,1,id_honest_baseline,2.062,True,"{""voter_id"": 121939}"
1782939500285,untrusted-client-10,2,checkin_honest_baseline,1.059,True,"{""voter_id"": 121939}"
1782939501509,untrusted-client-10,1,id_honest_baseline,1.574,True,"{""voter_id"": 103051}"
1782939501543,untrusted-client-10,2,checkin_honest_baseline,1.317,True,"{""voter_id"": 103051}"
1782939502768,untrusted-client-10,1,id_honest_baseline,2.120,True,"{""voter_id"": 262614}"
1782939502801,untrusted-client-10,2,checkin_honest_baseline,1.086,True,"{""voter_id"": 262614}"
1782939504014,untrusted-client-10,1,id_honest_baseline,1.604,True,"{""voter_id"": 307651}"
1782939504048,untrusted-client-10,2,checkin_honest_baseline,1.747,True,"{""voter_id"": 307651}"
1782939505256,untrusted-client-10,1,id_honest_baseline,2.037,True,"{""voter_id"": 337454}"
1782939505290,untrusted-client-10,2,checkin_honest_baseline,1.910,True,"{""voter_id"": 337454}"
1782939506504,untrusted-client-10,1,id_honest_baseline,1.767,True,"{""voter_id"": 247714}"
1782939506537,untrusted-client-10,2,checkin_honest_baseline,1.667,True,"{""voter_id"": 247714}"
1782939507750,untrusted-client-10,1,id_honest_baseline,1.433,True,"{""voter_id"": 103812}"
1782939507784,untrusted-client-10,2,checkin_honest_baseline,1.494,True,"{""voter_id"": 103812}"
1782939508999,untrusted-client-10,1,id_honest_baseline,1.416,True,"{""voter_id"": 155976}"
1782939509032,untrusted-client-10,2,checkin_honest_baseline,2.314,True,"{""voter_id"": 155976}"
1782939510237,untrusted-client-10,1,id_honest_baseline,2.038,True,"{""voter_id"": 225381}"
1782939510273,untrusted-client-10,2,checkin_honest_baseline,4.296,True,"{""voter_id"": 225381}"
1782939511493,untrusted-client-10,1,id_honest_baseline,1.974,True,"{""voter_id"": 160818}"
1782939511526,untrusted-client-10,2,checkin_honest_baseline,1.515,True,"{""voter_id"": 160818}"
1782939512739,untrusted-client-10,1,id_honest_baseline,1.458,True,"{""voter_id"": 112298}"
1782939512770,untrusted-client-10,2,checkin_honest_baseline,1.277,True,"{""voter_id"": 112298}"
1782939513980,untrusted-client-10,1,id_honest_baseline,1.326,True,"{""voter_id"": 254926}"
1782939514015,untrusted-client-10,2,checkin_honest_baseline,1.291,True,"{""voter_id"": 254926}"
1782939515226,untrusted-client-10,1,id_honest_baseline,1.657,True,"{""voter_id"": 152037}"
1782939515259,untrusted-client-10,2,checkin_honest_baseline,1.499,True,"{""voter_id"": 152037}"
1782939516471,untrusted-client-10,1,id_honest_baseline,1.576,True,"{""voter_id"": 346610}"
1782939516505,untrusted-client-10,2,checkin_honest_baseline,1.776,True,"{""voter_id"": 346610}"
1782939517738,untrusted-client-10,1,id_honest_baseline,2.100,True,"{""voter_id"": 103763}"
1782939517770,untrusted-client-10,2,checkin_honest_baseline,1.238,True,"{""voter_id"": 103763}"
1782939518988,untrusted-client-10,1,id_honest_baseline,1.468,True,"{""voter_id"": 184809}"
1782939519022,untrusted-client-10,2,checkin_honest_baseline,1.893,True,"{""voter_id"": 184809}"
1782939520233,untrusted-client-10,1,id_honest_baseline,1.351,True,"{""voter_id"": 156187}"
1782939520266,untrusted-client-10,2,checkin_honest_baseline,1.325,True,"{""voter_id"": 156187}"
1782939521484,untrusted-client-10,1,id_honest_baseline,1.139,True,"{""voter_id"": 143956}"
1782939521517,untrusted-client-10,2,checkin_honest_baseline,1.073,True,"{""voter_id"": 143956}"
1782939522733,untrusted-client-10,1,id_honest_baseline,1.457,True,"{""voter_id"": 273806}"
1782939522767,untrusted-client-10,2,checkin_honest_baseline,2.396,True,"{""voter_id"": 273806}"
1782939523994,untrusted-client-10,1,id_honest_baseline,1.473,True,"{""voter_id"": 158874}"
1782939524028,untrusted-client-10,2,checkin_honest_baseline,1.180,True,"{""voter_id"": 158874}"
1782939525254,untrusted-client-10,1,id_honest_baseline,1.553,True,"{""voter_id"": 104788}"
1782939525287,untrusted-client-10,2,checkin_honest_baseline,1.431,True,"{""voter_id"": 104788}"
1782939526509,untrusted-client-10,1,id_honest_baseline,1.299,True,"{""voter_id"": 158038}"
1782939526543,untrusted-client-10,2,checkin_honest_baseline,1.477,True,"{""voter_id"": 158038}"
1782939527749,untrusted-client-10,1,id_honest_baseline,1.508,True,"{""voter_id"": 226227}"
1782939527782,untrusted-client-10,2,checkin_honest_baseline,1.359,True,"{""voter_id"": 226227}"
1782939528992,untrusted-client-10,1,id_honest_baseline,1.472,True,"{""voter_id"": 235423}"
1782939529026,untrusted-client-10,2,checkin_honest_baseline,1.596,True,"{""voter_id"": 235423}"
1782939530234,untrusted-client-10,1,id_honest_baseline,1.433,True,"{""voter_id"": 199386}"
1782939530266,untrusted-client-10,2,checkin_honest_baseline,1.325,True,"{""voter_id"": 199386}"
1782939531477,untrusted-client-10,1,id_honest_baseline,2.522,True,"{""voter_id"": 123273}"
1782939531511,untrusted-client-10,2,checkin_honest_baseline,1.230,True,"{""voter_id"": 123273}"
1782939532731,untrusted-client-10,1,id_honest_baseline,1.615,True,"{""voter_id"": 253694}"
1782939532764,untrusted-client-10,2,checkin_honest_baseline,1.501,True,"{""voter_id"": 253694}"
1782939533980,untrusted-client-10,1,id_honest_baseline,1.496,True,"{""voter_id"": 128455}"
1782939534015,untrusted-client-10,2,checkin_honest_baseline,2.333,True,"{""voter_id"": 128455}"
1782939535226,untrusted-client-10,1,id_honest_baseline,1.523,True,"{""voter_id"": 128455}"
1782939535260,untrusted-client-10,2,checkin_honest_baseline,1.819,True,"{""voter_id"": 128455}"
1782939536460,untrusted-client-10,1,id_honest_baseline,1.880,True,"{""voter_id"": 218985}"
1782939536494,untrusted-client-10,2,checkin_honest_baseline,1.531,True,"{""voter_id"": 218985}"
1782939537704,untrusted-client-10,1,id_honest_baseline,1.714,True,"{""voter_id"": 283692}"
1782939537736,untrusted-client-10,2,checkin_honest_baseline,1.372,True,"{""voter_id"": 283692}"
1782939538947,untrusted-client-10,1,id_honest_baseline,1.631,True,"{""voter_id"": 347624}"
1782939538981,untrusted-client-10,2,checkin_honest_baseline,2.129,True,"{""voter_id"": 347624}"
1782939540189,untrusted-client-10,1,id_honest_baseline,1.349,True,"{""voter_id"": 207895}"
1782939540222,untrusted-client-10,2,checkin_honest_baseline,1.793,True,"{""voter_id"": 207895}"
1782939541446,untrusted-client-10,1,id_honest_baseline,1.673,True,"{""voter_id"": 327771}"
1782939541478,untrusted-client-10,2,checkin_honest_baseline,1.399,True,"{""voter_id"": 327771}"
1782939542687,untrusted-client-10,1,id_honest_baseline,1.729,True,"{""voter_id"": 162564}"
1782939542720,untrusted-client-10,2,checkin_honest_baseline,1.405,True,"{""voter_id"": 162564}"
1782939543930,untrusted-client-10,1,id_honest_baseline,1.430,True,"{""voter_id"": 276053}"
1782939543964,untrusted-client-10,2,checkin_honest_baseline,1.922,True,"{""voter_id"": 276053}"
1782939545171,untrusted-client-10,1,id_honest_baseline,1.411,True,"{""voter_id"": 325775}"
1782939545205,untrusted-client-10,2,checkin_honest_baseline,1.476,True,"{""voter_id"": 325775}"
1782939546418,untrusted-client-10,1,id_honest_baseline,1.665,True,"{""voter_id"": 194845}"
1782939546452,untrusted-client-10,2,checkin_honest_baseline,1.818,True,"{""voter_id"": 194845}"
1782939547686,untrusted-client-10,1,id_honest_baseline,1.582,True,"{""voter_id"": 184583}"
1782939547720,untrusted-client-10,2,checkin_honest_baseline,1.953,True,"{""voter_id"": 184583}"
1782939548944,untrusted-client-10,1,id_honest_baseline,1.430,True,"{""voter_id"": 206261}"
1782939548978,untrusted-client-10,2,checkin_honest_baseline,1.245,True,"{""voter_id"": 206261}"
1782939550202,untrusted-client-10,1,id_honest_baseline,1.899,True,"{""voter_id"": 158083}"
1782939550236,untrusted-client-10,2,checkin_honest_baseline,1.825,True,"{""voter_id"": 158083}"
1782939551463,untrusted-client-10,1,id_honest_baseline,1.882,True,"{""voter_id"": 294783}"
1782939551499,untrusted-client-10,2,checkin_honest_baseline,2.232,True,"{""voter_id"": 294783}"
1782939552741,untrusted-client-10,1,id_honest_baseline,2.215,True,"{""voter_id"": 202148}"
1782939552774,untrusted-client-10,2,checkin_honest_baseline,1.765,True,"{""voter_id"": 202148}"
1782939554001,untrusted-client-10,1,id_honest_baseline,1.303,True,"{""voter_id"": 314932}"
1782939554035,untrusted-client-10,2,checkin_honest_baseline,1.086,True,"{""voter_id"": 314932}"
1782939555260,untrusted-client-10,1,id_honest_baseline,1.771,True,"{""voter_id"": 330710}"
1782939555296,untrusted-client-10,2,checkin_honest_baseline,1.593,True,"{""voter_id"": 330710}"
1782939556528,untrusted-client-10,1,id_honest_baseline,1.340,True,"{""voter_id"": 289282}"
1782939556562,untrusted-client-10,2,checkin_honest_baseline,1.303,True,"{""voter_id"": 289282}"
1782939557810,untrusted-client-10,1,id_honest_baseline,1.433,True,"{""voter_id"": 269236}"
1782939557842,untrusted-client-10,2,checkin_honest_baseline,1.089,True,"{""voter_id"": 269236}"
1782939559078,untrusted-client-10,1,id_honest_baseline,1.448,True,"{""voter_id"": 225384}"
1782939559112,untrusted-client-10,2,checkin_honest_baseline,1.472,True,"{""voter_id"": 225384}"
1782939560351,untrusted-client-10,1,id_honest_baseline,1.184,True,"{""voter_id"": 172954}"
1782939560386,untrusted-client-10,2,checkin_honest_baseline,1.388,True,"{""voter_id"": 172954}"
1782939561627,untrusted-client-10,1,id_honest_baseline,1.574,True,"{""voter_id"": 231576}"
1782939561661,untrusted-client-10,2,checkin_honest_baseline,1.129,True,"{""voter_id"": 231576}"
1782939562902,untrusted-client-10,1,id_honest_baseline,1.741,True,"{""voter_id"": 205549}"
1782939562936,untrusted-client-10,2,checkin_honest_baseline,1.287,True,"{""voter_id"": 205549}"
1782939564165,untrusted-client-10,1,id_honest_baseline,1.577,True,"{""voter_id"": 139357}"
1782939564199,untrusted-client-10,2,checkin_honest_baseline,1.979,True,"{""voter_id"": 139357}"
1782939565428,untrusted-client-10,1,id_honest_baseline,2.508,True,"{""voter_id"": 334893}"
1782939565461,untrusted-client-10,2,checkin_honest_baseline,1.147,True,"{""voter_id"": 334893}"
1782939566697,untrusted-client-10,1,id_honest_baseline,1.723,True,"{""voter_id"": 103657}"
1782939566731,untrusted-client-10,2,checkin_honest_baseline,1.632,True,"{""voter_id"": 103657}"
1782939567966,untrusted-client-10,1,id_honest_baseline,1.470,True,"{""voter_id"": 117429}"
1782939568000,untrusted-client-10,2,checkin_honest_baseline,1.372,True,"{""voter_id"": 117429}"
1782939569235,untrusted-client-10,1,id_honest_baseline,1.514,True,"{""voter_id"": 111102}"
1782939569268,untrusted-client-10,2,checkin_honest_baseline,1.456,True,"{""voter_id"": 111102}"
1782939570515,untrusted-client-10,1,id_honest_baseline,1.742,True,"{""voter_id"": 302222}"
1782939570549,untrusted-client-10,2,checkin_honest_baseline,1.625,True,"{""voter_id"": 302222}"
1782939571784,untrusted-client-10,1,id_honest_baseline,1.787,True,"{""voter_id"": 329351}"
1782939571819,untrusted-client-10,2,checkin_honest_baseline,1.473,True,"{""voter_id"": 329351}"
1782939573058,untrusted-client-10,1,id_honest_baseline,1.592,True,"{""voter_id"": 253695}"
1782939573093,untrusted-client-10,2,checkin_honest_baseline,1.738,True,"{""voter_id"": 253695}"
1782939574321,untrusted-client-10,1,id_honest_baseline,1.069,True,"{""voter_id"": 331636}"
1782939574354,untrusted-client-10,2,checkin_honest_baseline,0.970,True,"{""voter_id"": 331636}"
1782939575583,untrusted-client-10,1,id_honest_baseline,1.163,True,"{""voter_id"": 154655}"
1782939575616,untrusted-client-10,2,checkin_honest_baseline,1.070,True,"{""voter_id"": 154655}"
1782939576847,untrusted-client-10,1,id_honest_baseline,1.288,True,"{""voter_id"": 163048}"
1782939576881,untrusted-client-10,2,checkin_honest_baseline,1.580,True,"{""voter_id"": 163048}"
1782939578110,untrusted-client-10,1,id_honest_baseline,1.734,True,"{""voter_id"": 235424}"
1782939578144,untrusted-client-10,2,checkin_honest_baseline,1.421,True,"{""voter_id"": 235424}"
1782939579370,untrusted-client-10,1,id_honest_baseline,1.657,True,"{""voter_id"": 242955}"
1782939579404,untrusted-client-10,2,checkin_honest_baseline,1.309,True,"{""voter_id"": 242955}"
1782939580641,untrusted-client-10,1,id_honest_baseline,2.479,True,"{""voter_id"": 185559}"
1782939580675,untrusted-client-10,2,checkin_honest_baseline,1.541,True,"{""voter_id"": 185559}"
1782939581919,untrusted-client-10,1,id_honest_baseline,1.279,True,"{""voter_id"": 186195}"
1782939581953,untrusted-client-10,2,checkin_honest_baseline,1.416,True,"{""voter_id"": 186195}"
1782939583202,untrusted-client-10,1,id_honest_baseline,2.035,True,"{""voter_id"": 256955}"
1782939583238,untrusted-client-10,2,checkin_honest_baseline,1.320,True,"{""voter_id"": 256955}"
1782939584466,untrusted-client-10,1,id_honest_baseline,1.635,True,"{""voter_id"": 240717}"
1782939584501,untrusted-client-10,2,checkin_honest_baseline,1.179,True,"{""voter_id"": 240717}"
1782939585721,untrusted-client-10,1,id_honest_baseline,1.626,True,"{""voter_id"": 322235}"
1782939585754,untrusted-client-10,2,checkin_honest_baseline,1.139,True,"{""voter_id"": 322235}"
1782939586974,untrusted-client-10,1,id_honest_baseline,1.996,True,"{""voter_id"": 173694}"
1782939587010,untrusted-client-10,2,checkin_honest_baseline,1.763,True,"{""voter_id"": 173694}"
1782939588238,untrusted-client-10,1,id_honest_baseline,2.362,True,"{""voter_id"": 209566}"
1782939588275,untrusted-client-10,2,checkin_honest_baseline,1.512,True,"{""voter_id"": 209566}"
1782939589494,untrusted-client-10,1,id_honest_baseline,1.728,True,"{""voter_id"": 176552}"
1782939589530,untrusted-client-10,2,checkin_honest_baseline,1.416,True,"{""voter_id"": 176552}"
1782939590750,untrusted-client-10,1,id_honest_baseline,1.893,True,"{""voter_id"": 297977}"
1782939590786,untrusted-client-10,2,checkin_honest_baseline,1.325,True,"{""voter_id"": 297977}"
1782939592004,untrusted-client-10,1,id_honest_baseline,1.693,True,"{""voter_id"": 296130}"
1782939592039,untrusted-client-10,2,checkin_honest_baseline,2.059,True,"{""voter_id"": 296130}"
1782939593253,untrusted-client-10,1,id_honest_baseline,2.249,True,"{""voter_id"": 101298}"
1782939593288,untrusted-client-10,2,checkin_honest_baseline,2.010,True,"{""voter_id"": 101298}"
1782939594504,untrusted-client-10,1,id_honest_baseline,1.464,True,"{""voter_id"": 168570}"
1782939594538,untrusted-client-10,2,checkin_honest_baseline,1.561,True,"{""voter_id"": 168570}"
1782939595752,untrusted-client-10,1,id_honest_baseline,1.438,True,"{""voter_id"": 236043}"
1782939595786,untrusted-client-10,2,checkin_honest_baseline,1.533,True,"{""voter_id"": 236043}"
1782939597004,untrusted-client-10,1,id_honest_baseline,1.508,True,"{""voter_id"": 114917}"
1782939597037,untrusted-client-10,2,checkin_honest_baseline,1.427,True,"{""voter_id"": 114917}"
1782939598247,untrusted-client-10,1,id_honest_baseline,1.307,True,"{""voter_id"": 117692}"
1782939598280,untrusted-client-10,2,checkin_honest_baseline,1.510,True,"{""voter_id"": 117692}"
1782939599491,untrusted-client-10,1,id_honest_baseline,1.133,True,"{""voter_id"": 344345}"
1782939599523,untrusted-client-10,2,checkin_honest_baseline,1.305,True,"{""voter_id"": 344345}"
1782939600735,untrusted-client-10,1,id_honest_baseline,1.539,True,"{""voter_id"": 257625}"
1782939600768,untrusted-client-10,2,checkin_honest_baseline,1.850,True,"{""voter_id"": 257625}"
1782939486764,untrusted-client-12,1,id_honest_baseline,1.569,True,"{""voter_id"": 211847}"
1782939486795,untrusted-client-12,2,checkin_honest_baseline,1.489,True,"{""voter_id"": 211847}"
1782939487998,untrusted-client-12,1,id_honest_baseline,1.494,True,"{""voter_id"": 298767}"
1782939488031,untrusted-client-12,2,checkin_honest_baseline,1.613,True,"{""voter_id"": 298767}"
1782939489234,untrusted-client-12,1,id_honest_baseline,1.811,True,"{""voter_id"": 333653}"
1782939489265,untrusted-client-12,2,checkin_honest_baseline,1.754,True,"{""voter_id"": 333653}"
1782939490482,untrusted-client-12,1,id_honest_baseline,1.436,True,"{""voter_id"": 305996}"
1782939490514,untrusted-client-12,2,checkin_honest_baseline,1.407,True,"{""voter_id"": 305996}"
1782939491727,untrusted-client-12,1,id_honest_baseline,1.635,True,"{""voter_id"": 278054}"
1782939491758,untrusted-client-12,2,checkin_honest_baseline,1.357,True,"{""voter_id"": 278054}"
1782939492965,untrusted-client-12,1,id_honest_baseline,1.562,True,"{""voter_id"": 271568}"
1782939492996,untrusted-client-12,2,checkin_honest_baseline,1.419,True,"{""voter_id"": 271568}"
1782939494212,untrusted-client-12,1,id_honest_baseline,1.391,True,"{""voter_id"": 111115}"
1782939494244,untrusted-client-12,2,checkin_honest_baseline,1.808,True,"{""voter_id"": 111115}"
1782939495448,untrusted-client-12,1,id_honest_baseline,1.415,True,"{""voter_id"": 321406}"
1782939495478,untrusted-client-12,2,checkin_honest_baseline,1.353,True,"{""voter_id"": 321406}"
1782939496696,untrusted-client-12,1,id_honest_baseline,1.344,True,"{""voter_id"": 313322}"
1782939496727,untrusted-client-12,2,checkin_honest_baseline,1.234,True,"{""voter_id"": 313322}"
1782939497937,untrusted-client-12,1,id_honest_baseline,1.391,True,"{""voter_id"": 301349}"
1782939497969,untrusted-client-12,2,checkin_honest_baseline,1.382,True,"{""voter_id"": 301349}"
1782939499183,untrusted-client-12,1,id_honest_baseline,1.280,True,"{""voter_id"": 189695}"
1782939499215,untrusted-client-12,2,checkin_honest_baseline,1.362,True,"{""voter_id"": 189695}"
1782939500435,untrusted-client-12,1,id_honest_baseline,1.292,True,"{""voter_id"": 224836}"
1782939500467,untrusted-client-12,2,checkin_honest_baseline,1.587,True,"{""voter_id"": 224836}"
1782939501695,untrusted-client-12,1,id_honest_baseline,1.468,True,"{""voter_id"": 302222}"
1782939501727,untrusted-client-12,2,checkin_honest_baseline,1.362,True,"{""voter_id"": 302222}"
1782939502946,untrusted-client-12,1,id_honest_baseline,1.695,True,"{""voter_id"": 241634}"
1782939502977,untrusted-client-12,2,checkin_honest_baseline,1.391,True,"{""voter_id"": 241634}"
1782939504198,untrusted-client-12,1,id_honest_baseline,1.418,True,"{""voter_id"": 210420}"
1782939504229,untrusted-client-12,2,checkin_honest_baseline,1.207,True,"{""voter_id"": 210420}"
1782939505444,untrusted-client-12,1,id_honest_baseline,1.445,True,"{""voter_id"": 295189}"
1782939505477,untrusted-client-12,2,checkin_honest_baseline,1.340,True,"{""voter_id"": 295189}"
1782939506697,untrusted-client-12,1,id_honest_baseline,1.378,True,"{""voter_id"": 236417}"
1782939506732,untrusted-client-12,2,checkin_honest_baseline,3.022,True,"{""voter_id"": 236417}"
1782939507953,untrusted-client-12,1,id_honest_baseline,1.983,True,"{""voter_id"": 179109}"
1782939507986,untrusted-client-12,2,checkin_honest_baseline,1.606,True,"{""voter_id"": 179109}"
1782939509208,untrusted-client-12,1,id_honest_baseline,1.604,True,"{""voter_id"": 106672}"
1782939509242,untrusted-client-12,2,checkin_honest_baseline,1.698,True,"{""voter_id"": 106672}"
1782939510466,untrusted-client-12,1,id_honest_baseline,1.761,True,"{""voter_id"": 297476}"
1782939510501,untrusted-client-12,2,checkin_honest_baseline,1.480,True,"{""voter_id"": 297476}"
1782939511719,untrusted-client-12,1,id_honest_baseline,1.670,True,"{""voter_id"": 225691}"
1782939511752,untrusted-client-12,2,checkin_honest_baseline,1.611,True,"{""voter_id"": 225691}"
1782939512978,untrusted-client-12,1,id_honest_baseline,2.831,True,"{""voter_id"": 295354}"
1782939513012,untrusted-client-12,2,checkin_honest_baseline,2.144,True,"{""voter_id"": 295354}"
1782939514254,untrusted-client-12,1,id_honest_baseline,2.275,True,"{""voter_id"": 166428}"
1782939514290,untrusted-client-12,2,checkin_honest_baseline,1.846,True,"{""voter_id"": 166428}"
1782939515507,untrusted-client-12,1,id_honest_baseline,1.361,True,"{""voter_id"": 284511}"
1782939515540,untrusted-client-12,2,checkin_honest_baseline,1.409,True,"{""voter_id"": 284511}"
1782939516762,untrusted-client-12,1,id_honest_baseline,1.749,True,"{""voter_id"": 304176}"
1782939516800,untrusted-client-12,2,checkin_honest_baseline,1.239,True,"{""voter_id"": 304176}"
1782939518018,untrusted-client-12,1,id_honest_baseline,1.599,True,"{""voter_id"": 111111}"
1782939518052,untrusted-client-12,2,checkin_honest_baseline,1.870,True,"{""voter_id"": 111111}"
1782939519272,untrusted-client-12,1,id_honest_baseline,3.999,True,"{""voter_id"": 189694}"
1782939519308,untrusted-client-12,2,checkin_honest_baseline,2.066,True,"{""voter_id"": 189694}"
1782939520533,untrusted-client-12,1,id_honest_baseline,1.439,True,"{""voter_id"": 308182}"
1782939520567,untrusted-client-12,2,checkin_honest_baseline,1.223,True,"{""voter_id"": 308182}"
1782939521794,untrusted-client-12,1,id_honest_baseline,1.483,True,"{""voter_id"": 162093}"
1782939521829,untrusted-client-12,2,checkin_honest_baseline,1.211,True,"{""voter_id"": 162093}"
1782939523061,untrusted-client-12,1,id_honest_baseline,1.471,True,"{""voter_id"": 234968}"
1782939523097,untrusted-client-12,2,checkin_honest_baseline,1.379,True,"{""voter_id"": 234968}"
1782939524342,untrusted-client-12,1,id_honest_baseline,1.466,True,"{""voter_id"": 147330}"
1782939524381,untrusted-client-12,2,checkin_honest_baseline,2.146,True,"{""voter_id"": 147330}"
1782939525602,untrusted-client-12,1,id_honest_baseline,1.357,True,"{""voter_id"": 300232}"
1782939525640,untrusted-client-12,2,checkin_honest_baseline,1.601,True,"{""voter_id"": 300232}"
1782939526877,untrusted-client-12,1,id_honest_baseline,1.490,True,"{""voter_id"": 261938}"
1782939526915,untrusted-client-12,2,checkin_honest_baseline,1.404,True,"{""voter_id"": 261938}"
1782939528141,untrusted-client-12,1,id_honest_baseline,2.429,True,"{""voter_id"": 104788}"
1782939528177,untrusted-client-12,2,checkin_honest_baseline,1.886,True,"{""voter_id"": 104788}"
1782939529392,untrusted-client-12,1,id_honest_baseline,1.714,True,"{""voter_id"": 232519}"
1782939529429,untrusted-client-12,2,checkin_honest_baseline,3.886,True,"{""voter_id"": 232519}"
1782939530648,untrusted-client-12,1,id_honest_baseline,1.454,True,"{""voter_id"": 222455}"
1782939530683,untrusted-client-12,2,checkin_honest_baseline,1.289,True,"{""voter_id"": 222455}"
1782939531896,untrusted-client-12,1,id_honest_baseline,1.641,True,"{""voter_id"": 120226}"
1782939531929,untrusted-client-12,2,checkin_honest_baseline,1.262,True,"{""voter_id"": 120226}"
1782939533143,untrusted-client-12,1,id_honest_baseline,1.446,True,"{""voter_id"": 213227}"
1782939533177,untrusted-client-12,2,checkin_honest_baseline,1.590,True,"{""voter_id"": 213227}"
1782939534398,untrusted-client-12,1,id_honest_baseline,1.671,True,"{""voter_id"": 321820}"
1782939534431,untrusted-client-12,2,checkin_honest_baseline,1.547,True,"{""voter_id"": 321820}"
1782939535637,untrusted-client-12,1,id_honest_baseline,1.688,True,"{""voter_id"": 126771}"
1782939535670,untrusted-client-12,2,checkin_honest_baseline,1.598,True,"{""voter_id"": 126771}"
1782939536874,untrusted-client-12,1,id_honest_baseline,1.654,True,"{""voter_id"": 305840}"
1782939536907,untrusted-client-12,2,checkin_honest_baseline,1.317,True,"{""voter_id"": 305840}"
1782939538107,untrusted-client-12,1,id_honest_baseline,1.423,True,"{""voter_id"": 146857}"
1782939538138,untrusted-client-12,2,checkin_honest_baseline,1.654,True,"{""voter_id"": 146857}"
1782939539335,untrusted-client-12,1,id_honest_baseline,1.371,True,"{""voter_id"": 279946}"
1782939539367,untrusted-client-12,2,checkin_honest_baseline,1.387,True,"{""voter_id"": 279946}"
1782939540570,untrusted-client-12,1,id_honest_baseline,1.623,True,"{""voter_id"": 316917}"
1782939540603,untrusted-client-12,2,checkin_honest_baseline,1.350,True,"{""voter_id"": 316917}"
1782939541809,untrusted-client-12,1,id_honest_baseline,1.544,True,"{""voter_id"": 111101}"
1782939541841,untrusted-client-12,2,checkin_honest_baseline,1.288,True,"{""voter_id"": 111101}"
1782939543042,untrusted-client-12,1,id_honest_baseline,1.794,True,"{""voter_id"": 252907}"
1782939543076,untrusted-client-12,2,checkin_honest_baseline,1.378,True,"{""voter_id"": 252907}"
1782939544275,untrusted-client-12,1,id_honest_baseline,1.673,True,"{""voter_id"": 138031}"
1782939544307,untrusted-client-12,2,checkin_honest_baseline,1.664,True,"{""voter_id"": 138031}"
1782939545502,untrusted-client-12,1,id_honest_baseline,1.466,True,"{""voter_id"": 300874}"
1782939545533,untrusted-client-12,2,checkin_honest_baseline,1.332,True,"{""voter_id"": 300874}"
1782939546729,untrusted-client-12,1,id_honest_baseline,1.512,True,"{""voter_id"": 224835}"
1782939546763,untrusted-client-12,2,checkin_honest_baseline,1.320,True,"{""voter_id"": 224835}"
1782939547971,untrusted-client-12,1,id_honest_baseline,1.655,True,"{""voter_id"": 184676}"
1782939548003,untrusted-client-12,2,checkin_honest_baseline,1.457,True,"{""voter_id"": 184676}"
1782939549202,untrusted-client-12,1,id_honest_baseline,1.444,True,"{""voter_id"": 131269}"
1782939549234,untrusted-client-12,2,checkin_honest_baseline,1.367,True,"{""voter_id"": 131269}"
1782939550450,untrusted-client-12,1,id_honest_baseline,1.441,True,"{""voter_id"": 159285}"
1782939550483,untrusted-client-12,2,checkin_honest_baseline,1.606,True,"{""voter_id"": 159285}"
1782939551701,untrusted-client-12,1,id_honest_baseline,1.642,True,"{""voter_id"": 184583}"
1782939551734,untrusted-client-12,2,checkin_honest_baseline,1.515,True,"{""voter_id"": 184583}"
1782939552947,untrusted-client-12,1,id_honest_baseline,1.444,True,"{""voter_id"": 326712}"
1782939552979,untrusted-client-12,2,checkin_honest_baseline,1.729,True,"{""voter_id"": 326712}"
1782939554187,untrusted-client-12,1,id_honest_baseline,1.814,True,"{""voter_id"": 143642}"
1782939554219,untrusted-client-12,2,checkin_honest_baseline,1.657,True,"{""voter_id"": 143642}"
1782939555429,untrusted-client-12,1,id_honest_baseline,1.685,True,"{""voter_id"": 113510}"
1782939555461,untrusted-client-12,2,checkin_honest_baseline,1.333,True,"{""voter_id"": 113510}"
1782939556678,untrusted-client-12,1,id_honest_baseline,1.736,True,"{""voter_id"": 334894}"
1782939556710,untrusted-client-12,2,checkin_honest_baseline,1.738,True,"{""voter_id"": 334894}"
1782939557928,untrusted-client-12,1,id_honest_baseline,1.461,True,"{""voter_id"": 302222}"
1782939557963,untrusted-client-12,2,checkin_honest_baseline,1.541,True,"{""voter_id"": 302222}"
1782939559184,untrusted-client-12,1,id_honest_baseline,1.437,True,"{""voter_id"": 320196}"
1782939559216,untrusted-client-12,2,checkin_honest_baseline,1.425,True,"{""voter_id"": 320196}"
1782939560434,untrusted-client-12,1,id_honest_baseline,1.305,True,"{""voter_id"": 261940}"
1782939560468,untrusted-client-12,2,checkin_honest_baseline,1.609,True,"{""voter_id"": 261940}"
1782939561701,untrusted-client-12,1,id_honest_baseline,1.477,True,"{""voter_id"": 194055}"
1782939561735,untrusted-client-12,2,checkin_honest_baseline,1.521,True,"{""voter_id"": 194055}"
1782939562966,untrusted-client-12,1,id_honest_baseline,1.469,True,"{""voter_id"": 246240}"
1782939562998,untrusted-client-12,2,checkin_honest_baseline,1.155,True,"{""voter_id"": 246240}"
1782939564216,untrusted-client-12,1,id_honest_baseline,1.335,True,"{""voter_id"": 313925}"
1782939564249,untrusted-client-12,2,checkin_honest_baseline,1.492,True,"{""voter_id"": 313925}"
1782939565466,untrusted-client-12,1,id_honest_baseline,2.101,True,"{""voter_id"": 269125}"
1782939565499,untrusted-client-12,2,checkin_honest_baseline,1.604,True,"{""voter_id"": 269125}"
1782939566727,untrusted-client-12,1,id_honest_baseline,1.769,True,"{""voter_id"": 110685}"
1782939566760,untrusted-client-12,2,checkin_honest_baseline,1.412,True,"{""voter_id"": 110685}"
1782939567992,untrusted-client-12,1,id_honest_baseline,1.764,True,"{""voter_id"": 166875}"
1782939568027,untrusted-client-12,2,checkin_honest_baseline,2.438,True,"{""voter_id"": 166875}"
1782939569252,untrusted-client-12,1,id_honest_baseline,2.683,True,"{""voter_id"": 325215}"
1782939569286,untrusted-client-12,2,checkin_honest_baseline,1.422,True,"{""voter_id"": 325215}"
1782939570520,untrusted-client-12,1,id_honest_baseline,1.363,True,"{""voter_id"": 346197}"
1782939570552,untrusted-client-12,2,checkin_honest_baseline,1.094,True,"{""voter_id"": 346197}"
1782939571786,untrusted-client-12,1,id_honest_baseline,1.353,True,"{""voter_id"": 278458}"
1782939571821,untrusted-client-12,2,checkin_honest_baseline,0.988,True,"{""voter_id"": 278458}"
1782939573060,untrusted-client-12,1,id_honest_baseline,1.876,True,"{""voter_id"": 344501}"
1782939573094,untrusted-client-12,2,checkin_honest_baseline,1.350,True,"{""voter_id"": 344501}"
1782939574319,untrusted-client-12,1,id_honest_baseline,1.551,True,"{""voter_id"": 237345}"
1782939574353,untrusted-client-12,2,checkin_honest_baseline,1.373,True,"{""voter_id"": 237345}"
1782939575581,untrusted-client-12,1,id_honest_baseline,1.393,True,"{""voter_id"": 329351}"
1782939575614,untrusted-client-12,2,checkin_honest_baseline,1.308,True,"{""voter_id"": 329351}"
1782939576845,untrusted-client-12,1,id_honest_baseline,1.663,True,"{""voter_id"": 313517}"
1782939576879,untrusted-client-12,2,checkin_honest_baseline,1.453,True,"{""voter_id"": 313517}"
1782939578113,untrusted-client-12,1,id_honest_baseline,1.392,True,"{""voter_id"": 198376}"
1782939578146,untrusted-client-12,2,checkin_honest_baseline,0.789,True,"{""voter_id"": 198376}"
1782939579374,untrusted-client-12,1,id_honest_baseline,1.547,True,"{""voter_id"": 313517}"
1782939579408,untrusted-client-12,2,checkin_honest_baseline,1.966,True,"{""voter_id"": 313517}"
1782939580636,untrusted-client-12,1,id_honest_baseline,1.758,True,"{""voter_id"": 323075}"
1782939580669,untrusted-client-12,2,checkin_honest_baseline,1.159,True,"{""voter_id"": 323075}"
1782939581916,untrusted-client-12,1,id_honest_baseline,1.352,True,"{""voter_id"": 165939}"
1782939581949,untrusted-client-12,2,checkin_honest_baseline,1.263,True,"{""voter_id"": 165939}"
1782939583201,untrusted-client-12,1,id_honest_baseline,1.418,True,"{""voter_id"": 227685}"
1782939583237,untrusted-client-12,2,checkin_honest_baseline,1.246,True,"{""voter_id"": 227685}"
1782939584468,untrusted-client-12,1,id_honest_baseline,1.301,True,"{""voter_id"": 275931}"
1782939584503,untrusted-client-12,2,checkin_honest_baseline,1.059,True,"{""voter_id"": 275931}"
1782939585729,untrusted-client-12,1,id_honest_baseline,1.846,True,"{""voter_id"": 244951}"
1782939585764,untrusted-client-12,2,checkin_honest_baseline,1.484,True,"{""voter_id"": 244951}"
1782939586983,untrusted-client-12,1,id_honest_baseline,1.732,True,"{""voter_id"": 169469}"
1782939587018,untrusted-client-12,2,checkin_honest_baseline,1.428,True,"{""voter_id"": 169469}"
1782939588258,untrusted-client-12,1,id_honest_baseline,1.934,True,"{""voter_id"": 331343}"
1782939588294,untrusted-client-12,2,checkin_honest_baseline,1.794,True,"{""voter_id"": 331343}"
1782939589519,untrusted-client-12,1,id_honest_baseline,1.375,True,"{""voter_id"": 126347}"
1782939589553,untrusted-client-12,2,checkin_honest_baseline,1.597,True,"{""voter_id"": 126347}"
1782939590783,untrusted-client-12,1,id_honest_baseline,1.791,True,"{""voter_id"": 236919}"
1782939590818,untrusted-client-12,2,checkin_honest_baseline,1.176,True,"{""voter_id"": 236919}"
1782939592027,untrusted-client-12,1,id_honest_baseline,1.691,True,"{""voter_id"": 155974}"
1782939592061,untrusted-client-12,2,checkin_honest_baseline,1.128,True,"{""voter_id"": 155974}"
1782939593281,untrusted-client-12,1,id_honest_baseline,1.722,True,"{""voter_id"": 287866}"
1782939593314,untrusted-client-12,2,checkin_honest_baseline,1.212,True,"{""voter_id"": 287866}"
1782939594530,untrusted-client-12,1,id_honest_baseline,1.578,True,"{""voter_id"": 222456}"
1782939594564,untrusted-client-12,2,checkin_honest_baseline,2.051,True,"{""voter_id"": 222456}"
1782939595775,untrusted-client-12,1,id_honest_baseline,1.621,True,"{""voter_id"": 236176}"
1782939595807,untrusted-client-12,2,checkin_honest_baseline,1.202,True,"{""voter_id"": 236176}"
1782939597034,untrusted-client-12,1,id_honest_baseline,1.466,True,"{""voter_id"": 278453}"
1782939597068,untrusted-client-12,2,checkin_honest_baseline,1.743,True,"{""voter_id"": 278453}"
1782939598276,untrusted-client-12,1,id_honest_baseline,1.835,True,"{""voter_id"": 182027}"
1782939598310,untrusted-client-12,2,checkin_honest_baseline,1.239,True,"{""voter_id"": 182027}"
1782939599529,untrusted-client-12,1,id_honest_baseline,1.395,True,"{""voter_id"": 220690}"
1782939599564,untrusted-client-12,2,checkin_honest_baseline,1.926,True,"{""voter_id"": 220690}"
1782939600786,untrusted-client-12,1,id_honest_baseline,1.610,True,"{""voter_id"": 345932}"
1782939600819,untrusted-client-12,2,checkin_honest_baseline,1.777,True,"{""voter_id"": 345932}"
1782939602028,untrusted-client-12,1,id_honest_baseline,1.411,True,"{""voter_id"": 305339}"
1782939602060,untrusted-client-12,2,checkin_honest_baseline,1.268,True,"{""voter_id"": 305339}"
1782939603266,untrusted-client-12,1,id_honest_baseline,1.455,True,"{""voter_id"": 227685}"
1782939603298,untrusted-client-12,2,checkin_honest_baseline,1.740,True,"{""voter_id"": 227685}"
1782939604499,untrusted-client-12,1,id_honest_baseline,1.170,True,"{""voter_id"": 130745}"
1782939604531,untrusted-client-12,2,checkin_honest_baseline,1.470,True,"{""voter_id"": 130745}"
1782939605730,untrusted-client-12,1,id_honest_baseline,1.314,True,"{""voter_id"": 225385}"
1782939605761,untrusted-client-12,2,checkin_honest_baseline,1.056,True,"{""voter_id"": 225385}"
1782939606960,untrusted-client-12,1,id_honest_baseline,1.635,True,"{""voter_id"": 305338}"
1782939606991,untrusted-client-12,2,checkin_honest_baseline,1.539,True,"{""voter_id"": 305338}"
1782939608185,untrusted-client-12,1,id_honest_baseline,1.268,True,"{""voter_id"": 114917}"
1782939608217,untrusted-client-12,2,checkin_honest_baseline,1.199,True,"{""voter_id"": 114917}"
1782939609412,untrusted-client-12,1,id_honest_baseline,1.528,True,"{""voter_id"": 126346}"
1782939609445,untrusted-client-12,2,checkin_honest_baseline,1.442,True,"{""voter_id"": 126346}"
1782939610646,untrusted-client-12,1,id_honest_baseline,1.444,True,"{""voter_id"": 252691}"
1782939610678,untrusted-client-12,2,checkin_honest_baseline,1.608,True,"{""voter_id"": 252691}"
1782939496822,untrusted-client-14,1,id_honest_baseline,1.558,True,"{""voter_id"": 229331}"
1782939496855,untrusted-client-14,2,checkin_honest_baseline,1.724,True,"{""voter_id"": 229331}"
1782939498063,untrusted-client-14,1,id_honest_baseline,1.505,True,"{""voter_id"": 253694}"
1782939498094,untrusted-client-14,2,checkin_honest_baseline,1.241,True,"{""voter_id"": 253694}"
1782939499300,untrusted-client-14,1,id_honest_baseline,1.241,True,"{""voter_id"": 170107}"
1782939499332,untrusted-client-14,2,checkin_honest_baseline,1.052,True,"{""voter_id"": 170107}"
1782939500547,untrusted-client-14,1,id_honest_baseline,1.980,True,"{""voter_id"": 265914}"
1782939500578,untrusted-client-14,2,checkin_honest_baseline,1.089,True,"{""voter_id"": 265914}"
1782939501789,untrusted-client-14,1,id_honest_baseline,1.721,True,"{""voter_id"": 283903}"
1782939501823,untrusted-client-14,2,checkin_honest_baseline,2.638,True,"{""voter_id"": 283903}"
1782939503026,untrusted-client-14,1,id_honest_baseline,1.503,True,"{""voter_id"": 119532}"
1782939503057,untrusted-client-14,2,checkin_honest_baseline,1.353,True,"{""voter_id"": 119532}"
1782939504266,untrusted-client-14,1,id_honest_baseline,1.331,True,"{""voter_id"": 244324}"
1782939504297,untrusted-client-14,2,checkin_honest_baseline,1.515,True,"{""voter_id"": 244324}"
1782939505502,untrusted-client-14,1,id_honest_baseline,1.344,True,"{""voter_id"": 316917}"
1782939505534,untrusted-client-14,2,checkin_honest_baseline,1.268,True,"{""voter_id"": 316917}"
1782939506755,untrusted-client-14,1,id_honest_baseline,1.613,True,"{""voter_id"": 302224}"
1782939506788,untrusted-client-14,2,checkin_honest_baseline,1.585,True,"{""voter_id"": 302224}"
1782939508008,untrusted-client-14,1,id_honest_baseline,1.315,True,"{""voter_id"": 181604}"
1782939508040,untrusted-client-14,2,checkin_honest_baseline,1.335,True,"{""voter_id"": 181604}"
1782939509251,untrusted-client-14,1,id_honest_baseline,1.428,True,"{""voter_id"": 290239}"
1782939509283,untrusted-client-14,2,checkin_honest_baseline,1.441,True,"{""voter_id"": 290239}"
1782939510508,untrusted-client-14,1,id_honest_baseline,1.307,True,"{""voter_id"": 321406}"
1782939510542,untrusted-client-14,2,checkin_honest_baseline,1.851,True,"{""voter_id"": 321406}"
1782939511766,untrusted-client-14,1,id_honest_baseline,1.650,True,"{""voter_id"": 200982}"
1782939511798,untrusted-client-14,2,checkin_honest_baseline,1.100,True,"{""voter_id"": 200982}"
1782939513015,untrusted-client-14,1,id_honest_baseline,1.305,True,"{""voter_id"": 171181}"
1782939513049,untrusted-client-14,2,checkin_honest_baseline,2.080,True,"{""voter_id"": 171181}"
1782939514296,untrusted-client-14,1,id_honest_baseline,1.505,True,"{""voter_id"": 105431}"
1782939514330,untrusted-client-14,2,checkin_honest_baseline,1.913,True,"{""voter_id"": 105431}"
1782939515558,untrusted-client-14,1,id_honest_baseline,1.710,True,"{""voter_id"": 198157}"
1782939515592,untrusted-client-14,2,checkin_honest_baseline,1.712,True,"{""voter_id"": 198157}"
1782939516822,untrusted-client-14,1,id_honest_baseline,1.823,True,"{""voter_id"": 218673}"
1782939516857,untrusted-client-14,2,checkin_honest_baseline,1.462,True,"{""voter_id"": 218673}"
1782939518086,untrusted-client-14,1,id_honest_baseline,1.350,True,"{""voter_id"": 254339}"
1782939518119,untrusted-client-14,2,checkin_honest_baseline,1.447,True,"{""voter_id"": 254339}"
1782939519351,untrusted-client-14,1,id_honest_baseline,1.441,True,"{""voter_id"": 303280}"
1782939519386,untrusted-client-14,2,checkin_honest_baseline,1.554,True,"{""voter_id"": 303280}"
1782939520620,untrusted-client-14,1,id_honest_baseline,1.579,True,"{""voter_id"": 144577}"
1782939520654,untrusted-client-14,2,checkin_honest_baseline,1.348,True,"{""voter_id"": 144577}"
1782939521887,untrusted-client-14,1,id_honest_baseline,1.551,True,"{""voter_id"": 211847}"
1782939521922,untrusted-client-14,2,checkin_honest_baseline,1.465,True,"{""voter_id"": 211847}"
1782939523148,untrusted-client-14,1,id_honest_baseline,4.672,True,"{""voter_id"": 124305}"
1782939523182,untrusted-client-14,2,checkin_honest_baseline,1.471,True,"{""voter_id"": 124305}"
1782939524424,untrusted-client-14,1,id_honest_baseline,1.363,True,"{""voter_id"": 152931}"
1782939524459,untrusted-client-14,2,checkin_honest_baseline,2.007,True,"{""voter_id"": 152931}"
1782939525698,untrusted-client-14,1,id_honest_baseline,2.192,True,"{""voter_id"": 228170}"
1782939525732,untrusted-client-14,2,checkin_honest_baseline,1.588,True,"{""voter_id"": 228170}"
1782939526978,untrusted-client-14,1,id_honest_baseline,1.431,True,"{""voter_id"": 308411}"
1782939527013,untrusted-client-14,2,checkin_honest_baseline,2.153,True,"{""voter_id"": 308411}"
1782939528251,untrusted-client-14,1,id_honest_baseline,1.558,True,"{""voter_id"": 333991}"
1782939528285,untrusted-client-14,2,checkin_honest_baseline,1.567,True,"{""voter_id"": 333991}"
1782939529521,untrusted-client-14,1,id_honest_baseline,1.406,True,"{""voter_id"": 224836}"
1782939529555,untrusted-client-14,2,checkin_honest_baseline,1.840,True,"{""voter_id"": 224836}"
1782939530803,untrusted-client-14,1,id_honest_baseline,2.526,True,"{""voter_id"": 139735}"
1782939530840,untrusted-client-14,2,checkin_honest_baseline,1.820,True,"{""voter_id"": 139735}"
1782939532075,untrusted-client-14,1,id_honest_baseline,1.232,True,"{""voter_id"": 229914}"
1782939532111,untrusted-client-14,2,checkin_honest_baseline,2.082,True,"{""voter_id"": 229914}"
1782939533355,untrusted-client-14,1,id_honest_baseline,1.473,True,"{""voter_id"": 220369}"
1782939533390,untrusted-client-14,2,checkin_honest_baseline,1.893,True,"{""voter_id"": 220369}"
1782939534618,untrusted-client-14,1,id_honest_baseline,1.280,True,"{""voter_id"": 299785}"
1782939534654,untrusted-client-14,2,checkin_honest_baseline,2.067,True,"{""voter_id"": 299785}"
1782939535892,untrusted-client-14,1,id_honest_baseline,1.492,True,"{""voter_id"": 188541}"
1782939535926,untrusted-client-14,2,checkin_honest_baseline,1.864,True,"{""voter_id"": 188541}"
1782939537165,untrusted-client-14,1,id_honest_baseline,2.436,True,"{""voter_id"": 299167}"
1782939537199,untrusted-client-14,2,checkin_honest_baseline,1.343,True,"{""voter_id"": 299167}"
1782939538441,untrusted-client-14,1,id_honest_baseline,1.620,True,"{""voter_id"": 138318}"
1782939538477,untrusted-client-14,2,checkin_honest_baseline,3.745,True,"{""voter_id"": 138318}"
1782939539710,untrusted-client-14,1,id_honest_baseline,2.018,True,"{""voter_id"": 275213}"
1782939539746,untrusted-client-14,2,checkin_honest_baseline,1.635,True,"{""voter_id"": 275213}"
1782939540988,untrusted-client-14,1,id_honest_baseline,1.486,True,"{""voter_id"": 200982}"
1782939541023,untrusted-client-14,2,checkin_honest_baseline,2.400,True,"{""voter_id"": 200982}"
1782939542256,untrusted-client-14,1,id_honest_baseline,2.216,True,"{""voter_id"": 208347}"
1782939542292,untrusted-client-14,2,checkin_honest_baseline,3.954,True,"{""voter_id"": 208347}"
1782939543523,untrusted-client-14,1,id_honest_baseline,2.333,True,"{""voter_id"": 259591}"
1782939543558,untrusted-client-14,2,checkin_honest_baseline,1.431,True,"{""voter_id"": 259591}"
1782939544792,untrusted-client-14,1,id_honest_baseline,2.188,True,"{""voter_id"": 184583}"
1782939544826,untrusted-client-14,2,checkin_honest_baseline,1.571,True,"{""voter_id"": 184583}"
1782939546054,untrusted-client-14,1,id_honest_baseline,1.415,True,"{""voter_id"": 255592}"
1782939546089,untrusted-client-14,2,checkin_honest_baseline,1.113,True,"{""voter_id"": 255592}"
1782939547328,untrusted-client-14,1,id_honest_baseline,1.713,True,"{""voter_id"": 261336}"
1782939547363,untrusted-client-14,2,checkin_honest_baseline,1.171,True,"{""voter_id"": 261336}"
1782939548598,untrusted-client-14,1,id_honest_baseline,1.487,True,"{""voter_id"": 232942}"
1782939548633,untrusted-client-14,2,checkin_honest_baseline,1.426,True,"{""voter_id"": 232942}"
1782939549865,untrusted-client-14,1,id_honest_baseline,1.410,True,"{""voter_id"": 310867}"
1782939549898,untrusted-client-14,2,checkin_honest_baseline,1.235,True,"{""voter_id"": 310867}"
1782939551130,untrusted-client-14,1,id_honest_baseline,1.680,True,"{""voter_id"": 201212}"
1782939551164,untrusted-client-14,2,checkin_honest_baseline,1.391,True,"{""voter_id"": 201212}"
1782939552397,untrusted-client-14,1,id_honest_baseline,1.991,True,"{""voter_id"": 174575}"
1782939552431,untrusted-client-14,2,checkin_honest_baseline,1.557,True,"{""voter_id"": 174575}"
1782939553665,untrusted-client-14,1,id_honest_baseline,1.565,True,"{""voter_id"": 242053}"
1782939553700,untrusted-client-14,2,checkin_honest_baseline,1.097,True,"{""voter_id"": 242053}"
1782939554928,untrusted-client-14,1,id_honest_baseline,1.313,True,"{""voter_id"": 142201}"
1782939554961,untrusted-client-14,2,checkin_honest_baseline,1.345,True,"{""voter_id"": 142201}"
1782939556184,untrusted-client-14,1,id_honest_baseline,1.661,True,"{""voter_id"": 116982}"
1782939556220,untrusted-client-14,2,checkin_honest_baseline,1.473,True,"{""voter_id"": 116982}"
1782939557444,untrusted-client-14,1,id_honest_baseline,1.326,True,"{""voter_id"": 132114}"
1782939557477,untrusted-client-14,2,checkin_honest_baseline,1.550,True,"{""voter_id"": 132114}"
1782939558698,untrusted-client-14,1,id_honest_baseline,1.450,True,"{""voter_id"": 331483}"
1782939558730,untrusted-client-14,2,checkin_honest_baseline,1.215,True,"{""voter_id"": 331483}"
1782939559947,untrusted-client-14,1,id_honest_baseline,1.287,True,"{""voter_id"": 320193}"
1782939559982,untrusted-client-14,2,checkin_honest_baseline,1.255,True,"{""voter_id"": 320193}"
1782939561197,untrusted-client-14,1,id_honest_baseline,2.041,True,"{""voter_id"": 127400}"
1782939561232,untrusted-client-14,2,checkin_honest_baseline,1.549,True,"{""voter_id"": 127400}"
1782939562446,untrusted-client-14,1,id_honest_baseline,1.587,True,"{""voter_id"": 322744}"
1782939562478,untrusted-client-14,2,checkin_honest_baseline,1.347,True,"{""voter_id"": 322744}"
1782939563694,untrusted-client-14,1,id_honest_baseline,2.054,True,"{""voter_id"": 252690}"
1782939563728,untrusted-client-14,2,checkin_honest_baseline,1.508,True,"{""voter_id"": 252690}"
1782939564936,untrusted-client-14,1,id_honest_baseline,1.650,True,"{""voter_id"": 302940}"
1782939564968,untrusted-client-14,2,checkin_honest_baseline,1.611,True,"{""voter_id"": 302940}"
1782939566177,untrusted-client-14,1,id_honest_baseline,1.409,True,"{""voter_id"": 317342}"
1782939566208,untrusted-client-14,2,checkin_honest_baseline,1.336,True,"{""voter_id"": 317342}"
1782939567413,untrusted-client-14,1,id_honest_baseline,1.633,True,"{""voter_id"": 226917}"
1782939567446,untrusted-client-14,2,checkin_honest_baseline,1.509,True,"{""voter_id"": 226917}"
1782939568653,untrusted-client-14,1,id_honest_baseline,1.658,True,"{""voter_id"": 189001}"
1782939568686,untrusted-client-14,2,checkin_honest_baseline,1.575,True,"{""voter_id"": 189001}"
1782939569899,untrusted-client-14,1,id_honest_baseline,1.471,True,"{""voter_id"": 188708}"
1782939569931,untrusted-client-14,2,checkin_honest_baseline,1.968,True,"{""voter_id"": 188708}"
1782939571138,untrusted-client-14,1,id_honest_baseline,1.729,True,"{""voter_id"": 105841}"
1782939571171,untrusted-client-14,2,checkin_honest_baseline,1.410,True,"{""voter_id"": 105841}"
1782939572376,untrusted-client-14,1,id_honest_baseline,2.050,True,"{""voter_id"": 132296}"
1782939572408,untrusted-client-14,2,checkin_honest_baseline,1.353,True,"{""voter_id"": 132296}"
1782939573631,untrusted-client-14,1,id_honest_baseline,1.553,True,"{""voter_id"": 172952}"
1782939573664,untrusted-client-14,2,checkin_honest_baseline,1.321,True,"{""voter_id"": 172952}"
1782939574869,untrusted-client-14,1,id_honest_baseline,1.514,True,"{""voter_id"": 298536}"
1782939574902,untrusted-client-14,2,checkin_honest_baseline,1.190,True,"{""voter_id"": 298536}"
1782939576109,untrusted-client-14,1,id_honest_baseline,1.389,True,"{""voter_id"": 131324}"
1782939576141,untrusted-client-14,2,checkin_honest_baseline,1.311,True,"{""voter_id"": 131324}"
1782939577349,untrusted-client-14,1,id_honest_baseline,1.254,True,"{""voter_id"": 306440}"
1782939577380,untrusted-client-14,2,checkin_honest_baseline,1.382,True,"{""voter_id"": 306440}"
1782939578583,untrusted-client-14,1,id_honest_baseline,1.451,True,"{""voter_id"": 118403}"
1782939578615,untrusted-client-14,2,checkin_honest_baseline,1.543,True,"{""voter_id"": 118403}"
1782939579819,untrusted-client-14,1,id_honest_baseline,1.453,True,"{""voter_id"": 141093}"
1782939579851,untrusted-client-14,2,checkin_honest_baseline,1.335,True,"{""voter_id"": 141093}"
1782939581062,untrusted-client-14,1,id_honest_baseline,1.585,True,"{""voter_id"": 205551}"
1782939581096,untrusted-client-14,2,checkin_honest_baseline,1.505,True,"{""voter_id"": 205551}"
1782939582313,untrusted-client-14,1,id_honest_baseline,1.359,True,"{""voter_id"": 183726}"
1782939582344,untrusted-client-14,2,checkin_honest_baseline,1.400,True,"{""voter_id"": 183726}"
1782939583568,untrusted-client-14,1,id_honest_baseline,1.456,True,"{""voter_id"": 129757}"
1782939583601,untrusted-client-14,2,checkin_honest_baseline,1.542,True,"{""voter_id"": 129757}"
1782939584816,untrusted-client-14,1,id_honest_baseline,1.743,True,"{""voter_id"": 286453}"
1782939584848,untrusted-client-14,2,checkin_honest_baseline,1.358,True,"{""voter_id"": 286453}"
1782939586060,untrusted-client-14,1,id_honest_baseline,1.981,True,"{""voter_id"": 344092}"
1782939586092,untrusted-client-14,2,checkin_honest_baseline,1.512,True,"{""voter_id"": 344092}"
1782939587301,untrusted-client-14,1,id_honest_baseline,1.574,True,"{""voter_id"": 134526}"
1782939587333,untrusted-client-14,2,checkin_honest_baseline,1.577,True,"{""voter_id"": 134526}"
1782939588540,untrusted-client-14,1,id_honest_baseline,1.518,True,"{""voter_id"": 302722}"
1782939588573,untrusted-client-14,2,checkin_honest_baseline,1.388,True,"{""voter_id"": 302722}"
1782939589782,untrusted-client-14,1,id_honest_baseline,1.573,True,"{""voter_id"": 112298}"
1782939589814,untrusted-client-14,2,checkin_honest_baseline,1.659,True,"{""voter_id"": 112298}"
1782939591030,untrusted-client-14,1,id_honest_baseline,1.333,True,"{""voter_id"": 140970}"
1782939591062,untrusted-client-14,2,checkin_honest_baseline,1.673,True,"{""voter_id"": 140970}"
1782939592287,untrusted-client-14,1,id_honest_baseline,1.639,True,"{""voter_id"": 124730}"
1782939592320,untrusted-client-14,2,checkin_honest_baseline,1.592,True,"{""voter_id"": 124730}"
1782939593538,untrusted-client-14,1,id_honest_baseline,1.449,True,"{""voter_id"": 125312}"
1782939593571,untrusted-client-14,2,checkin_honest_baseline,1.418,True,"{""voter_id"": 125312}"
1782939594779,untrusted-client-14,1,id_honest_baseline,1.379,True,"{""voter_id"": 172948}"
1782939594810,untrusted-client-14,2,checkin_honest_baseline,1.290,True,"{""voter_id"": 172948}"
1782939596024,untrusted-client-14,1,id_honest_baseline,2.378,True,"{""voter_id"": 232833}"
1782939596057,untrusted-client-14,2,checkin_honest_baseline,1.348,True,"{""voter_id"": 232833}"
1782939597267,untrusted-client-14,1,id_honest_baseline,1.514,True,"{""voter_id"": 163752}"
1782939597300,untrusted-client-14,2,checkin_honest_baseline,1.468,True,"{""voter_id"": 163752}"
1782939598517,untrusted-client-14,1,id_honest_baseline,1.378,True,"{""voter_id"": 317841}"
1782939598551,untrusted-client-14,2,checkin_honest_baseline,1.236,True,"{""voter_id"": 317841}"
1782939599764,untrusted-client-14,1,id_honest_baseline,2.111,True,"{""voter_id"": 234967}"
1782939599797,untrusted-client-14,2,checkin_honest_baseline,1.614,True,"{""voter_id"": 234967}"
1782939601010,untrusted-client-14,1,id_honest_baseline,1.986,True,"{""voter_id"": 189694}"
1782939601044,untrusted-client-14,2,checkin_honest_baseline,1.079,True,"{""voter_id"": 189694}"
1782939602256,untrusted-client-14,1,id_honest_baseline,1.515,True,"{""voter_id"": 144959}"
1782939602288,untrusted-client-14,2,checkin_honest_baseline,1.548,True,"{""voter_id"": 144959}"
1782939603513,untrusted-client-14,1,id_honest_baseline,3.705,True,"{""voter_id"": 311418}"
1782939603546,untrusted-client-14,2,checkin_honest_baseline,1.651,True,"{""voter_id"": 311418}"
1782939604756,untrusted-client-14,1,id_honest_baseline,1.527,True,"{""voter_id"": 118700}"
1782939604788,untrusted-client-14,2,checkin_honest_baseline,1.462,True,"{""voter_id"": 118700}"
1782939605991,untrusted-client-14,1,id_honest_baseline,1.443,True,"{""voter_id"": 297991}"
1782939606023,untrusted-client-14,2,checkin_honest_baseline,1.885,True,"{""voter_id"": 297991}"
1782939607230,untrusted-client-14,1,id_honest_baseline,1.528,True,"{""voter_id"": 229918}"
1782939607262,untrusted-client-14,2,checkin_honest_baseline,1.491,True,"{""voter_id"": 229918}"
1782939608468,untrusted-client-14,1,id_honest_baseline,1.395,True,"{""voter_id"": 305338}"
1782939608501,untrusted-client-14,2,checkin_honest_baseline,1.297,True,"{""voter_id"": 305338}"
1782939609705,untrusted-client-14,1,id_honest_baseline,1.425,True,"{""voter_id"": 152835}"
1782939609738,untrusted-client-14,2,checkin_honest_baseline,1.273,True,"{""voter_id"": 152835}"
1782939610944,untrusted-client-14,1,id_honest_baseline,1.270,True,"{""voter_id"": 318337}"
1782939610977,untrusted-client-14,2,checkin_honest_baseline,1.597,True,"{""voter_id"": 318337}"
1782939612194,untrusted-client-14,1,id_honest_baseline,1.644,True,"{""voter_id"": 283690}"
1782939612228,untrusted-client-14,2,checkin_honest_baseline,1.482,True,"{""voter_id"": 283690}"
1782939613445,untrusted-client-14,1,id_honest_baseline,1.755,True,"{""voter_id"": 325694}"
1782939613477,untrusted-client-14,2,checkin_honest_baseline,1.047,True,"{""voter_id"": 325694}"
1782939614695,untrusted-client-14,1,id_honest_baseline,1.363,True,"{""voter_id"": 280507}"
1782939614726,untrusted-client-14,2,checkin_honest_baseline,1.261,True,"{""voter_id"": 280507}"
1782939615932,untrusted-client-14,1,id_honest_baseline,1.305,True,"{""voter_id"": 335824}"
1782939615965,untrusted-client-14,2,checkin_honest_baseline,1.557,True,"{""voter_id"": 335824}"
1782939617167,untrusted-client-14,1,id_honest_baseline,2.097,True,"{""voter_id"": 288339}"
1782939617199,untrusted-client-14,2,checkin_honest_baseline,1.264,True,"{""voter_id"": 288339}"
1782939618413,untrusted-client-14,1,id_honest_baseline,1.395,True,"{""voter_id"": 160833}"
1782939618445,untrusted-client-14,2,checkin_honest_baseline,1.351,True,"{""voter_id"": 160833}"
1782939619647,untrusted-client-14,1,id_honest_baseline,1.400,True,"{""voter_id"": 308611}"
1782939619678,untrusted-client-14,2,checkin_honest_baseline,1.279,True,"{""voter_id"": 308611}"
1782939620896,untrusted-client-14,1,id_honest_baseline,1.443,True,"{""voter_id"": 336982}"
1782939620928,untrusted-client-14,2,checkin_honest_baseline,1.209,True,"{""voter_id"": 336982}"
1782939506894,untrusted-client-2,1,id_honest_baseline,1.361,True,"{""voter_id"": 217398}"
1782939506927,untrusted-client-2,2,checkin_honest_baseline,1.393,True,"{""voter_id"": 217398}"
1782939508136,untrusted-client-2,1,id_honest_baseline,1.445,True,"{""voter_id"": 190543}"
1782939508168,untrusted-client-2,2,checkin_honest_baseline,1.491,True,"{""voter_id"": 190543}"
1782939509382,untrusted-client-2,1,id_honest_baseline,1.402,True,"{""voter_id"": 235664}"
1782939509414,untrusted-client-2,2,checkin_honest_baseline,1.288,True,"{""voter_id"": 235664}"
1782939510634,untrusted-client-2,1,id_honest_baseline,1.419,True,"{""voter_id"": 141804}"
1782939510665,untrusted-client-2,2,checkin_honest_baseline,1.437,True,"{""voter_id"": 141804}"
1782939511882,untrusted-client-2,1,id_honest_baseline,1.746,True,"{""voter_id"": 170644}"
1782939511915,untrusted-client-2,2,checkin_honest_baseline,1.660,True,"{""voter_id"": 170644}"
1782939513136,untrusted-client-2,1,id_honest_baseline,1.510,True,"{""voter_id"": 283899}"
1782939513169,untrusted-client-2,2,checkin_honest_baseline,1.608,True,"{""voter_id"": 283899}"
1782939514420,untrusted-client-2,1,id_honest_baseline,1.331,True,"{""voter_id"": 181603}"
1782939514453,untrusted-client-2,2,checkin_honest_baseline,1.400,True,"{""voter_id"": 181603}"
1782939515674,untrusted-client-2,1,id_honest_baseline,1.760,True,"{""voter_id"": 222455}"
1782939515706,untrusted-client-2,2,checkin_honest_baseline,1.341,True,"{""voter_id"": 222455}"
1782939516942,untrusted-client-2,1,id_honest_baseline,1.988,True,"{""voter_id"": 110255}"
1782939516976,untrusted-client-2,2,checkin_honest_baseline,1.933,True,"{""voter_id"": 110255}"
1782939518202,untrusted-client-2,1,id_honest_baseline,1.171,True,"{""voter_id"": 225185}"
1782939518235,untrusted-client-2,2,checkin_honest_baseline,1.263,True,"{""voter_id"": 225185}"
1782939519472,untrusted-client-2,1,id_honest_baseline,1.377,True,"{""voter_id"": 120227}"
1782939519504,untrusted-client-2,2,checkin_honest_baseline,1.341,True,"{""voter_id"": 120227}"
1782939520727,untrusted-client-2,1,id_honest_baseline,1.176,True,"{""voter_id"": 252691}"
1782939520759,untrusted-client-2,2,checkin_honest_baseline,1.681,True,"{""voter_id"": 252691}"
1782939521987,untrusted-client-2,1,id_honest_baseline,1.416,True,"{""voter_id"": 223007}"
1782939522020,untrusted-client-2,2,checkin_honest_baseline,1.435,True,"{""voter_id"": 223007}"
1782939523244,untrusted-client-2,1,id_honest_baseline,2.086,True,"{""voter_id"": 229330}"
1782939523276,untrusted-client-2,2,checkin_honest_baseline,1.458,True,"{""voter_id"": 229330}"
1782939524521,untrusted-client-2,1,id_honest_baseline,1.909,True,"{""voter_id"": 116979}"
1782939524557,untrusted-client-2,2,checkin_honest_baseline,3.200,True,"{""voter_id"": 116979}"
1782939525788,untrusted-client-2,1,id_honest_baseline,1.409,True,"{""voter_id"": 333161}"
1782939525822,untrusted-client-2,2,checkin_honest_baseline,1.220,True,"{""voter_id"": 333161}"
1782939527055,untrusted-client-2,1,id_honest_baseline,1.412,True,"{""voter_id"": 219292}"
1782939527088,untrusted-client-2,2,checkin_honest_baseline,2.312,True,"{""voter_id"": 219292}"
1782939528326,untrusted-client-2,1,id_honest_baseline,3.387,True,"{""voter_id"": 269168}"
1782939528361,untrusted-client-2,2,checkin_honest_baseline,2.087,True,"{""voter_id"": 269168}"
1782939529598,untrusted-client-2,1,id_honest_baseline,1.891,True,"{""voter_id"": 344671}"
1782939529631,untrusted-client-2,2,checkin_honest_baseline,1.936,True,"{""voter_id"": 344671}"
1782939530873,untrusted-client-2,1,id_honest_baseline,2.428,True,"{""voter_id"": 181360}"
1782939530908,untrusted-client-2,2,checkin_honest_baseline,2.090,True,"{""voter_id"": 181360}"
1782939532139,untrusted-client-2,1,id_honest_baseline,1.902,True,"{""voter_id"": 338962}"
1782939532174,untrusted-client-2,2,checkin_honest_baseline,1.381,True,"{""voter_id"": 338962}"
1782939533429,untrusted-client-2,1,id_honest_baseline,1.217,True,"{""voter_id"": 145727}"
1782939533463,untrusted-client-2,2,checkin_honest_baseline,1.797,True,"{""voter_id"": 145727}"
1782939534697,untrusted-client-2,1,id_honest_baseline,1.468,True,"{""voter_id"": 203701}"
1782939534731,untrusted-client-2,2,checkin_honest_baseline,1.419,True,"{""voter_id"": 203701}"
1782939535957,untrusted-client-2,1,id_honest_baseline,2.000,True,"{""voter_id"": 258655}"
1782939535992,untrusted-client-2,2,checkin_honest_baseline,1.875,True,"{""voter_id"": 258655}"
1782939537225,untrusted-client-2,1,id_honest_baseline,2.284,True,"{""voter_id"": 179832}"
1782939537260,untrusted-client-2,2,checkin_honest_baseline,1.414,True,"{""voter_id"": 179832}"
1782939538505,untrusted-client-2,1,id_honest_baseline,1.748,True,"{""voter_id"": 278054}"
1782939538540,untrusted-client-2,2,checkin_honest_baseline,1.926,True,"{""voter_id"": 278054}"
1782939539771,untrusted-client-2,1,id_honest_baseline,1.390,True,"{""voter_id"": 208934}"
1782939539805,untrusted-client-2,2,checkin_honest_baseline,1.717,True,"{""voter_id"": 208934}"
1782939541052,untrusted-client-2,1,id_honest_baseline,2.886,True,"{""voter_id"": 290241}"
1782939541087,untrusted-client-2,2,checkin_honest_baseline,1.625,True,"{""voter_id"": 290241}"
1782939542332,untrusted-client-2,1,id_honest_baseline,1.601,True,"{""voter_id"": 175391}"
1782939542366,untrusted-client-2,2,checkin_honest_baseline,1.090,True,"{""voter_id"": 175391}"
1782939543598,untrusted-client-2,1,id_honest_baseline,1.759,True,"{""voter_id"": 106102}"
1782939543632,untrusted-client-2,2,checkin_honest_baseline,1.428,True,"{""voter_id"": 106102}"
1782939544863,untrusted-client-2,1,id_honest_baseline,1.715,True,"{""voter_id"": 138031}"
1782939544898,untrusted-client-2,2,checkin_honest_baseline,1.552,True,"{""voter_id"": 138031}"
1782939546124,untrusted-client-2,1,id_honest_baseline,2.135,True,"{""voter_id"": 108738}"
1782939546159,untrusted-client-2,2,checkin_honest_baseline,1.712,True,"{""voter_id"": 108738}"
1782939547406,untrusted-client-2,1,id_honest_baseline,2.094,True,"{""voter_id"": 173576}"
1782939547443,untrusted-client-2,2,checkin_honest_baseline,1.515,True,"{""voter_id"": 173576}"
1782939548677,untrusted-client-2,1,id_honest_baseline,1.662,True,"{""voter_id"": 199019}"
1782939548712,untrusted-client-2,2,checkin_honest_baseline,1.025,True,"{""voter_id"": 199019}"
1782939549953,untrusted-client-2,1,id_honest_baseline,1.789,True,"{""voter_id"": 288117}"
1782939549986,untrusted-client-2,2,checkin_honest_baseline,1.529,True,"{""voter_id"": 288117}"
1782939551230,untrusted-client-2,1,id_honest_baseline,2.356,True,"{""voter_id"": 335027}"
1782939551268,untrusted-client-2,2,checkin_honest_baseline,1.358,True,"{""voter_id"": 335027}"
1782939552512,untrusted-client-2,1,id_honest_baseline,1.446,True,"{""voter_id"": 113509}"
1782939552549,untrusted-client-2,2,checkin_honest_baseline,1.445,True,"{""voter_id"": 113509}"
1782939553791,untrusted-client-2,1,id_honest_baseline,1.276,True,"{""voter_id"": 280507}"
1782939553826,untrusted-client-2,2,checkin_honest_baseline,1.532,True,"{""voter_id"": 280507}"
1782939555061,untrusted-client-2,1,id_honest_baseline,2.810,True,"{""voter_id"": 270711}"
1782939555095,untrusted-client-2,2,checkin_honest_baseline,1.336,True,"{""voter_id"": 270711}"
1782939556333,untrusted-client-2,1,id_honest_baseline,1.776,True,"{""voter_id"": 242053}"
1782939556368,untrusted-client-2,2,checkin_honest_baseline,2.093,True,"{""voter_id"": 242053}"
1782939557600,untrusted-client-2,1,id_honest_baseline,1.864,True,"{""voter_id"": 193625}"
1782939557638,untrusted-client-2,2,checkin_honest_baseline,1.543,True,"{""voter_id"": 193625}"
1782939558866,untrusted-client-2,1,id_honest_baseline,1.933,True,"{""voter_id"": 105437}"
1782939558903,untrusted-client-2,2,checkin_honest_baseline,1.202,True,"{""voter_id"": 105437}"
1782939560128,untrusted-client-2,1,id_honest_baseline,1.436,True,"{""voter_id"": 201414}"
1782939560162,untrusted-client-2,2,checkin_honest_baseline,1.397,True,"{""voter_id"": 201414}"
1782939561397,untrusted-client-2,1,id_honest_baseline,1.818,True,"{""voter_id"": 116978}"
1782939561433,untrusted-client-2,2,checkin_honest_baseline,1.308,True,"{""voter_id"": 116978}"
1782939562664,untrusted-client-2,1,id_honest_baseline,2.584,True,"{""voter_id"": 278796}"
1782939562701,untrusted-client-2,2,checkin_honest_baseline,2.238,True,"{""voter_id"": 278796}"
1782939563933,untrusted-client-2,1,id_honest_baseline,1.310,True,"{""voter_id"": 170422}"
1782939563968,untrusted-client-2,2,checkin_honest_baseline,1.989,True,"{""voter_id"": 170422}"
1782939565197,untrusted-client-2,1,id_honest_baseline,1.937,True,"{""voter_id"": 318790}"
1782939565234,untrusted-client-2,2,checkin_honest_baseline,2.396,True,"{""voter_id"": 318790}"
1782939566463,untrusted-client-2,1,id_honest_baseline,1.472,True,"{""voter_id"": 123518}"
1782939566496,untrusted-client-2,2,checkin_honest_baseline,1.145,True,"{""voter_id"": 123518}"
1782939567719,untrusted-client-2,1,id_honest_baseline,1.553,True,"{""voter_id"": 181605}"
1782939567752,untrusted-client-2,2,checkin_honest_baseline,1.154,True,"{""voter_id"": 181605}"
1782939568978,untrusted-client-2,1,id_honest_baseline,1.663,True,"{""voter_id"": 232833}"
1782939569011,untrusted-client-2,2,checkin_honest_baseline,1.254,True,"{""voter_id"": 232833}"
1782939570234,untrusted-client-2,1,id_honest_baseline,1.671,True,"{""voter_id"": 173575}"
1782939570268,untrusted-client-2,2,checkin_honest_baseline,1.281,True,"{""voter_id"": 173575}"
1782939571501,untrusted-client-2,1,id_honest_baseline,1.594,True,"{""voter_id"": 209566}"
1782939571534,untrusted-client-2,2,checkin_honest_baseline,1.240,True,"{""voter_id"": 209566}"
1782939572752,untrusted-client-2,1,id_honest_baseline,1.261,True,"{""voter_id"": 341853}"
1782939572787,untrusted-client-2,2,checkin_honest_baseline,2.358,True,"{""voter_id"": 341853}"
1782939574008,untrusted-client-2,1,id_honest_baseline,1.443,True,"{""voter_id"": 271120}"
1782939574041,untrusted-client-2,2,checkin_honest_baseline,1.559,True,"{""voter_id"": 271120}"
1782939575264,untrusted-client-2,1,id_honest_baseline,1.836,True,"{""voter_id"": 167638}"
1782939575297,untrusted-client-2,2,checkin_honest_baseline,1.715,True,"{""voter_id"": 167638}"
1782939576517,untrusted-client-2,1,id_honest_baseline,1.646,True,"{""voter_id"": 289923}"
1782939576551,untrusted-client-2,2,checkin_honest_baseline,1.409,True,"{""voter_id"": 289923}"
1782939577780,untrusted-client-2,1,id_honest_baseline,1.609,True,"{""voter_id"": 281741}"
1782939577813,untrusted-client-2,2,checkin_honest_baseline,1.324,True,"{""voter_id"": 281741}"
1782939579022,untrusted-client-2,1,id_honest_baseline,1.416,True,"{""voter_id"": 150093}"
1782939579055,untrusted-client-2,2,checkin_honest_baseline,1.538,True,"{""voter_id"": 150093}"
1782939580275,untrusted-client-2,1,id_honest_baseline,1.583,True,"{""voter_id"": 204813}"
1782939580308,untrusted-client-2,2,checkin_honest_baseline,1.445,True,"{""voter_id"": 204813}"
1782939581519,untrusted-client-2,1,id_honest_baseline,1.376,True,"{""voter_id"": 150626}"
1782939581553,untrusted-client-2,2,checkin_honest_baseline,1.902,True,"{""voter_id"": 150626}"
1782939582763,untrusted-client-2,1,id_honest_baseline,1.391,True,"{""voter_id"": 276052}"
1782939582796,untrusted-client-2,2,checkin_honest_baseline,1.462,True,"{""voter_id"": 276052}"
1782939584014,untrusted-client-2,1,id_honest_baseline,1.866,True,"{""voter_id"": 135336}"
1782939584048,untrusted-client-2,2,checkin_honest_baseline,1.598,True,"{""voter_id"": 135336}"
1782939585258,untrusted-client-2,1,id_honest_baseline,1.553,True,"{""voter_id"": 252690}"
1782939585290,untrusted-client-2,2,checkin_honest_baseline,1.465,True,"{""voter_id"": 252690}"
1782939586495,untrusted-client-2,1,id_honest_baseline,1.154,True,"{""voter_id"": 209568}"
1782939586528,untrusted-client-2,2,checkin_honest_baseline,1.299,True,"{""voter_id"": 209568}"
1782939587744,untrusted-client-2,1,id_honest_baseline,2.096,True,"{""voter_id"": 227135}"
1782939587777,untrusted-client-2,2,checkin_honest_baseline,1.194,True,"{""voter_id"": 227135}"
1782939588989,untrusted-client-2,1,id_honest_baseline,1.884,True,"{""voter_id"": 305340}"
1782939589023,untrusted-client-2,2,checkin_honest_baseline,1.130,True,"{""voter_id"": 305340}"
1782939590247,untrusted-client-2,1,id_honest_baseline,1.539,True,"{""voter_id"": 100524}"
1782939590283,untrusted-client-2,2,checkin_honest_baseline,1.310,True,"{""voter_id"": 100524}"
1782939591498,untrusted-client-2,1,id_honest_baseline,1.887,True,"{""voter_id"": 287227}"
1782939591532,untrusted-client-2,2,checkin_honest_baseline,1.292,True,"{""voter_id"": 287227}"
1782939592761,untrusted-client-2,1,id_honest_baseline,1.384,True,"{""voter_id"": 234963}"
1782939592794,untrusted-client-2,2,checkin_honest_baseline,1.139,True,"{""voter_id"": 234963}"
1782939594006,untrusted-client-2,1,id_honest_baseline,1.733,True,"{""voter_id"": 161476}"
1782939594039,untrusted-client-2,2,checkin_honest_baseline,1.192,True,"{""voter_id"": 161476}"
1782939595243,untrusted-client-2,1,id_honest_baseline,1.515,True,"{""voter_id"": 113833}"
1782939595276,untrusted-client-2,2,checkin_honest_baseline,1.210,True,"{""voter_id"": 113833}"
1782939596481,untrusted-client-2,1,id_honest_baseline,1.489,True,"{""voter_id"": 229914}"
1782939596516,untrusted-client-2,2,checkin_honest_baseline,1.150,True,"{""voter_id"": 229914}"
1782939597725,untrusted-client-2,1,id_honest_baseline,1.828,True,"{""voter_id"": 253699}"
1782939597759,untrusted-client-2,2,checkin_honest_baseline,2.141,True,"{""voter_id"": 253699}"
1782939598974,untrusted-client-2,1,id_honest_baseline,1.834,True,"{""voter_id"": 112835}"
1782939599011,untrusted-client-2,2,checkin_honest_baseline,1.423,True,"{""voter_id"": 112835}"
1782939600221,untrusted-client-2,1,id_honest_baseline,1.246,True,"{""voter_id"": 278797}"
1782939600254,untrusted-client-2,2,checkin_honest_baseline,1.063,True,"{""voter_id"": 278797}"
1782939601477,untrusted-client-2,1,id_honest_baseline,1.543,True,"{""voter_id"": 292788}"
1782939601512,untrusted-client-2,2,checkin_honest_baseline,1.620,True,"{""voter_id"": 292788}"
1782939602729,untrusted-client-2,1,id_honest_baseline,1.427,True,"{""voter_id"": 113509}"
1782939602761,untrusted-client-2,2,checkin_honest_baseline,1.341,True,"{""voter_id"": 113509}"
1782939603984,untrusted-client-2,1,id_honest_baseline,2.708,True,"{""voter_id"": 106206}"
1782939604016,untrusted-client-2,2,checkin_honest_baseline,1.353,True,"{""voter_id"": 106206}"
1782939605226,untrusted-client-2,1,id_honest_baseline,1.222,True,"{""voter_id"": 159917}"
1782939605259,untrusted-client-2,2,checkin_honest_baseline,1.192,True,"{""voter_id"": 159917}"
1782939606470,untrusted-client-2,1,id_honest_baseline,1.825,True,"{""voter_id"": 115022}"
1782939606503,untrusted-client-2,2,checkin_honest_baseline,1.325,True,"{""voter_id"": 115022}"
1782939607720,untrusted-client-2,1,id_honest_baseline,2.003,True,"{""voter_id"": 144577}"
1782939607752,untrusted-client-2,2,checkin_honest_baseline,1.367,True,"{""voter_id"": 144577}"
1782939608963,untrusted-client-2,1,id_honest_baseline,1.494,True,"{""voter_id"": 186194}"
1782939608995,untrusted-client-2,2,checkin_honest_baseline,1.354,True,"{""voter_id"": 186194}"
1782939610204,untrusted-client-2,1,id_honest_baseline,1.806,True,"{""voter_id"": 257142}"
1782939610237,untrusted-client-2,2,checkin_honest_baseline,1.375,True,"{""voter_id"": 257142}"
1782939611455,untrusted-client-2,1,id_honest_baseline,1.312,True,"{""voter_id"": 226397}"
1782939611488,untrusted-client-2,2,checkin_honest_baseline,1.386,True,"{""voter_id"": 226397}"
1782939612709,untrusted-client-2,1,id_honest_baseline,2.282,True,"{""voter_id"": 223007}"
1782939612745,untrusted-client-2,2,checkin_honest_baseline,1.469,True,"{""voter_id"": 223007}"
1782939613967,untrusted-client-2,1,id_honest_baseline,1.954,True,"{""voter_id"": 207905}"
1782939613999,untrusted-client-2,2,checkin_honest_baseline,1.230,True,"{""voter_id"": 207905}"
1782939615218,untrusted-client-2,1,id_honest_baseline,1.861,True,"{""voter_id"": 105507}"
1782939615250,untrusted-client-2,2,checkin_honest_baseline,1.411,True,"{""voter_id"": 105507}"
1782939616461,untrusted-client-2,1,id_honest_baseline,1.338,True,"{""voter_id"": 112297}"
1782939616494,untrusted-client-2,2,checkin_honest_baseline,1.611,True,"{""voter_id"": 112297}"
1782939617712,untrusted-client-2,1,id_honest_baseline,1.446,True,"{""voter_id"": 159315}"
1782939617745,untrusted-client-2,2,checkin_honest_baseline,1.608,True,"{""voter_id"": 159315}"
1782939618960,untrusted-client-2,1,id_honest_baseline,1.474,True,"{""voter_id"": 237097}"
1782939618992,untrusted-client-2,2,checkin_honest_baseline,1.471,True,"{""voter_id"": 237097}"
1782939620205,untrusted-client-2,1,id_honest_baseline,1.422,True,"{""voter_id"": 157955}"
1782939620237,untrusted-client-2,2,checkin_honest_baseline,1.402,True,"{""voter_id"": 157955}"
1782939621446,untrusted-client-2,1,id_honest_baseline,2.162,True,"{""voter_id"": 118404}"
1782939621480,untrusted-client-2,2,checkin_honest_baseline,1.654,True,"{""voter_id"": 118404}"
1782939622691,untrusted-client-2,1,id_honest_baseline,1.241,True,"{""voter_id"": 187221}"
1782939622722,untrusted-client-2,2,checkin_honest_baseline,1.401,True,"{""voter_id"": 187221}"
1782939623928,untrusted-client-2,1,id_honest_baseline,1.390,True,"{""voter_id"": 104788}"
1782939623960,untrusted-client-2,2,checkin_honest_baseline,1.432,True,"{""voter_id"": 104788}"
1782939625167,untrusted-client-2,1,id_honest_baseline,1.475,True,"{""voter_id"": 308410}"
1782939625200,untrusted-client-2,2,checkin_honest_baseline,1.424,True,"{""voter_id"": 308410}"
1782939626407,untrusted-client-2,1,id_honest_baseline,1.574,True,"{""voter_id"": 114660}"
1782939626441,untrusted-client-2,2,checkin_honest_baseline,2.286,True,"{""voter_id"": 114660}"
1782939627646,untrusted-client-2,1,id_honest_baseline,1.197,True,"{""voter_id"": 327771}"
1782939627679,untrusted-client-2,2,checkin_honest_baseline,1.280,True,"{""voter_id"": 327771}"
1782939628884,untrusted-client-2,1,id_honest_baseline,2.052,True,"{""voter_id"": 263210}"
1782939628918,untrusted-client-2,2,checkin_honest_baseline,1.229,True,"{""voter_id"": 263210}"
1782939630129,untrusted-client-2,1,id_honest_baseline,1.175,True,"{""voter_id"": 287229}"
1782939630161,untrusted-client-2,2,checkin_honest_baseline,1.467,True,"{""voter_id"": 287229}"
1782939631368,untrusted-client-2,1,id_honest_baseline,1.268,True,"{""voter_id"": 193234}"
1782939631402,untrusted-client-2,2,checkin_honest_baseline,1.442,True,"{""voter_id"": 193234}"
1782939516966,untrusted-client-4,1,id_honest_baseline,1.540,True,"{""voter_id"": 229912}"
1782939517000,untrusted-client-4,2,checkin_honest_baseline,2.208,True,"{""voter_id"": 229912}"
1782939518235,untrusted-client-4,1,id_honest_baseline,1.646,True,"{""voter_id"": 231034}"
1782939518268,untrusted-client-4,2,checkin_honest_baseline,1.278,True,"{""voter_id"": 231034}"
1782939519502,untrusted-client-4,1,id_honest_baseline,1.820,True,"{""voter_id"": 170106}"
1782939519534,untrusted-client-4,2,checkin_honest_baseline,1.081,True,"{""voter_id"": 170106}"
1782939520757,untrusted-client-4,1,id_honest_baseline,1.622,True,"{""voter_id"": 210420}"
1782939520789,untrusted-client-4,2,checkin_honest_baseline,1.973,True,"{""voter_id"": 210420}"
1782939522022,untrusted-client-4,1,id_honest_baseline,1.337,True,"{""voter_id"": 250959}"
1782939522055,untrusted-client-4,2,checkin_honest_baseline,1.623,True,"{""voter_id"": 250959}"
1782939523283,untrusted-client-4,1,id_honest_baseline,1.707,True,"{""voter_id"": 334895}"
1782939523316,untrusted-client-4,2,checkin_honest_baseline,1.312,True,"{""voter_id"": 334895}"
1782939524557,untrusted-client-4,1,id_honest_baseline,2.622,True,"{""voter_id"": 135904}"
1782939524592,untrusted-client-4,2,checkin_honest_baseline,2.752,True,"{""voter_id"": 135904}"
1782939525820,untrusted-client-4,1,id_honest_baseline,1.591,True,"{""voter_id"": 126340}"
1782939525853,untrusted-client-4,2,checkin_honest_baseline,1.281,True,"{""voter_id"": 126340}"
1782939527089,untrusted-client-4,1,id_honest_baseline,2.585,True,"{""voter_id"": 278454}"
1782939527120,untrusted-client-4,2,checkin_honest_baseline,1.379,True,"{""voter_id"": 278454}"
1782939528359,untrusted-client-4,1,id_honest_baseline,1.939,True,"{""voter_id"": 119950}"
1782939528393,untrusted-client-4,2,checkin_honest_baseline,1.506,True,"{""voter_id"": 119950}"
1782939529619,untrusted-client-4,1,id_honest_baseline,1.347,True,"{""voter_id"": 195523}"
1782939529650,untrusted-client-4,2,checkin_honest_baseline,1.257,True,"{""voter_id"": 195523}"
1782939530887,untrusted-client-4,1,id_honest_baseline,1.595,True,"{""voter_id"": 225383}"
1782939530923,untrusted-client-4,2,checkin_honest_baseline,2.113,True,"{""voter_id"": 225383}"
1782939532153,untrusted-client-4,1,id_honest_baseline,1.440,True,"{""voter_id"": 338751}"
1782939532188,untrusted-client-4,2,checkin_honest_baseline,1.915,True,"{""voter_id"": 338751}"
1782939533433,untrusted-client-4,1,id_honest_baseline,1.314,True,"{""voter_id"": 311533}"
1782939533468,untrusted-client-4,2,checkin_honest_baseline,1.357,True,"{""voter_id"": 311533}"
1782939534709,untrusted-client-4,1,id_honest_baseline,1.466,True,"{""voter_id"": 202146}"
1782939534742,untrusted-client-4,2,checkin_honest_baseline,1.440,True,"{""voter_id"": 202146}"
1782939535985,untrusted-client-4,1,id_honest_baseline,1.280,True,"{""voter_id"": 114557}"
1782939536017,untrusted-client-4,2,checkin_honest_baseline,1.037,True,"{""voter_id"": 114557}"
1782939537251,untrusted-client-4,1,id_honest_baseline,1.309,True,"{""voter_id"": 137434}"
1782939537284,untrusted-client-4,2,checkin_honest_baseline,1.411,True,"{""voter_id"": 137434}"
1782939538524,untrusted-client-4,1,id_honest_baseline,1.321,True,"{""voter_id"": 168511}"
1782939538557,untrusted-client-4,2,checkin_honest_baseline,1.737,True,"{""voter_id"": 168511}"
1782939539794,untrusted-client-4,1,id_honest_baseline,1.515,True,"{""voter_id"": 103052}"
1782939539828,untrusted-client-4,2,checkin_honest_baseline,1.428,True,"{""voter_id"": 103052}"
1782939541067,untrusted-client-4,1,id_honest_baseline,1.485,True,"{""voter_id"": 204258}"
1782939541100,untrusted-client-4,2,checkin_honest_baseline,1.208,True,"{""voter_id"": 204258}"
1782939542349,untrusted-client-4,1,id_honest_baseline,1.934,True,"{""voter_id"": 184809}"
1782939542382,untrusted-client-4,2,checkin_honest_baseline,1.287,True,"{""voter_id"": 184809}"
1782939543618,untrusted-client-4,1,id_honest_baseline,1.417,True,"{""voter_id"": 106671}"
1782939543651,untrusted-client-4,2,checkin_honest_baseline,1.701,True,"{""voter_id"": 106671}"
1782939544893,untrusted-client-4,1,id_honest_baseline,1.553,True,"{""voter_id"": 216509}"
1782939544926,untrusted-client-4,2,checkin_honest_baseline,1.592,True,"{""voter_id"": 216509}"
1782939546153,untrusted-client-4,1,id_honest_baseline,2.191,True,"{""voter_id"": 269124}"
1782939546187,untrusted-client-4,2,checkin_honest_baseline,1.314,True,"{""voter_id"": 269124}"
1782939547431,untrusted-client-4,1,id_honest_baseline,1.665,True,"{""voter_id"": 243804}"
1782939547465,untrusted-client-4,2,checkin_honest_baseline,1.382,True,"{""voter_id"": 243804}"
1782939548708,untrusted-client-4,1,id_honest_baseline,1.860,True,"{""voter_id"": 317342}"
1782939548744,untrusted-client-4,2,checkin_honest_baseline,1.737,True,"{""voter_id"": 317342}"
1782939549992,untrusted-client-4,1,id_honest_baseline,1.345,True,"{""voter_id"": 298432}"
1782939550026,untrusted-client-4,2,checkin_honest_baseline,1.775,True,"{""voter_id"": 298432}"
1782939551267,untrusted-client-4,1,id_honest_baseline,1.603,True,"{""voter_id"": 256703}"
1782939551304,untrusted-client-4,2,checkin_honest_baseline,1.333,True,"{""voter_id"": 256703}"
1782939552547,untrusted-client-4,1,id_honest_baseline,1.668,True,"{""voter_id"": 335452}"
1782939552582,untrusted-client-4,2,checkin_honest_baseline,1.377,True,"{""voter_id"": 335452}"
1782939553833,untrusted-client-4,1,id_honest_baseline,1.395,True,"{""voter_id"": 219553}"
1782939553870,untrusted-client-4,2,checkin_honest_baseline,1.454,True,"{""voter_id"": 219553}"
1782939555102,untrusted-client-4,1,id_honest_baseline,1.462,True,"{""voter_id"": 291895}"
1782939555136,untrusted-client-4,2,checkin_honest_baseline,1.289,True,"{""voter_id"": 291895}"
1782939556368,untrusted-client-4,1,id_honest_baseline,2.781,True,"{""voter_id"": 192287}"
1782939556401,untrusted-client-4,2,checkin_honest_baseline,1.189,True,"{""voter_id"": 192287}"
1782939557634,untrusted-client-4,1,id_honest_baseline,1.609,True,"{""voter_id"": 143620}"
1782939557670,untrusted-client-4,2,checkin_honest_baseline,1.342,True,"{""voter_id"": 143620}"
1782939558902,untrusted-client-4,1,id_honest_baseline,1.483,True,"{""voter_id"": 212177}"
1782939558935,untrusted-client-4,2,checkin_honest_baseline,1.396,True,"{""voter_id"": 212177}"
1782939560162,untrusted-client-4,1,id_honest_baseline,1.898,True,"{""voter_id"": 305844}"
1782939560196,untrusted-client-4,2,checkin_honest_baseline,1.148,True,"{""voter_id"": 305844}"
1782939561429,untrusted-client-4,1,id_honest_baseline,1.443,True,"{""voter_id"": 237765}"
1782939561463,untrusted-client-4,2,checkin_honest_baseline,1.488,True,"{""voter_id"": 237765}"
1782939562702,untrusted-client-4,1,id_honest_baseline,1.675,True,"{""voter_id"": 131269}"
1782939562735,untrusted-client-4,2,checkin_honest_baseline,1.789,True,"{""voter_id"": 131269}"
1782939563960,untrusted-client-4,1,id_honest_baseline,1.748,True,"{""voter_id"": 278458}"
1782939563994,untrusted-client-4,2,checkin_honest_baseline,1.521,True,"{""voter_id"": 278458}"
1782939565217,untrusted-client-4,1,id_honest_baseline,1.418,True,"{""voter_id"": 218114}"
1782939565252,untrusted-client-4,2,checkin_honest_baseline,1.462,True,"{""voter_id"": 218114}"
1782939566480,untrusted-client-4,1,id_honest_baseline,1.614,True,"{""voter_id"": 242050}"
1782939566514,untrusted-client-4,2,checkin_honest_baseline,1.387,True,"{""voter_id"": 242050}"
1782939567745,untrusted-client-4,1,id_honest_baseline,1.499,True,"{""voter_id"": 114557}"
1782939567779,untrusted-client-4,2,checkin_honest_baseline,1.382,True,"{""voter_id"": 114557}"
1782939569018,untrusted-client-4,1,id_honest_baseline,1.668,True,"{""voter_id"": 249103}"
1782939569052,untrusted-client-4,2,checkin_honest_baseline,1.772,True,"{""voter_id"": 249103}"
1782939570289,untrusted-client-4,1,id_honest_baseline,1.719,True,"{""voter_id"": 278051}"
1782939570324,untrusted-client-4,2,checkin_honest_baseline,1.444,True,"{""voter_id"": 278051}"
1782939571561,untrusted-client-4,1,id_honest_baseline,1.723,True,"{""voter_id"": 191488}"
1782939571596,untrusted-client-4,2,checkin_honest_baseline,1.382,True,"{""voter_id"": 191488}"
1782939572829,untrusted-client-4,1,id_honest_baseline,1.602,True,"{""voter_id"": 182880}"
1782939572863,untrusted-client-4,2,checkin_honest_baseline,1.350,True,"{""voter_id"": 182880}"
1782939574097,untrusted-client-4,1,id_honest_baseline,1.508,True,"{""voter_id"": 313517}"
1782939574128,untrusted-client-4,2,checkin_honest_baseline,1.372,True,"{""voter_id"": 313517}"
1782939575368,untrusted-client-4,1,id_honest_baseline,1.670,True,"{""voter_id"": 302222}"
1782939575401,untrusted-client-4,2,checkin_honest_baseline,1.459,True,"{""voter_id"": 302222}"
1782939576629,untrusted-client-4,1,id_honest_baseline,2.038,True,"{""voter_id"": 240999}"
1782939576664,untrusted-client-4,2,checkin_honest_baseline,1.659,True,"{""voter_id"": 240999}"
1782939577892,untrusted-client-4,1,id_honest_baseline,1.553,True,"{""voter_id"": 212581}"
1782939577925,untrusted-client-4,2,checkin_honest_baseline,1.538,True,"{""voter_id"": 212581}"
1782939579150,untrusted-client-4,1,id_honest_baseline,1.726,True,"{""voter_id"": 161919}"
1782939579184,untrusted-client-4,2,checkin_honest_baseline,1.232,True,"{""voter_id"": 161919}"
1782939580418,untrusted-client-4,1,id_honest_baseline,1.596,True,"{""voter_id"": 277406}"
1782939580452,untrusted-client-4,2,checkin_honest_baseline,1.612,True,"{""voter_id"": 277406}"
1782939581675,untrusted-client-4,1,id_honest_baseline,1.729,True,"{""voter_id"": 320193}"
1782939581708,untrusted-client-4,2,checkin_honest_baseline,1.527,True,"{""voter_id"": 320193}"
1782939582940,untrusted-client-4,1,id_honest_baseline,1.653,True,"{""voter_id"": 137433}"
1782939582974,untrusted-client-4,2,checkin_honest_baseline,1.524,True,"{""voter_id"": 137433}"
1782939584202,untrusted-client-4,1,id_honest_baseline,1.669,True,"{""voter_id"": 123515}"
1782939584234,untrusted-client-4,2,checkin_honest_baseline,1.240,True,"{""voter_id"": 123515}"
1782939585441,untrusted-client-4,1,id_honest_baseline,1.425,True,"{""voter_id"": 306662}"
1782939585473,untrusted-client-4,2,checkin_honest_baseline,1.423,True,"{""voter_id"": 306662}"
1782939586685,untrusted-client-4,1,id_honest_baseline,1.509,True,"{""voter_id"": 179332}"
1782939586718,untrusted-client-4,2,checkin_honest_baseline,1.458,True,"{""voter_id"": 179332}"
1782939587930,untrusted-client-4,1,id_honest_baseline,1.608,True,"{""voter_id"": 149240}"
1782939587963,untrusted-client-4,2,checkin_honest_baseline,1.785,True,"{""voter_id"": 149240}"
1782939589169,untrusted-client-4,1,id_honest_baseline,1.491,True,"{""voter_id"": 241955}"
1782939589201,untrusted-client-4,2,checkin_honest_baseline,1.320,True,"{""voter_id"": 241955}"
1782939590419,untrusted-client-4,1,id_honest_baseline,1.280,True,"{""voter_id"": 284511}"
1782939590452,untrusted-client-4,2,checkin_honest_baseline,1.273,True,"{""voter_id"": 284511}"
1782939591663,untrusted-client-4,1,id_honest_baseline,2.019,True,"{""voter_id"": 179833}"
1782939591696,untrusted-client-4,2,checkin_honest_baseline,1.077,True,"{""voter_id"": 179833}"
1782939592917,untrusted-client-4,1,id_honest_baseline,1.435,True,"{""voter_id"": 280800}"
1782939592949,untrusted-client-4,2,checkin_honest_baseline,1.423,True,"{""voter_id"": 280800}"
1782939594166,untrusted-client-4,1,id_honest_baseline,1.267,True,"{""voter_id"": 134700}"
1782939594198,untrusted-client-4,2,checkin_honest_baseline,1.597,True,"{""voter_id"": 134700}"
1782939595407,untrusted-client-4,1,id_honest_baseline,1.479,True,"{""voter_id"": 280711}"
1782939595439,untrusted-client-4,2,checkin_honest_baseline,1.685,True,"{""voter_id"": 280711}"
1782939596647,untrusted-client-4,1,id_honest_baseline,1.411,True,"{""voter_id"": 256955}"
1782939596678,untrusted-client-4,2,checkin_honest_baseline,1.373,True,"{""voter_id"": 256955}"
1782939597889,untrusted-client-4,1,id_honest_baseline,1.883,True,"{""voter_id"": 147859}"
1782939597921,untrusted-client-4,2,checkin_honest_baseline,1.539,True,"{""voter_id"": 147859}"
1782939599134,untrusted-client-4,1,id_honest_baseline,1.439,True,"{""voter_id"": 188051}"
1782939599165,untrusted-client-4,2,checkin_honest_baseline,1.384,True,"{""voter_id"": 188051}"
1782939600378,untrusted-client-4,1,id_honest_baseline,1.648,True,"{""voter_id"": 212178}"
1782939600411,untrusted-client-4,2,checkin_honest_baseline,1.325,True,"{""voter_id"": 212178}"
1782939601630,untrusted-client-4,1,id_honest_baseline,1.453,True,"{""voter_id"": 244316}"
1782939601662,untrusted-client-4,2,checkin_honest_baseline,1.357,True,"{""voter_id"": 244316}"
1782939602877,untrusted-client-4,1,id_honest_baseline,1.957,True,"{""voter_id"": 314634}"
1782939602909,untrusted-client-4,2,checkin_honest_baseline,1.376,True,"{""voter_id"": 314634}"
1782939604122,untrusted-client-4,1,id_honest_baseline,2.220,True,"{""voter_id"": 325992}"
1782939604154,untrusted-client-4,2,checkin_honest_baseline,1.306,True,"{""voter_id"": 325992}"
1782939605369,untrusted-client-4,1,id_honest_baseline,1.410,True,"{""voter_id"": 264840}"
1782939605401,untrusted-client-4,2,checkin_honest_baseline,1.659,True,"{""voter_id"": 264840}"
1782939606611,untrusted-client-4,1,id_honest_baseline,1.411,True,"{""voter_id"": 242482}"
1782939606642,untrusted-client-4,2,checkin_honest_baseline,1.710,True,"{""voter_id"": 242482}"
1782939607852,untrusted-client-4,1,id_honest_baseline,1.686,True,"{""voter_id"": 269234}"
1782939607884,untrusted-client-4,2,checkin_honest_baseline,1.678,True,"{""voter_id"": 269234}"
1782939609095,untrusted-client-4,1,id_honest_baseline,1.568,True,"{""voter_id"": 194844}"
1782939609125,untrusted-client-4,2,checkin_honest_baseline,1.444,True,"{""voter_id"": 194844}"
1782939610338,untrusted-client-4,1,id_honest_baseline,1.602,True,"{""voter_id"": 165468}"
1782939610370,untrusted-client-4,2,checkin_honest_baseline,1.417,True,"{""voter_id"": 165468}"
1782939611586,untrusted-client-4,1,id_honest_baseline,1.412,True,"{""voter_id"": 125312}"
1782939611617,untrusted-client-4,2,checkin_honest_baseline,1.021,True,"{""voter_id"": 125312}"
1782939612836,untrusted-client-4,1,id_honest_baseline,1.459,True,"{""voter_id"": 265919}"
1782939612868,untrusted-client-4,2,checkin_honest_baseline,1.409,True,"{""voter_id"": 265919}"
1782939614081,untrusted-client-4,1,id_honest_baseline,1.648,True,"{""voter_id"": 345088}"
1782939614114,untrusted-client-4,2,checkin_honest_baseline,1.407,True,"{""voter_id"": 345088}"
1782939615338,untrusted-client-4,1,id_honest_baseline,1.932,True,"{""voter_id"": 333129}"
1782939615369,untrusted-client-4,2,checkin_honest_baseline,1.283,True,"{""voter_id"": 333129}"
1782939616586,untrusted-client-4,1,id_honest_baseline,1.412,True,"{""voter_id"": 228733}"
1782939616617,untrusted-client-4,2,checkin_honest_baseline,1.360,True,"{""voter_id"": 228733}"
1782939617827,untrusted-client-4,1,id_honest_baseline,1.774,True,"{""voter_id"": 209568}"
1782939617858,untrusted-client-4,2,checkin_honest_baseline,1.582,True,"{""voter_id"": 209568}"
1782939619070,untrusted-client-4,1,id_honest_baseline,1.489,True,"{""voter_id"": 178588}"
1782939619101,untrusted-client-4,2,checkin_honest_baseline,1.359,True,"{""voter_id"": 178588}"
1782939620316,untrusted-client-4,1,id_honest_baseline,1.707,True,"{""voter_id"": 333989}"
1782939620349,untrusted-client-4,2,checkin_honest_baseline,1.371,True,"{""voter_id"": 333989}"
1782939621569,untrusted-client-4,1,id_honest_baseline,1.377,True,"{""voter_id"": 250210}"
1782939621601,untrusted-client-4,2,checkin_honest_baseline,1.143,True,"{""voter_id"": 250210}"
1782939622814,untrusted-client-4,1,id_honest_baseline,1.502,True,"{""voter_id"": 319864}"
1782939622846,untrusted-client-4,2,checkin_honest_baseline,1.704,True,"{""voter_id"": 319864}"
1782939624062,untrusted-client-4,1,id_honest_baseline,2.101,True,"{""voter_id"": 135505}"
1782939624093,untrusted-client-4,2,checkin_honest_baseline,1.394,True,"{""voter_id"": 135505}"
1782939625299,untrusted-client-4,1,id_honest_baseline,1.457,True,"{""voter_id"": 129262}"
1782939625331,untrusted-client-4,2,checkin_honest_baseline,1.704,True,"{""voter_id"": 129262}"
1782939626538,untrusted-client-4,1,id_honest_baseline,1.674,True,"{""voter_id"": 113511}"
1782939626569,untrusted-client-4,2,checkin_honest_baseline,1.377,True,"{""voter_id"": 113511}"
1782939627780,untrusted-client-4,1,id_honest_baseline,1.246,True,"{""voter_id"": 161919}"
1782939627812,untrusted-client-4,2,checkin_honest_baseline,1.287,True,"{""voter_id"": 161919}"
1782939629019,untrusted-client-4,1,id_honest_baseline,1.392,True,"{""voter_id"": 166876}"
1782939629051,untrusted-client-4,2,checkin_honest_baseline,1.399,True,"{""voter_id"": 166876}"
1782939630263,untrusted-client-4,1,id_honest_baseline,1.422,True,"{""voter_id"": 349431}"
1782939630294,untrusted-client-4,2,checkin_honest_baseline,1.492,True,"{""voter_id"": 349431}"
1782939631513,untrusted-client-4,1,id_honest_baseline,1.989,True,"{""voter_id"": 127992}"
1782939631544,untrusted-client-4,2,checkin_honest_baseline,2.106,True,"{""voter_id"": 127992}"
1782939632744,untrusted-client-4,1,id_honest_baseline,1.282,True,"{""voter_id"": 159917}"
1782939632777,untrusted-client-4,2,checkin_honest_baseline,1.476,True,"{""voter_id"": 159917}"
1782939633981,untrusted-client-4,1,id_honest_baseline,1.902,True,"{""voter_id"": 330286}"
1782939634013,untrusted-client-4,2,checkin_honest_baseline,1.667,True,"{""voter_id"": 330286}"
1782939635210,untrusted-client-4,1,id_honest_baseline,1.324,True,"{""voter_id"": 289208}"
1782939635241,untrusted-client-4,2,checkin_honest_baseline,1.429,True,"{""voter_id"": 289208}"
1782939636439,untrusted-client-4,1,id_honest_baseline,1.722,True,"{""voter_id"": 200611}"
1782939636470,untrusted-client-4,2,checkin_honest_baseline,1.384,True,"{""voter_id"": 200611}"
1782939637668,untrusted-client-4,1,id_honest_baseline,1.384,True,"{""voter_id"": 203358}"
1782939637699,untrusted-client-4,2,checkin_honest_baseline,1.334,True,"{""voter_id"": 203358}"
1782939638896,untrusted-client-4,1,id_honest_baseline,1.227,True,"{""voter_id"": 195797}"
1782939638928,untrusted-client-4,2,checkin_honest_baseline,1.885,True,"{""voter_id"": 195797}"
1782939640127,untrusted-client-4,1,id_honest_baseline,1.376,True,"{""voter_id"": 260519}"
1782939640158,untrusted-client-4,2,checkin_honest_baseline,1.607,True,"{""voter_id"": 260519}"
1782939641364,untrusted-client-4,1,id_honest_baseline,1.441,True,"{""voter_id"": 289625}"
1782939641395,untrusted-client-4,2,checkin_honest_baseline,1.378,True,"{""voter_id"": 289625}"
1782939527037,untrusted-client-6,1,id_honest_baseline,1.953,True,"{""voter_id"": 260059}"
1782939527073,untrusted-client-6,2,checkin_honest_baseline,1.775,True,"{""voter_id"": 260059}"
1782939528311,untrusted-client-6,1,id_honest_baseline,1.173,True,"{""voter_id"": 115619}"
1782939528344,untrusted-client-6,2,checkin_honest_baseline,1.456,True,"{""voter_id"": 115619}"
1782939529570,untrusted-client-6,1,id_honest_baseline,1.526,True,"{""voter_id"": 124027}"
1782939529604,untrusted-client-6,2,checkin_honest_baseline,1.210,True,"{""voter_id"": 124027}"
1782939530844,untrusted-client-6,1,id_honest_baseline,1.754,True,"{""voter_id"": 291718}"
1782939530879,untrusted-client-6,2,checkin_honest_baseline,1.514,True,"{""voter_id"": 291718}"
1782939532113,untrusted-client-6,1,id_honest_baseline,1.195,True,"{""voter_id"": 228072}"
1782939532147,untrusted-client-6,2,checkin_honest_baseline,1.548,True,"{""voter_id"": 228072}"
1782939533388,untrusted-client-6,1,id_honest_baseline,1.507,True,"{""voter_id"": 333988}"
1782939533422,untrusted-client-6,2,checkin_honest_baseline,1.799,True,"{""voter_id"": 333988}"
1782939534660,untrusted-client-6,1,id_honest_baseline,2.184,True,"{""voter_id"": 286728}"
1782939534694,untrusted-client-6,2,checkin_honest_baseline,1.504,True,"{""voter_id"": 286728}"
1782939535925,untrusted-client-6,1,id_honest_baseline,1.956,True,"{""voter_id"": 295355}"
1782939535959,untrusted-client-6,2,checkin_honest_baseline,1.300,True,"{""voter_id"": 295355}"
1782939537190,untrusted-client-6,1,id_honest_baseline,1.371,True,"{""voter_id"": 128730}"
1782939537225,untrusted-client-6,2,checkin_honest_baseline,1.707,True,"{""voter_id"": 128730}"
1782939538467,untrusted-client-6,1,id_honest_baseline,1.170,True,"{""voter_id"": 101073}"
1782939538501,untrusted-client-6,2,checkin_honest_baseline,1.846,True,"{""voter_id"": 101073}"
1782939539734,untrusted-client-6,1,id_honest_baseline,1.305,True,"{""voter_id"": 302722}"
1782939539769,untrusted-client-6,2,checkin_honest_baseline,1.214,True,"{""voter_id"": 302722}"
1782939541015,untrusted-client-6,1,id_honest_baseline,1.823,True,"{""voter_id"": 163751}"
1782939541051,untrusted-client-6,2,checkin_honest_baseline,3.129,True,"{""voter_id"": 163751}"
1782939542291,untrusted-client-6,1,id_honest_baseline,2.781,True,"{""voter_id"": 244322}"
1782939542325,untrusted-client-6,2,checkin_honest_baseline,2.109,True,"{""voter_id"": 244322}"
1782939543558,untrusted-client-6,1,id_honest_baseline,2.346,True,"{""voter_id"": 330285}"
1782939543591,untrusted-client-6,2,checkin_honest_baseline,1.847,True,"{""voter_id"": 330285}"
1782939544829,untrusted-client-6,1,id_honest_baseline,1.281,True,"{""voter_id"": 132296}"
1782939544863,untrusted-client-6,2,checkin_honest_baseline,1.365,True,"{""voter_id"": 132296}"
1782939546095,untrusted-client-6,1,id_honest_baseline,1.545,True,"{""voter_id"": 292314}"
1782939546131,untrusted-client-6,2,checkin_honest_baseline,1.822,True,"{""voter_id"": 292314}"
1782939547374,untrusted-client-6,1,id_honest_baseline,1.426,True,"{""voter_id"": 308611}"
1782939547407,untrusted-client-6,2,checkin_honest_baseline,1.065,True,"{""voter_id"": 308611}"
1782939548642,untrusted-client-6,1,id_honest_baseline,1.544,True,"{""voter_id"": 241021}"
1782939548676,untrusted-client-6,2,checkin_honest_baseline,1.742,True,"{""voter_id"": 241021}"
1782939549914,untrusted-client-6,1,id_honest_baseline,1.650,True,"{""voter_id"": 193815}"
1782939549947,untrusted-client-6,2,checkin_honest_baseline,1.482,True,"{""voter_id"": 193815}"
1782939551187,untrusted-client-6,1,id_honest_baseline,1.569,True,"{""voter_id"": 160833}"
1782939551220,untrusted-client-6,2,checkin_honest_baseline,1.334,True,"{""voter_id"": 160833}"
1782939552460,untrusted-client-6,1,id_honest_baseline,1.218,True,"{""voter_id"": 139848}"
1782939552493,untrusted-client-6,2,checkin_honest_baseline,1.530,True,"{""voter_id"": 139848}"
1782939553742,untrusted-client-6,1,id_honest_baseline,2.271,True,"{""voter_id"": 233808}"
1782939553777,untrusted-client-6,2,checkin_honest_baseline,1.858,True,"{""voter_id"": 233808}"
1782939555014,untrusted-client-6,1,id_honest_baseline,1.721,True,"{""voter_id"": 330711}"
1782939555047,untrusted-client-6,2,checkin_honest_baseline,1.689,True,"{""voter_id"": 330711}"
1782939556281,untrusted-client-6,1,id_honest_baseline,1.631,True,"{""voter_id"": 215877}"
1782939556315,untrusted-client-6,2,checkin_honest_baseline,1.604,True,"{""voter_id"": 215877}"
1782939557556,untrusted-client-6,1,id_honest_baseline,1.637,True,"{""voter_id"": 132711}"
1782939557589,untrusted-client-6,2,checkin_honest_baseline,1.756,True,"{""voter_id"": 132711}"
1782939558827,untrusted-client-6,1,id_honest_baseline,1.892,True,"{""voter_id"": 185101}"
1782939558861,untrusted-client-6,2,checkin_honest_baseline,1.844,True,"{""voter_id"": 185101}"
1782939560096,untrusted-client-6,1,id_honest_baseline,1.552,True,"{""voter_id"": 316393}"
1782939560129,untrusted-client-6,2,checkin_honest_baseline,1.232,True,"{""voter_id"": 316393}"
1782939561368,untrusted-client-6,1,id_honest_baseline,1.597,True,"{""voter_id"": 279184}"
1782939561403,untrusted-client-6,2,checkin_honest_baseline,1.429,True,"{""voter_id"": 279184}"
1782939562631,untrusted-client-6,1,id_honest_baseline,1.247,True,"{""voter_id"": 186621}"
1782939562665,untrusted-client-6,2,checkin_honest_baseline,2.498,True,"{""voter_id"": 186621}"
1782939563893,untrusted-client-6,1,id_honest_baseline,1.471,True,"{""voter_id"": 311418}"
1782939563927,untrusted-client-6,2,checkin_honest_baseline,1.855,True,"{""voter_id"": 311418}"
1782939565158,untrusted-client-6,1,id_honest_baseline,2.128,True,"{""voter_id"": 329436}"
1782939565195,untrusted-client-6,2,checkin_honest_baseline,1.458,True,"{""voter_id"": 329436}"
1782939566420,untrusted-client-6,1,id_honest_baseline,1.754,True,"{""voter_id"": 118665}"
1782939566453,untrusted-client-6,2,checkin_honest_baseline,1.323,True,"{""voter_id"": 118665}"
1782939567670,untrusted-client-6,1,id_honest_baseline,1.480,True,"{""voter_id"": 101794}"
1782939567705,untrusted-client-6,2,checkin_honest_baseline,2.193,True,"{""voter_id"": 101794}"
1782939568920,untrusted-client-6,1,id_honest_baseline,1.470,True,"{""voter_id"": 335825}"
1782939568952,untrusted-client-6,2,checkin_honest_baseline,1.292,True,"{""voter_id"": 335825}"
1782939570169,untrusted-client-6,1,id_honest_baseline,1.876,True,"{""voter_id"": 293528}"
1782939570205,untrusted-client-6,2,checkin_honest_baseline,1.446,True,"{""voter_id"": 293528}"
1782939571420,untrusted-client-6,1,id_honest_baseline,1.469,True,"{""voter_id"": 149605}"
1782939571454,untrusted-client-6,2,checkin_honest_baseline,1.590,True,"{""voter_id"": 149605}"
1782939572674,untrusted-client-6,1,id_honest_baseline,1.719,True,"{""voter_id"": 349430}"
1782939572707,untrusted-client-6,2,checkin_honest_baseline,1.512,True,"{""voter_id"": 349430}"
1782939573928,untrusted-client-6,1,id_honest_baseline,1.416,True,"{""voter_id"": 235665}"
1782939573963,untrusted-client-6,2,checkin_honest_baseline,1.700,True,"{""voter_id"": 235665}"
1782939575185,untrusted-client-6,1,id_honest_baseline,1.331,True,"{""voter_id"": 147330}"
1782939575219,untrusted-client-6,2,checkin_honest_baseline,1.057,True,"{""voter_id"": 147330}"
1782939576435,untrusted-client-6,1,id_honest_baseline,1.464,True,"{""voter_id"": 205251}"
1782939576467,untrusted-client-6,2,checkin_honest_baseline,1.042,True,"{""voter_id"": 205251}"
1782939577685,untrusted-client-6,1,id_honest_baseline,1.472,True,"{""voter_id"": 134737}"
1782939577720,untrusted-client-6,2,checkin_honest_baseline,1.470,True,"{""voter_id"": 134737}"
1782939578934,untrusted-client-6,1,id_honest_baseline,1.773,True,"{""voter_id"": 323308}"
1782939578967,untrusted-client-6,2,checkin_honest_baseline,1.451,True,"{""voter_id"": 323308}"
1782939580194,untrusted-client-6,1,id_honest_baseline,1.325,True,"{""voter_id"": 344345}"
1782939580229,untrusted-client-6,2,checkin_honest_baseline,1.650,True,"{""voter_id"": 344345}"
1782939581454,untrusted-client-6,1,id_honest_baseline,1.388,True,"{""voter_id"": 185924}"
1782939581487,untrusted-client-6,2,checkin_honest_baseline,1.425,True,"{""voter_id"": 185924}"
1782939582702,untrusted-client-6,1,id_honest_baseline,1.440,True,"{""voter_id"": 189276}"
1782939582734,untrusted-client-6,2,checkin_honest_baseline,1.307,True,"{""voter_id"": 189276}"
1782939583945,untrusted-client-6,1,id_honest_baseline,1.508,True,"{""voter_id"": 133930}"
1782939583978,untrusted-client-6,2,checkin_honest_baseline,0.979,True,"{""voter_id"": 133930}"
1782939585187,untrusted-client-6,1,id_honest_baseline,1.435,True,"{""voter_id"": 205625}"
1782939585219,untrusted-client-6,2,checkin_honest_baseline,1.656,True,"{""voter_id"": 205625}"
1782939586431,untrusted-client-6,1,id_honest_baseline,1.787,True,"{""voter_id"": 309606}"
1782939586464,untrusted-client-6,2,checkin_honest_baseline,1.270,True,"{""voter_id"": 309606}"
1782939587674,untrusted-client-6,1,id_honest_baseline,1.560,True,"{""voter_id"": 339981}"
1782939587706,untrusted-client-6,2,checkin_honest_baseline,1.032,True,"{""voter_id"": 339981}"
1782939588917,untrusted-client-6,1,id_honest_baseline,1.321,True,"{""voter_id"": 124731}"
1782939588950,untrusted-client-6,2,checkin_honest_baseline,1.503,True,"{""voter_id"": 124731}"
1782939590172,untrusted-client-6,1,id_honest_baseline,1.555,True,"{""voter_id"": 192439}"
1782939590207,untrusted-client-6,2,checkin_honest_baseline,1.026,True,"{""voter_id"": 192439}"
1782939591421,untrusted-client-6,1,id_honest_baseline,1.232,True,"{""voter_id"": 312439}"
1782939591453,untrusted-client-6,2,checkin_honest_baseline,1.514,True,"{""voter_id"": 312439}"
1782939592686,untrusted-client-6,1,id_honest_baseline,1.432,True,"{""voter_id"": 157955}"
1782939592720,untrusted-client-6,2,checkin_honest_baseline,1.728,True,"{""voter_id"": 157955}"
1782939593937,untrusted-client-6,1,id_honest_baseline,1.535,True,"{""voter_id"": 250211}"
1782939593968,untrusted-client-6,2,checkin_honest_baseline,0.995,True,"{""voter_id"": 250211}"
1782939595181,untrusted-client-6,1,id_honest_baseline,1.579,True,"{""voter_id"": 135505}"
1782939595215,untrusted-client-6,2,checkin_honest_baseline,1.374,True,"{""voter_id"": 135505}"
1782939596431,untrusted-client-6,1,id_honest_baseline,1.468,True,"{""voter_id"": 106673}"
1782939596465,untrusted-client-6,2,checkin_honest_baseline,1.758,True,"{""voter_id"": 106673}"
1782939597685,untrusted-client-6,1,id_honest_baseline,1.303,True,"{""voter_id"": 244948}"
1782939597719,untrusted-client-6,2,checkin_honest_baseline,1.782,True,"{""voter_id"": 244948}"
1782939598937,untrusted-client-6,1,id_honest_baseline,1.044,True,"{""voter_id"": 156187}"
1782939598971,untrusted-client-6,2,checkin_honest_baseline,1.575,True,"{""voter_id"": 156187}"
1782939600182,untrusted-client-6,1,id_honest_baseline,1.469,True,"{""voter_id"": 137144}"
1782939600214,untrusted-client-6,2,checkin_honest_baseline,1.176,True,"{""voter_id"": 137144}"
1782939601427,untrusted-client-6,1,id_honest_baseline,1.507,True,"{""voter_id"": 287489}"
1782939601460,untrusted-client-6,2,checkin_honest_baseline,1.507,True,"{""voter_id"": 287489}"
1782939602673,untrusted-client-6,1,id_honest_baseline,1.280,True,"{""voter_id"": 108738}"
1782939602706,untrusted-client-6,2,checkin_honest_baseline,1.513,True,"{""voter_id"": 108738}"
1782939603918,untrusted-client-6,1,id_honest_baseline,1.479,True,"{""voter_id"": 128046}"
1782939603950,untrusted-client-6,2,checkin_honest_baseline,1.109,True,"{""voter_id"": 128046}"
1782939605165,untrusted-client-6,1,id_honest_baseline,1.476,True,"{""voter_id"": 282365}"
1782939605199,untrusted-client-6,2,checkin_honest_baseline,1.842,True,"{""voter_id"": 282365}"
1782939606413,untrusted-client-6,1,id_honest_baseline,1.463,True,"{""voter_id"": 281146}"
1782939606446,untrusted-client-6,2,checkin_honest_baseline,1.656,True,"{""voter_id"": 281146}"
1782939607662,untrusted-client-6,1,id_honest_baseline,1.501,True,"{""voter_id"": 277405}"
1782939607695,untrusted-client-6,2,checkin_honest_baseline,1.147,True,"{""voter_id"": 277405}"
1782939608906,untrusted-client-6,1,id_honest_baseline,1.687,True,"{""voter_id"": 131692}"
1782939608940,untrusted-client-6,2,checkin_honest_baseline,1.654,True,"{""voter_id"": 131692}"
1782939610148,untrusted-client-6,1,id_honest_baseline,2.065,True,"{""voter_id"": 331639}"
1782939610180,untrusted-client-6,2,checkin_honest_baseline,1.253,True,"{""voter_id"": 331639}"
1782939611400,untrusted-client-6,1,id_honest_baseline,1.695,True,"{""voter_id"": 171579}"
1782939611434,untrusted-client-6,2,checkin_honest_baseline,1.237,True,"{""voter_id"": 171579}"
1782939612652,untrusted-client-6,1,id_honest_baseline,1.381,True,"{""voter_id"": 130745}"
1782939612685,untrusted-client-6,2,checkin_honest_baseline,1.231,True,"{""voter_id"": 130745}"
1782939613896,untrusted-client-6,1,id_honest_baseline,1.575,True,"{""voter_id"": 334895}"
1782939613930,untrusted-client-6,2,checkin_honest_baseline,1.403,True,"{""voter_id"": 334895}"
1782939615148,untrusted-client-6,1,id_honest_baseline,1.737,True,"{""voter_id"": 287230}"
1782939615182,untrusted-client-6,2,checkin_honest_baseline,1.231,True,"{""voter_id"": 287230}"
1782939616391,untrusted-client-6,1,id_honest_baseline,1.844,True,"{""voter_id"": 160925}"
1782939616424,untrusted-client-6,2,checkin_honest_baseline,1.736,True,"{""voter_id"": 160925}"
1782939617635,untrusted-client-6,1,id_honest_baseline,1.223,True,"{""voter_id"": 103833}"
1782939617667,untrusted-client-6,2,checkin_honest_baseline,1.068,True,"{""voter_id"": 103833}"
1782939618884,untrusted-client-6,1,id_honest_baseline,1.712,True,"{""voter_id"": 130552}"
1782939618917,untrusted-client-6,2,checkin_honest_baseline,1.192,True,"{""voter_id"": 130552}"
1782939620129,untrusted-client-6,1,id_honest_baseline,2.430,True,"{""voter_id"": 163298}"
1782939620163,untrusted-client-6,2,checkin_honest_baseline,1.687,True,"{""voter_id"": 163298}"
1782939621387,untrusted-client-6,1,id_honest_baseline,1.629,True,"{""voter_id"": 179832}"
1782939621419,untrusted-client-6,2,checkin_honest_baseline,1.065,True,"{""voter_id"": 179832}"
1782939622630,untrusted-client-6,1,id_honest_baseline,1.286,True,"{""voter_id"": 224837}"
1782939622663,untrusted-client-6,2,checkin_honest_baseline,1.144,True,"{""voter_id"": 224837}"
1782939623875,untrusted-client-6,1,id_honest_baseline,1.474,True,"{""voter_id"": 344658}"
1782939623907,untrusted-client-6,2,checkin_honest_baseline,1.435,True,"{""voter_id"": 344658}"
1782939625115,untrusted-client-6,1,id_honest_baseline,1.397,True,"{""voter_id"": 269235}"
1782939625147,untrusted-client-6,2,checkin_honest_baseline,1.570,True,"{""voter_id"": 269235}"
1782939626356,untrusted-client-6,1,id_honest_baseline,1.778,True,"{""voter_id"": 294783}"
1782939626389,untrusted-client-6,2,checkin_honest_baseline,2.070,True,"{""voter_id"": 294783}"
1782939627602,untrusted-client-6,1,id_honest_baseline,1.888,True,"{""voter_id"": 333992}"
1782939627636,untrusted-client-6,2,checkin_honest_baseline,1.334,True,"{""voter_id"": 333992}"
1782939628842,untrusted-client-6,1,id_honest_baseline,1.685,True,"{""voter_id"": 288339}"
1782939628874,untrusted-client-6,2,checkin_honest_baseline,1.340,True,"{""voter_id"": 288339}"
1782939630083,untrusted-client-6,1,id_honest_baseline,2.039,True,"{""voter_id"": 184321}"
1782939630116,untrusted-client-6,2,checkin_honest_baseline,1.307,True,"{""voter_id"": 184321}"
1782939631332,untrusted-client-6,1,id_honest_baseline,1.711,True,"{""voter_id"": 335452}"
1782939631366,untrusted-client-6,2,checkin_honest_baseline,2.724,True,"{""voter_id"": 335452}"
1782939632564,untrusted-client-6,1,id_honest_baseline,1.393,True,"{""voter_id"": 214923}"
1782939632596,untrusted-client-6,2,checkin_honest_baseline,1.219,True,"{""voter_id"": 214923}"
1782939633796,untrusted-client-6,1,id_honest_baseline,1.373,True,"{""voter_id"": 143620}"
1782939633829,untrusted-client-6,2,checkin_honest_baseline,2.349,True,"{""voter_id"": 143620}"
1782939635025,untrusted-client-6,1,id_honest_baseline,1.683,True,"{""voter_id"": 297338}"
1782939635056,untrusted-client-6,2,checkin_honest_baseline,1.433,True,"{""voter_id"": 297338}"
1782939636259,untrusted-client-6,1,id_honest_baseline,1.727,True,"{""voter_id"": 236176}"
1782939636290,untrusted-client-6,2,checkin_honest_baseline,1.024,True,"{""voter_id"": 236176}"
1782939637487,untrusted-client-6,1,id_honest_baseline,2.024,True,"{""voter_id"": 163048}"
1782939637519,untrusted-client-6,2,checkin_honest_baseline,1.089,True,"{""voter_id"": 163048}"
1782939638717,untrusted-client-6,1,id_honest_baseline,2.370,True,"{""voter_id"": 198739}"
1782939638749,untrusted-client-6,2,checkin_honest_baseline,1.876,True,"{""voter_id"": 198739}"
1782939639947,untrusted-client-6,1,id_honest_baseline,1.626,True,"{""voter_id"": 346610}"
1782939639978,untrusted-client-6,2,checkin_honest_baseline,1.023,True,"{""voter_id"": 346610}"
1782939641182,untrusted-client-6,1,id_honest_baseline,1.610,True,"{""voter_id"": 274446}"
1782939641213,untrusted-client-6,2,checkin_honest_baseline,1.064,True,"{""voter_id"": 274446}"
1782939642422,untrusted-client-6,1,id_honest_baseline,1.986,True,"{""voter_id"": 220370}"
1782939642453,untrusted-client-6,2,checkin_honest_baseline,1.489,True,"{""voter_id"": 220370}"
1782939643658,untrusted-client-6,1,id_honest_baseline,2.191,True,"{""voter_id"": 145235}"
1782939643688,untrusted-client-6,2,checkin_honest_baseline,1.303,True,"{""voter_id"": 145235}"
1782939644884,untrusted-client-6,1,id_honest_baseline,1.345,True,"{""voter_id"": 239796}"
1782939644916,untrusted-client-6,2,checkin_honest_baseline,1.665,True,"{""voter_id"": 239796}"
1782939646108,untrusted-client-6,1,id_honest_baseline,1.533,True,"{""voter_id"": 318337}"
1782939646139,untrusted-client-6,2,checkin_honest_baseline,1.322,True,"{""voter_id"": 318337}"
1782939647334,untrusted-client-6,1,id_honest_baseline,1.668,True,"{""voter_id"": 105431}"
1782939647364,untrusted-client-6,2,checkin_honest_baseline,1.226,True,"{""voter_id"": 105431}"
1782939648560,untrusted-client-6,1,id_honest_baseline,1.633,True,"{""voter_id"": 106850}"
1782939648591,untrusted-client-6,2,checkin_honest_baseline,1.305,True,"{""voter_id"": 106850}"
1782939649789,untrusted-client-6,1,id_honest_baseline,1.395,True,"{""voter_id"": 120227}"
1782939649820,untrusted-client-6,2,checkin_honest_baseline,1.348,True,"{""voter_id"": 120227}"
1782939651018,untrusted-client-6,1,id_honest_baseline,1.387,True,"{""voter_id"": 151098}"
1782939651049,untrusted-client-6,2,checkin_honest_baseline,1.689,True,"{""voter_id"": 151098}"
1782939537094,untrusted-client-8,1,id_honest_baseline,2.187,True,"{""voter_id"": 285413}"
1782939537129,untrusted-client-8,2,checkin_honest_baseline,1.414,True,"{""voter_id"": 285413}"
1782939538377,untrusted-client-8,1,id_honest_baseline,1.828,True,"{""voter_id"": 145729}"
1782939538413,untrusted-client-8,2,checkin_honest_baseline,1.327,True,"{""voter_id"": 145729}"
1782939539644,untrusted-client-8,1,id_honest_baseline,1.528,True,"{""voter_id"": 259152}"
1782939539680,untrusted-client-8,2,checkin_honest_baseline,1.651,True,"{""voter_id"": 259152}"
1782939540920,untrusted-client-8,1,id_honest_baseline,1.627,True,"{""voter_id"": 184154}"
1782939540956,untrusted-client-8,2,checkin_honest_baseline,1.942,True,"{""voter_id"": 184154}"
1782939542190,untrusted-client-8,1,id_honest_baseline,1.530,True,"{""voter_id"": 294203}"
1782939542225,untrusted-client-8,2,checkin_honest_baseline,1.482,True,"{""voter_id"": 294203}"
1782939543453,untrusted-client-8,1,id_honest_baseline,1.533,True,"{""voter_id"": 248921}"
1782939543489,untrusted-client-8,2,checkin_honest_baseline,1.513,True,"{""voter_id"": 248921}"
1782939544715,untrusted-client-8,1,id_honest_baseline,2.478,True,"{""voter_id"": 272662}"
1782939544751,untrusted-client-8,2,checkin_honest_baseline,1.041,True,"{""voter_id"": 272662}"
1782939545976,untrusted-client-8,1,id_honest_baseline,1.639,True,"{""voter_id"": 211117}"
1782939546012,untrusted-client-8,2,checkin_honest_baseline,1.870,True,"{""voter_id"": 211117}"
1782939547243,untrusted-client-8,1,id_honest_baseline,1.727,True,"{""voter_id"": 198751}"
1782939547278,untrusted-client-8,2,checkin_honest_baseline,1.129,True,"{""voter_id"": 198751}"
1782939548508,untrusted-client-8,1,id_honest_baseline,1.426,True,"{""voter_id"": 116982}"
1782939548544,untrusted-client-8,2,checkin_honest_baseline,1.378,True,"{""voter_id"": 116982}"
1782939549769,untrusted-client-8,1,id_honest_baseline,1.828,True,"{""voter_id"": 276426}"
1782939549802,untrusted-client-8,2,checkin_honest_baseline,1.285,True,"{""voter_id"": 276426}"
1782939551025,untrusted-client-8,1,id_honest_baseline,1.501,True,"{""voter_id"": 119383}"
1782939551059,untrusted-client-8,2,checkin_honest_baseline,1.591,True,"{""voter_id"": 119383}"
1782939552292,untrusted-client-8,1,id_honest_baseline,2.093,True,"{""voter_id"": 285444}"
1782939552328,untrusted-client-8,2,checkin_honest_baseline,1.351,True,"{""voter_id"": 285444}"
1782939553564,untrusted-client-8,1,id_honest_baseline,1.969,True,"{""voter_id"": 289283}"
1782939553599,untrusted-client-8,2,checkin_honest_baseline,2.158,True,"{""voter_id"": 289283}"
1782939554815,untrusted-client-8,1,id_honest_baseline,1.366,True,"{""voter_id"": 127535}"
1782939554849,untrusted-client-8,2,checkin_honest_baseline,1.435,True,"{""voter_id"": 127535}"
1782939556069,untrusted-client-8,1,id_honest_baseline,1.494,True,"{""voter_id"": 346198}"
1782939556103,untrusted-client-8,2,checkin_honest_baseline,1.254,True,"{""voter_id"": 346198}"
1782939557311,untrusted-client-8,1,id_honest_baseline,1.457,True,"{""voter_id"": 271533}"
1782939557344,untrusted-client-8,2,checkin_honest_baseline,1.567,True,"{""voter_id"": 271533}"
1782939558551,untrusted-client-8,1,id_honest_baseline,1.389,True,"{""voter_id"": 207904}"
1782939558583,untrusted-client-8,2,checkin_honest_baseline,1.540,True,"{""voter_id"": 207904}"
1782939559785,untrusted-client-8,1,id_honest_baseline,1.500,True,"{""voter_id"": 170646}"
1782939559817,untrusted-client-8,2,checkin_honest_baseline,1.387,True,"{""voter_id"": 170646}"
1782939561018,untrusted-client-8,1,id_honest_baseline,1.552,True,"{""voter_id"": 292499}"
1782939561051,untrusted-client-8,2,checkin_honest_baseline,1.649,True,"{""voter_id"": 292499}"
1782939562258,untrusted-client-8,1,id_honest_baseline,1.593,True,"{""voter_id"": 116979}"
1782939562291,untrusted-client-8,2,checkin_honest_baseline,1.787,True,"{""voter_id"": 116979}"
1782939563493,untrusted-client-8,1,id_honest_baseline,1.384,True,"{""voter_id"": 175188}"
1782939563525,untrusted-client-8,2,checkin_honest_baseline,1.199,True,"{""voter_id"": 175188}"
1782939564728,untrusted-client-8,1,id_honest_baseline,1.573,True,"{""voter_id"": 237098}"
1782939564761,untrusted-client-8,2,checkin_honest_baseline,1.716,True,"{""voter_id"": 237098}"
1782939565971,untrusted-client-8,1,id_honest_baseline,1.614,True,"{""voter_id"": 344658}"
1782939566002,untrusted-client-8,2,checkin_honest_baseline,1.538,True,"{""voter_id"": 344658}"
1782939567205,untrusted-client-8,1,id_honest_baseline,1.451,True,"{""voter_id"": 108537}"
1782939567238,untrusted-client-8,2,checkin_honest_baseline,1.723,True,"{""voter_id"": 108537}"
1782939568444,untrusted-client-8,1,id_honest_baseline,1.691,True,"{""voter_id"": 336046}"
1782939568477,untrusted-client-8,2,checkin_honest_baseline,1.579,True,"{""voter_id"": 336046}"
1782939569680,untrusted-client-8,1,id_honest_baseline,1.406,True,"{""voter_id"": 320196}"
1782939569712,untrusted-client-8,2,checkin_honest_baseline,1.325,True,"{""voter_id"": 320196}"
1782939570923,untrusted-client-8,1,id_honest_baseline,1.868,True,"{""voter_id"": 200341}"
1782939570956,untrusted-client-8,2,checkin_honest_baseline,1.255,True,"{""voter_id"": 200341}"
1782939572168,untrusted-client-8,1,id_honest_baseline,1.169,True,"{""voter_id"": 286453}"
1782939572199,untrusted-client-8,2,checkin_honest_baseline,1.622,True,"{""voter_id"": 286453}"
1782939573415,untrusted-client-8,1,id_honest_baseline,1.677,True,"{""voter_id"": 276805}"
1782939573449,untrusted-client-8,2,checkin_honest_baseline,1.391,True,"{""voter_id"": 276805}"
1782939574661,untrusted-client-8,1,id_honest_baseline,1.446,True,"{""voter_id"": 232941}"
1782939574693,untrusted-client-8,2,checkin_honest_baseline,1.916,True,"{""voter_id"": 232941}"
1782939575902,untrusted-client-8,1,id_honest_baseline,1.457,True,"{""voter_id"": 306663}"
1782939575934,untrusted-client-8,2,checkin_honest_baseline,1.624,True,"{""voter_id"": 306663}"
1782939577137,untrusted-client-8,1,id_honest_baseline,1.839,True,"{""voter_id"": 159285}"
1782939577169,untrusted-client-8,2,checkin_honest_baseline,1.312,True,"{""voter_id"": 159285}"
1782939578375,untrusted-client-8,1,id_honest_baseline,1.878,True,"{""voter_id"": 290243}"
1782939578408,untrusted-client-8,2,checkin_honest_baseline,2.123,True,"{""voter_id"": 290243}"
1782939579615,untrusted-client-8,1,id_honest_baseline,1.553,True,"{""voter_id"": 196255}"
1782939579647,untrusted-client-8,2,checkin_honest_baseline,1.581,True,"{""voter_id"": 196255}"
1782939580864,untrusted-client-8,1,id_honest_baseline,1.732,True,"{""voter_id"": 303753}"
1782939580897,untrusted-client-8,2,checkin_honest_baseline,1.476,True,"{""voter_id"": 303753}"
1782939582116,untrusted-client-8,1,id_honest_baseline,1.410,True,"{""voter_id"": 208347}"
1782939582150,untrusted-client-8,2,checkin_honest_baseline,1.273,True,"{""voter_id"": 208347}"
1782939583400,untrusted-client-8,1,id_honest_baseline,1.768,True,"{""voter_id"": 113508}"
1782939583434,untrusted-client-8,2,checkin_honest_baseline,1.150,True,"{""voter_id"": 113508}"
1782939584653,untrusted-client-8,1,id_honest_baseline,1.340,True,"{""voter_id"": 237098}"
1782939584686,untrusted-client-8,2,checkin_honest_baseline,1.645,True,"{""voter_id"": 237098}"
1782939585904,untrusted-client-8,1,id_honest_baseline,1.321,True,"{""voter_id"": 278052}"
1782939585937,untrusted-client-8,2,checkin_honest_baseline,1.384,True,"{""voter_id"": 278052}"
1782939587159,untrusted-client-8,1,id_honest_baseline,1.704,True,"{""voter_id"": 187222}"
1782939587192,untrusted-client-8,2,checkin_honest_baseline,1.476,True,"{""voter_id"": 187222}"
1782939588416,untrusted-client-8,1,id_honest_baseline,2.521,True,"{""voter_id"": 197030}"
1782939588448,untrusted-client-8,2,checkin_honest_baseline,1.533,True,"{""voter_id"": 197030}"
1782939589677,untrusted-client-8,1,id_honest_baseline,1.471,True,"{""voter_id"": 162563}"
1782939589709,untrusted-client-8,2,checkin_honest_baseline,1.401,True,"{""voter_id"": 162563}"
1782939590939,untrusted-client-8,1,id_honest_baseline,1.445,True,"{""voter_id"": 227235}"
1782939590972,untrusted-client-8,2,checkin_honest_baseline,1.557,True,"{""voter_id"": 227235}"
1782939592195,untrusted-client-8,1,id_honest_baseline,1.473,True,"{""voter_id"": 218983}"
1782939592229,untrusted-client-8,2,checkin_honest_baseline,1.294,True,"{""voter_id"": 218983}"
1782939593452,untrusted-client-8,1,id_honest_baseline,1.584,True,"{""voter_id"": 121041}"
1782939593487,untrusted-client-8,2,checkin_honest_baseline,1.749,True,"{""voter_id"": 121041}"
1782939594711,untrusted-client-8,1,id_honest_baseline,1.472,True,"{""voter_id"": 219292}"
1782939594743,untrusted-client-8,2,checkin_honest_baseline,0.858,True,"{""voter_id"": 219292}"
1782939595962,untrusted-client-8,1,id_honest_baseline,1.415,True,"{""voter_id"": 345483}"
1782939595995,untrusted-client-8,2,checkin_honest_baseline,1.209,True,"{""voter_id"": 345483}"
1782939597218,untrusted-client-8,1,id_honest_baseline,1.617,True,"{""voter_id"": 293141}"
1782939597251,untrusted-client-8,2,checkin_honest_baseline,1.672,True,"{""voter_id"": 293141}"
1782939598473,untrusted-client-8,1,id_honest_baseline,1.719,True,"{""voter_id"": 130082}"
1782939598508,untrusted-client-8,2,checkin_honest_baseline,2.016,True,"{""voter_id"": 130082}"
1782939599730,untrusted-client-8,1,id_honest_baseline,1.192,True,"{""voter_id"": 144578}"
1782939599763,untrusted-client-8,2,checkin_honest_baseline,2.500,True,"{""voter_id"": 144578}"
1782939600980,untrusted-client-8,1,id_honest_baseline,1.398,True,"{""voter_id"": 263279}"
1782939601013,untrusted-client-8,2,checkin_honest_baseline,1.324,True,"{""voter_id"": 263279}"
1782939602229,untrusted-client-8,1,id_honest_baseline,1.599,True,"{""voter_id"": 132114}"
1782939602262,untrusted-client-8,2,checkin_honest_baseline,1.239,True,"{""voter_id"": 132114}"
1782939603477,untrusted-client-8,1,id_honest_baseline,1.833,True,"{""voter_id"": 186294}"
1782939603512,untrusted-client-8,2,checkin_honest_baseline,3.457,True,"{""voter_id"": 186294}"
1782939604726,untrusted-client-8,1,id_honest_baseline,1.407,True,"{""voter_id"": 184809}"
1782939604759,untrusted-client-8,2,checkin_honest_baseline,1.280,True,"{""voter_id"": 184809}"
1782939605966,untrusted-client-8,1,id_honest_baseline,1.595,True,"{""voter_id"": 149240}"
1782939605998,untrusted-client-8,2,checkin_honest_baseline,1.321,True,"{""voter_id"": 149240}"
1782939607201,untrusted-client-8,1,id_honest_baseline,1.545,True,"{""voter_id"": 222454}"
1782939607233,untrusted-client-8,2,checkin_honest_baseline,1.356,True,"{""voter_id"": 222454}"
1782939608441,untrusted-client-8,1,id_honest_baseline,1.468,True,"{""voter_id"": 280301}"
1782939608474,untrusted-client-8,2,checkin_honest_baseline,1.597,True,"{""voter_id"": 280301}"
1782939609679,untrusted-client-8,1,id_honest_baseline,1.327,True,"{""voter_id"": 292314}"
1782939609711,untrusted-client-8,2,checkin_honest_baseline,1.141,True,"{""voter_id"": 292314}"
1782939610913,untrusted-client-8,1,id_honest_baseline,1.258,True,"{""voter_id"": 107829}"
1782939610944,untrusted-client-8,2,checkin_honest_baseline,1.237,True,"{""voter_id"": 107829}"
1782939612163,untrusted-client-8,1,id_honest_baseline,1.446,True,"{""voter_id"": 218238}"
1782939612198,untrusted-client-8,2,checkin_honest_baseline,1.378,True,"{""voter_id"": 218238}"
1782939613412,untrusted-client-8,1,id_honest_baseline,1.875,True,"{""voter_id"": 194845}"
1782939613449,untrusted-client-8,2,checkin_honest_baseline,1.278,True,"{""voter_id"": 194845}"
1782939614660,untrusted-client-8,1,id_honest_baseline,1.207,True,"{""voter_id"": 343790}"
1782939614693,untrusted-client-8,2,checkin_honest_baseline,1.833,True,"{""voter_id"": 343790}"
1782939615896,untrusted-client-8,1,id_honest_baseline,1.391,True,"{""voter_id"": 132713}"
1782939615929,untrusted-client-8,2,checkin_honest_baseline,1.645,True,"{""voter_id"": 132713}"
1782939617134,untrusted-client-8,1,id_honest_baseline,1.098,True,"{""voter_id"": 114512}"
1782939617167,untrusted-client-8,2,checkin_honest_baseline,2.214,True,"{""voter_id"": 114512}"
1782939618372,untrusted-client-8,1,id_honest_baseline,1.429,True,"{""voter_id"": 123701}"
1782939618404,untrusted-client-8,2,checkin_honest_baseline,1.617,True,"{""voter_id"": 123701}"
1782939619609,untrusted-client-8,1,id_honest_baseline,1.458,True,"{""voter_id"": 149606}"
1782939619640,untrusted-client-8,2,checkin_honest_baseline,1.415,True,"{""voter_id"": 149606}"
1782939620854,untrusted-client-8,1,id_honest_baseline,1.419,True,"{""voter_id"": 253700}"
1782939620888,untrusted-client-8,2,checkin_honest_baseline,1.712,True,"{""voter_id"": 253700}"
1782939622099,untrusted-client-8,1,id_honest_baseline,1.304,True,"{""voter_id"": 317840}"
1782939622133,untrusted-client-8,2,checkin_honest_baseline,1.236,True,"{""voter_id"": 317840}"
1782939623333,untrusted-client-8,1,id_honest_baseline,2.629,True,"{""voter_id"": 163756}"
1782939623364,untrusted-client-8,2,checkin_honest_baseline,1.451,True,"{""voter_id"": 163756}"
1782939624555,untrusted-client-8,1,id_honest_baseline,1.417,True,"{""voter_id"": 324399}"
1782939624586,untrusted-client-8,2,checkin_honest_baseline,1.271,True,"{""voter_id"": 324399}"
1782939625780,untrusted-client-8,1,id_honest_baseline,1.654,True,"{""voter_id"": 130740}"
1782939625811,untrusted-client-8,2,checkin_honest_baseline,1.698,True,"{""voter_id"": 130740}"
1782939627032,untrusted-client-8,1,id_honest_baseline,1.748,True,"{""voter_id"": 229918}"
1782939627063,untrusted-client-8,2,checkin_honest_baseline,1.615,True,"{""voter_id"": 229918}"
1782939628258,untrusted-client-8,1,id_honest_baseline,1.622,True,"{""voter_id"": 162564}"
1782939628289,untrusted-client-8,2,checkin_honest_baseline,1.304,True,"{""voter_id"": 162564}"
1782939629483,untrusted-client-8,1,id_honest_baseline,1.591,True,"{""voter_id"": 308183}"
1782939629515,untrusted-client-8,2,checkin_honest_baseline,1.846,True,"{""voter_id"": 308183}"
1782939630710,untrusted-client-8,1,id_honest_baseline,1.805,True,"{""voter_id"": 307241}"
1782939630740,untrusted-client-8,2,checkin_honest_baseline,1.363,True,"{""voter_id"": 307241}"
1782939631949,untrusted-client-8,1,id_honest_baseline,1.704,True,"{""voter_id"": 137432}"
1782939631979,untrusted-client-8,2,checkin_honest_baseline,1.284,True,"{""voter_id"": 137432}"
1782939633174,untrusted-client-8,1,id_honest_baseline,1.404,True,"{""voter_id"": 202150}"
1782939633205,untrusted-client-8,2,checkin_honest_baseline,1.565,True,"{""voter_id"": 202150}"
1782939634405,untrusted-client-8,1,id_honest_baseline,1.376,True,"{""voter_id"": 158801}"
1782939634439,untrusted-client-8,2,checkin_honest_baseline,1.419,True,"{""voter_id"": 158801}"
1782939635636,untrusted-client-8,1,id_honest_baseline,1.561,True,"{""voter_id"": 229914}"
1782939635666,untrusted-client-8,2,checkin_honest_baseline,1.175,True,"{""voter_id"": 229914}"
1782939636865,untrusted-client-8,1,id_honest_baseline,1.416,True,"{""voter_id"": 145731}"
1782939636896,untrusted-client-8,2,checkin_honest_baseline,1.404,True,"{""voter_id"": 145731}"
1782939638090,untrusted-client-8,1,id_honest_baseline,1.802,True,"{""voter_id"": 205552}"
1782939638122,untrusted-client-8,2,checkin_honest_baseline,1.320,True,"{""voter_id"": 205552}"
1782939639315,untrusted-client-8,1,id_honest_baseline,1.613,True,"{""voter_id"": 113835}"
1782939639346,untrusted-client-8,2,checkin_honest_baseline,1.422,True,"{""voter_id"": 113835}"
1782939640543,untrusted-client-8,1,id_honest_baseline,1.522,True,"{""voter_id"": 136903}"
1782939640574,untrusted-client-8,2,checkin_honest_baseline,1.584,True,"{""voter_id"": 136903}"
1782939641772,untrusted-client-8,1,id_honest_baseline,1.384,True,"{""voter_id"": 223626}"
1782939641804,untrusted-client-8,2,checkin_honest_baseline,1.643,True,"{""voter_id"": 223626}"
1782939643004,untrusted-client-8,1,id_honest_baseline,1.404,True,"{""voter_id"": 308820}"
1782939643036,untrusted-client-8,2,checkin_honest_baseline,1.316,True,"{""voter_id"": 308820}"
1782939644230,untrusted-client-8,1,id_honest_baseline,1.611,True,"{""voter_id"": 202146}"
1782939644261,untrusted-client-8,2,checkin_honest_baseline,1.520,True,"{""voter_id"": 202146}"
1782939645460,untrusted-client-8,1,id_honest_baseline,1.722,True,"{""voter_id"": 291105}"
1782939645491,untrusted-client-8,2,checkin_honest_baseline,1.613,True,"{""voter_id"": 291105}"
1782939646684,untrusted-client-8,1,id_honest_baseline,1.248,True,"{""voter_id"": 126341}"
1782939646714,untrusted-client-8,2,checkin_honest_baseline,1.454,True,"{""voter_id"": 126341}"
1782939647908,untrusted-client-8,1,id_honest_baseline,1.453,True,"{""voter_id"": 222454}"
1782939647939,untrusted-client-8,2,checkin_honest_baseline,1.289,True,"{""voter_id"": 222454}"
1782939649133,untrusted-client-8,1,id_honest_baseline,2.245,True,"{""voter_id"": 105842}"
1782939649164,untrusted-client-8,2,checkin_honest_baseline,1.621,True,"{""voter_id"": 105842}"
1782939650363,untrusted-client-8,1,id_honest_baseline,1.603,True,"{""voter_id"": 166428}"
1782939650394,untrusted-client-8,2,checkin_honest_baseline,1.386,True,"{""voter_id"": 166428}"
1782939651595,untrusted-client-8,1,id_honest_baseline,1.908,True,"{""voter_id"": 305339}"
1782939651625,untrusted-client-8,2,checkin_honest_baseline,1.352,True,"{""voter_id"": 305339}"
1782939652827,untrusted-client-8,1,id_honest_baseline,2.098,True,"{""voter_id"": 160833}"
1782939652859,untrusted-client-8,2,checkin_honest_baseline,1.061,True,"{""voter_id"": 160833}"
1782939654057,untrusted-client-8,1,id_honest_baseline,1.659,True,"{""voter_id"": 274804}"
1782939654088,untrusted-client-8,2,checkin_honest_baseline,1.335,True,"{""voter_id"": 274804}"
1782939655285,untrusted-client-8,1,id_honest_baseline,1.566,True,"{""voter_id"": 302806}"
1782939655317,untrusted-client-8,2,checkin_honest_baseline,1.600,True,"{""voter_id"": 302806}"
1782939656508,untrusted-client-8,1,id_honest_baseline,1.434,True,"{""voter_id"": 334895}"
1782939656538,untrusted-client-8,2,checkin_honest_baseline,1.281,True,"{""voter_id"": 334895}"
1782939657733,untrusted-client-8,1,id_honest_baseline,1.972,True,"{""voter_id"": 225692}"
1782939657763,untrusted-client-8,2,checkin_honest_baseline,1.394,True,"{""voter_id"": 225692}"
1782939658956,untrusted-client-8,1,id_honest_baseline,1.655,True,"{""voter_id"": 284856}"
1782939658986,untrusted-client-8,2,checkin_honest_baseline,1.471,True,"{""voter_id"": 284856}"
1782939660183,untrusted-client-8,1,id_honest_baseline,1.835,True,"{""voter_id"": 186620}"
1782939660214,untrusted-client-8,2,checkin_honest_baseline,1.512,True,"{""voter_id"": 186620}"
1782831415802,untrusted-client-0,1,aggressor_id,1.671,True,"{""voter_id"": 256703, ""attack"": ""spoofed-client-id""}"
1782831415833,untrusted-client-0,2,attacker_reaction,1.343,True,"{""voter_id"": 256703, ""attack"": ""spoofed-client-id""}"
1782831417024,untrusted-client-0,1,aggressor_id,1.389,True,"{""voter_id"": 223855, ""attack"": ""garbage""}"
1782831417055,untrusted-client-0,2,attacker_reaction,1.313,True,"{""voter_id"": 223855, ""attack"": ""garbage""}"
1782831418245,untrusted-client-0,1,aggressor_id,1.562,True,"{""voter_id"": 277883, ""attack"": ""tampered-body""}"
1782831418275,untrusted-client-0,2,attacker_reaction,1.211,True,"{""voter_id"": 277883, ""attack"": ""tampered-body""}"
1782831419466,untrusted-client-0,1,aggressor_id,1.627,True,"{""voter_id"": 170422, ""attack"": ""garbage""}"
1782831419496,untrusted-client-0,2,attacker_reaction,1.184,True,"{""voter_id"": 170422, ""attack"": ""garbage""}"
1782831420690,untrusted-client-0,1,aggressor_id,1.571,True,"{""voter_id"": 249882, ""attack"": ""simple-replay""}"
1782831420721,untrusted-client-0,2,aggressor_replay_first,1.673,True,"{""voter_id"": 249882, ""attack"": ""simple-replay""}"
1782831420726,untrusted-client-0,3,attacker_reaction,0.757,True,"{""voter_id"": 249882, ""attack"": ""simple-replay""}"
1782831421914,untrusted-client-0,1,aggressor_id,1.380,True,"{""voter_id"": 232832, ""attack"": ""tampered-body""}"
1782831421945,untrusted-client-0,2,attacker_reaction,1.258,True,"{""voter_id"": 232832, ""attack"": ""tampered-body""}"
1782831423139,untrusted-client-0,1,aggressor_id,1.696,True,"{""voter_id"": 306394, ""attack"": ""tampered-body""}"
1782831423170,untrusted-client-0,2,attacker_reaction,1.139,True,"{""voter_id"": 306394, ""attack"": ""tampered-body""}"
1782831424363,untrusted-client-0,1,aggressor_id,1.407,True,"{""voter_id"": 291105, ""attack"": ""tampered-body""}"
1782831424393,untrusted-client-0,2,attacker_reaction,1.418,True,"{""voter_id"": 291105, ""attack"": ""tampered-body""}"
1782831425585,untrusted-client-0,1,aggressor_id,1.438,True,"{""voter_id"": 233298, ""attack"": ""tampered-body""}"
1782831425617,untrusted-client-0,2,attacker_reaction,1.052,True,"{""voter_id"": 233298, ""attack"": ""tampered-body""}"
1782831426811,untrusted-client-0,1,aggressor_id,1.546,True,"{""voter_id"": 100524, ""attack"": ""garbage""}"
1782831426843,untrusted-client-0,2,attacker_reaction,1.268,True,"{""voter_id"": 100524, ""attack"": ""garbage""}"
1782831428041,untrusted-client-0,1,aggressor_id,1.230,True,"{""voter_id"": 258178, ""attack"": ""simple-replay""}"
1782831428073,untrusted-client-0,2,aggressor_replay_first,1.045,True,"{""voter_id"": 258178, ""attack"": ""simple-replay""}"
1782831428077,untrusted-client-0,3,attacker_reaction,0.752,True,"{""voter_id"": 258178, ""attack"": ""simple-replay""}"
1782831429273,untrusted-client-0,1,aggressor_id,1.187,True,"{""voter_id"": 182419, ""attack"": ""simple-replay""}"
1782831429306,untrusted-client-0,2,aggressor_replay_first,1.399,True,"{""voter_id"": 182419, ""attack"": ""simple-replay""}"
1782831429311,untrusted-client-0,3,attacker_reaction,0.734,True,"{""voter_id"": 182419, ""attack"": ""simple-replay""}"
1782831430505,untrusted-client-0,1,aggressor_id,1.655,True,"{""voter_id"": 331867, ""attack"": ""spoofed-client-id""}"
1782831430536,untrusted-client-0,2,attacker_reaction,1.097,True,"{""voter_id"": 331867, ""attack"": ""spoofed-client-id""}"
1782831431730,untrusted-client-0,1,aggressor_id,1.431,True,"{""voter_id"": 308182, ""attack"": ""garbage""}"
1782831431762,untrusted-client-0,2,attacker_reaction,0.952,True,"{""voter_id"": 308182, ""attack"": ""garbage""}"
1782831432972,untrusted-client-0,1,aggressor_id,1.594,True,"{""voter_id"": 167639, ""attack"": ""simple-replay""}"
1782831433003,untrusted-client-0,2,aggressor_replay_first,1.355,True,"{""voter_id"": 167639, ""attack"": ""simple-replay""}"
1782831433008,untrusted-client-0,3,attacker_reaction,1.122,True,"{""voter_id"": 167639, ""attack"": ""simple-replay""}"
1782831434205,untrusted-client-0,1,aggressor_id,1.583,True,"{""voter_id"": 292499, ""attack"": ""simple-replay""}"
1782831434236,untrusted-client-0,2,aggressor_replay_first,1.196,True,"{""voter_id"": 292499, ""attack"": ""simple-replay""}"
1782831434241,untrusted-client-0,3,attacker_reaction,0.762,True,"{""voter_id"": 292499, ""attack"": ""simple-replay""}"
1782831435441,untrusted-client-0,1,aggressor_id,1.389,True,"{""voter_id"": 316919, ""attack"": ""spoofed-client-id""}"
1782831435472,untrusted-client-0,2,attacker_reaction,1.481,True,"{""voter_id"": 316919, ""attack"": ""spoofed-client-id""}"
1782831436666,untrusted-client-0,1,aggressor_id,1.374,True,"{""voter_id"": 119532, ""attack"": ""spoofed-client-id""}"
1782831436697,untrusted-client-0,2,attacker_reaction,1.455,True,"{""voter_id"": 119532, ""attack"": ""spoofed-client-id""}"
1782831437893,untrusted-client-0,1,aggressor_id,1.167,True,"{""voter_id"": 116678, ""attack"": ""simple-replay""}"
1782831437924,untrusted-client-0,2,aggressor_replay_first,1.396,True,"{""voter_id"": 116678, ""attack"": ""simple-replay""}"
1782831437928,untrusted-client-0,3,attacker_reaction,0.758,True,"{""voter_id"": 116678, ""attack"": ""simple-replay""}"
1782831439124,untrusted-client-0,1,aggressor_id,1.323,True,"{""voter_id"": 227685, ""attack"": ""garbage""}"
1782831439156,untrusted-client-0,2,attacker_reaction,1.862,True,"{""voter_id"": 227685, ""attack"": ""garbage""}"
1782831440347,untrusted-client-0,1,aggressor_id,1.467,True,"{""voter_id"": 208346, ""attack"": ""simple-replay""}"
1782831440378,untrusted-client-0,2,aggressor_replay_first,1.332,True,"{""voter_id"": 208346, ""attack"": ""simple-replay""}"
1782831440382,untrusted-client-0,3,attacker_reaction,0.676,True,"{""voter_id"": 208346, ""attack"": ""simple-replay""}"
1782831441578,untrusted-client-0,1,aggressor_id,1.818,True,"{""voter_id"": 300232, ""attack"": ""simple-replay""}"
1782831441608,untrusted-client-0,2,aggressor_replay_first,1.092,True,"{""voter_id"": 300232, ""attack"": ""simple-replay""}"
1782831441613,untrusted-client-0,3,attacker_reaction,0.734,True,"{""voter_id"": 300232, ""attack"": ""simple-replay""}"
1782831442806,untrusted-client-0,1,aggressor_id,1.326,True,"{""voter_id"": 225796, ""attack"": ""garbage""}"
1782831442837,untrusted-client-0,2,attacker_reaction,1.134,True,"{""voter_id"": 225796, ""attack"": ""garbage""}"
1782831444032,untrusted-client-0,1,aggressor_id,1.535,True,"{""voter_id"": 130555, ""attack"": ""cross-identity""}"
1782831444065,untrusted-client-0,2,attacker_reaction,0.945,True,"{""voter_id"": 130555, ""attack"": ""cross-identity""}"
1782831445264,untrusted-client-0,1,aggressor_id,1.707,True,"{""voter_id"": 216127, ""attack"": ""spoofed-client-id""}"
1782831445295,untrusted-client-0,2,attacker_reaction,1.060,True,"{""voter_id"": 216127, ""attack"": ""spoofed-client-id""}"
1782831446487,untrusted-client-0,1,aggressor_id,1.385,True,"{""voter_id"": 154928, ""attack"": ""garbage""}"
1782831446517,untrusted-client-0,2,attacker_reaction,1.026,True,"{""voter_id"": 154928, ""attack"": ""garbage""}"
1782831447713,untrusted-client-0,1,aggressor_id,1.755,True,"{""voter_id"": 120028, ""attack"": ""spoofed-client-id""}"
1782831447745,untrusted-client-0,2,attacker_reaction,1.323,True,"{""voter_id"": 120028, ""attack"": ""spoofed-client-id""}"
1782831448942,untrusted-client-0,1,aggressor_id,1.585,True,"{""voter_id"": 185349, ""attack"": ""simple-replay""}"
1782831448974,untrusted-client-0,2,aggressor_replay_first,1.406,True,"{""voter_id"": 185349, ""attack"": ""simple-replay""}"
1782831448978,untrusted-client-0,3,attacker_reaction,0.722,True,"{""voter_id"": 185349, ""attack"": ""simple-replay""}"
1782831450173,untrusted-client-0,1,aggressor_id,1.881,True,"{""voter_id"": 242053, ""attack"": ""spoofed-client-id""}"
1782831450205,untrusted-client-0,2,attacker_reaction,1.120,True,"{""voter_id"": 242053, ""attack"": ""spoofed-client-id""}"
1782831451401,untrusted-client-0,1,aggressor_id,1.357,True,"{""voter_id"": 226227, ""attack"": ""garbage""}"
1782831451432,untrusted-client-0,2,attacker_reaction,1.104,True,"{""voter_id"": 226227, ""attack"": ""garbage""}"
1782831452623,untrusted-client-0,1,aggressor_id,1.509,True,"{""voter_id"": 338607, ""attack"": ""spoofed-client-id""}"
1782831452654,untrusted-client-0,2,attacker_reaction,1.019,True,"{""voter_id"": 338607, ""attack"": ""spoofed-client-id""}"
1782831453849,untrusted-client-0,1,aggressor_id,1.432,True,"{""voter_id"": 130746, ""attack"": ""spoofed-client-id""}"
1782831453879,untrusted-client-0,2,attacker_reaction,1.121,True,"{""voter_id"": 130746, ""attack"": ""spoofed-client-id""}"
1782831455076,untrusted-client-0,1,aggressor_id,1.373,True,"{""voter_id"": 289924, ""attack"": ""tampered-body""}"
1782831455106,untrusted-client-0,2,attacker_reaction,1.626,True,"{""voter_id"": 289924, ""attack"": ""tampered-body""}"
1782831456306,untrusted-client-0,1,aggressor_id,1.992,True,"{""voter_id"": 244318, ""attack"": ""tampered-body""}"
1782831456339,untrusted-client-0,2,attacker_reaction,1.167,True,"{""voter_id"": 244318, ""attack"": ""tampered-body""}"
1782831457532,untrusted-client-0,1,aggressor_id,1.373,True,"{""voter_id"": 330703, ""attack"": ""simple-replay""}"
1782831457562,untrusted-client-0,2,aggressor_replay_first,1.461,True,"{""voter_id"": 330703, ""attack"": ""simple-replay""}"
1782831457568,untrusted-client-0,3,attacker_reaction,1.539,True,"{""voter_id"": 330703, ""attack"": ""simple-replay""}"
1782831458770,untrusted-client-0,1,aggressor_id,1.356,True,"{""voter_id"": 243836, ""attack"": ""tampered-body""}"
1782831458801,untrusted-client-0,2,attacker_reaction,1.267,True,"{""voter_id"": 243836, ""attack"": ""tampered-body""}"
1782831460003,untrusted-client-0,1,aggressor_id,1.612,True,"{""voter_id"": 241955, ""attack"": ""cross-identity""}"
1782831460034,untrusted-client-0,2,attacker_reaction,1.551,True,"{""voter_id"": 241955, ""attack"": ""cross-identity""}"
1782831461265,untrusted-client-0,1,aggressor_id,1.209,True,"{""voter_id"": 244319, ""attack"": ""garbage""}"
1782831461298,untrusted-client-0,2,attacker_reaction,1.130,True,"{""voter_id"": 244319, ""attack"": ""garbage""}"
1782831462519,untrusted-client-0,1,aggressor_id,1.326,True,"{""voter_id"": 304526, ""attack"": ""cross-identity""}"
1782831462553,untrusted-client-0,2,attacker_reaction,1.758,True,"{""voter_id"": 304526, ""attack"": ""cross-identity""}"
1782831463775,untrusted-client-0,1,aggressor_id,2.099,True,"{""voter_id"": 116978, ""attack"": ""cross-identity""}"
1782831463810,untrusted-client-0,2,attacker_reaction,1.338,True,"{""voter_id"": 116978, ""attack"": ""cross-identity""}"
1782831465022,untrusted-client-0,1,aggressor_id,2.000,True,"{""voter_id"": 101071, ""attack"": ""cross-identity""}"
1782831465054,untrusted-client-0,2,attacker_reaction,1.701,True,"{""voter_id"": 101071, ""attack"": ""cross-identity""}"
1782831466254,untrusted-client-0,1,aggressor_id,1.517,True,"{""voter_id"": 222813, ""attack"": ""cross-identity""}"
1782831466286,untrusted-client-0,2,attacker_reaction,1.022,True,"{""voter_id"": 222813, ""attack"": ""cross-identity""}"
1782831467486,untrusted-client-0,1,aggressor_id,1.765,True,"{""voter_id"": 104788, ""attack"": ""simple-replay""}"
1782831467518,untrusted-client-0,2,aggressor_replay_first,1.518,True,"{""voter_id"": 104788, ""attack"": ""simple-replay""}"
1782831467522,untrusted-client-0,3,attacker_reaction,0.918,True,"{""voter_id"": 104788, ""attack"": ""simple-replay""}"
1782831468721,untrusted-client-0,1,aggressor_id,1.481,True,"{""voter_id"": 108740, ""attack"": ""tampered-body""}"
1782831468753,untrusted-client-0,2,attacker_reaction,1.329,True,"{""voter_id"": 108740, ""attack"": ""tampered-body""}"
1782831469949,untrusted-client-0,1,aggressor_id,1.686,True,"{""voter_id"": 191166, ""attack"": ""tampered-body""}"
1782831469981,untrusted-client-0,2,attacker_reaction,1.320,True,"{""voter_id"": 191166, ""attack"": ""tampered-body""}"
1782831471186,untrusted-client-0,1,aggressor_id,1.675,True,"{""voter_id"": 263211, ""attack"": ""simple-replay""}"
1782831471219,untrusted-client-0,2,aggressor_replay_first,1.582,True,"{""voter_id"": 263211, ""attack"": ""simple-replay""}"
1782831471227,untrusted-client-0,3,attacker_reaction,0.750,True,"{""voter_id"": 263211, ""attack"": ""simple-replay""}"
1782831472425,untrusted-client-0,1,aggressor_id,1.539,True,"{""voter_id"": 233808, ""attack"": ""tampered-body""}"
1782831472456,untrusted-client-0,2,attacker_reaction,1.364,True,"{""voter_id"": 233808, ""attack"": ""tampered-body""}"
1782831473661,untrusted-client-0,1,aggressor_id,1.847,True,"{""voter_id"": 255362, ""attack"": ""tampered-body""}"
1782831473692,untrusted-client-0,2,attacker_reaction,1.561,True,"{""voter_id"": 255362, ""attack"": ""tampered-body""}"
1782831474890,untrusted-client-0,1,aggressor_id,1.284,True,"{""voter_id"": 277884, ""attack"": ""tampered-body""}"
1782831474922,untrusted-client-0,2,attacker_reaction,1.495,True,"{""voter_id"": 277884, ""attack"": ""tampered-body""}"
1782831476130,untrusted-client-0,1,aggressor_id,1.956,True,"{""voter_id"": 228733, ""attack"": ""garbage""}"
1782831476163,untrusted-client-0,2,attacker_reaction,1.359,True,"{""voter_id"": 228733, ""attack"": ""garbage""}"
1782831477370,untrusted-client-0,1,aggressor_id,1.983,True,"{""voter_id"": 313668, ""attack"": ""garbage""}"
1782831477403,untrusted-client-0,2,attacker_reaction,1.407,True,"{""voter_id"": 313668, ""attack"": ""garbage""}"
1782831478614,untrusted-client-0,1,aggressor_id,1.407,True,"{""voter_id"": 227135, ""attack"": ""spoofed-client-id""}"
1782831478646,untrusted-client-0,2,attacker_reaction,1.108,True,"{""voter_id"": 227135, ""attack"": ""spoofed-client-id""}"
1782831479850,untrusted-client-0,1,aggressor_id,1.460,True,"{""voter_id"": 170107, ""attack"": ""tampered-body""}"
1782831479883,untrusted-client-0,2,attacker_reaction,1.034,True,"{""voter_id"": 170107, ""attack"": ""tampered-body""}"
1782831481086,untrusted-client-0,1,aggressor_id,1.475,True,"{""voter_id"": 112298, ""attack"": ""cross-identity""}"
1782831481119,untrusted-client-0,2,attacker_reaction,1.685,True,"{""voter_id"": 112298, ""attack"": ""cross-identity""}"
1782831482325,untrusted-client-0,1,aggressor_id,1.543,True,"{""voter_id"": 197386, ""attack"": ""simple-replay""}"
1782831482358,untrusted-client-0,2,aggressor_replay_first,1.361,True,"{""voter_id"": 197386, ""attack"": ""simple-replay""}"
1782831482366,untrusted-client-0,3,attacker_reaction,4.242,True,"{""voter_id"": 197386, ""attack"": ""simple-replay""}"
1782831483571,untrusted-client-0,1,aggressor_id,1.408,True,"{""voter_id"": 160818, ""attack"": ""garbage""}"
1782831483603,untrusted-client-0,2,attacker_reaction,1.253,True,"{""voter_id"": 160818, ""attack"": ""garbage""}"
1782831484810,untrusted-client-0,1,aggressor_id,1.849,True,"{""voter_id"": 292314, ""attack"": ""cross-identity""}"
1782831484841,untrusted-client-0,2,attacker_reaction,1.203,True,"{""voter_id"": 292314, ""attack"": ""cross-identity""}"
1782831486056,untrusted-client-0,1,aggressor_id,1.739,True,"{""voter_id"": 165225, ""attack"": ""tampered-body""}"
1782831486087,untrusted-client-0,2,attacker_reaction,1.195,True,"{""voter_id"": 165225, ""attack"": ""tampered-body""}"
1782831487307,untrusted-client-0,1,aggressor_id,1.551,True,"{""voter_id"": 153695, ""attack"": ""simple-replay""}"
1782831487341,untrusted-client-0,2,aggressor_replay_first,1.663,True,"{""voter_id"": 153695, ""attack"": ""simple-replay""}"
1782831487346,untrusted-client-0,3,attacker_reaction,0.912,True,"{""voter_id"": 153695, ""attack"": ""simple-replay""}"
1782831488566,untrusted-client-0,1,aggressor_id,1.300,True,"{""voter_id"": 184151, ""attack"": ""tampered-body""}"
1782831488600,untrusted-client-0,2,attacker_reaction,1.467,True,"{""voter_id"": 184151, ""attack"": ""tampered-body""}"
1782831489815,untrusted-client-0,1,aggressor_id,1.653,True,"{""voter_id"": 278456, ""attack"": ""spoofed-client-id""}"
1782831489848,untrusted-client-0,2,attacker_reaction,1.274,True,"{""voter_id"": 278456, ""attack"": ""spoofed-client-id""}"
1782831491066,untrusted-client-0,1,aggressor_id,1.418,True,"{""voter_id"": 283899, ""attack"": ""spoofed-client-id""}"
1782831491099,untrusted-client-0,2,attacker_reaction,1.183,True,"{""voter_id"": 283899, ""attack"": ""spoofed-client-id""}"
1782831492322,untrusted-client-0,1,aggressor_id,1.548,True,"{""voter_id"": 279181, ""attack"": ""garbage""}"
1782831492356,untrusted-client-0,2,attacker_reaction,1.177,True,"{""voter_id"": 279181, ""attack"": ""garbage""}"
1782831493569,untrusted-client-0,1,aggressor_id,1.382,True,"{""voter_id"": 186873, ""attack"": ""spoofed-client-id""}"
1782831493600,untrusted-client-0,2,attacker_reaction,0.966,True,"{""voter_id"": 186873, ""attack"": ""spoofed-client-id""}"
1782831494810,untrusted-client-0,1,aggressor_id,1.516,True,"{""voter_id"": 274804, ""attack"": ""tampered-body""}"
1782831494842,untrusted-client-0,2,attacker_reaction,1.245,True,"{""voter_id"": 274804, ""attack"": ""tampered-body""}"
1782831496048,untrusted-client-0,1,aggressor_id,1.253,True,"{""voter_id"": 184321, ""attack"": ""tampered-body""}"
1782831496083,untrusted-client-0,2,attacker_reaction,1.133,True,"{""voter_id"": 184321, ""attack"": ""tampered-body""}"
1782831497286,untrusted-client-0,1,aggressor_id,1.290,True,"{""voter_id"": 294203, ""attack"": ""cross-identity""}"
1782831497319,untrusted-client-0,2,attacker_reaction,1.411,True,"{""voter_id"": 294203, ""attack"": ""cross-identity""}"
1782831498522,untrusted-client-0,1,aggressor_id,1.775,True,"{""voter_id"": 302224, ""attack"": ""simple-replay""}"
1782831498555,untrusted-client-0,2,aggressor_replay_first,1.589,True,"{""voter_id"": 302224, ""attack"": ""simple-replay""}"
1782831498560,untrusted-client-0,3,attacker_reaction,1.004,True,"{""voter_id"": 302224, ""attack"": ""simple-replay""}"
1782831499759,untrusted-client-0,1,aggressor_id,1.322,True,"{""voter_id"": 166415, ""attack"": ""cross-identity""}"
1782831499792,untrusted-client-0,2,attacker_reaction,1.356,True,"{""voter_id"": 166415, ""attack"": ""cross-identity""}"
1782831500989,untrusted-client-0,1,aggressor_id,1.426,True,"{""voter_id"": 234769, ""attack"": ""simple-replay""}"
1782831501021,untrusted-client-0,2,aggressor_replay_first,1.297,True,"{""voter_id"": 234769, ""attack"": ""simple-replay""}"
1782831501026,untrusted-client-0,3,attacker_reaction,1.001,True,"{""voter_id"": 234769, ""attack"": ""simple-replay""}"
1782831502234,untrusted-client-0,1,aggressor_id,1.651,True,"{""voter_id"": 330710, ""attack"": ""cross-identity""}"
1782831502266,untrusted-client-0,2,attacker_reaction,1.243,True,"{""voter_id"": 330710, ""attack"": ""cross-identity""}"
1782831503465,untrusted-client-0,1,aggressor_id,1.529,True,"{""voter_id"": 149603, ""attack"": ""tampered-body""}"
1782831503498,untrusted-client-0,2,attacker_reaction,1.430,True,"{""voter_id"": 149603, ""attack"": ""tampered-body""}"
1782831504696,untrusted-client-0,1,aggressor_id,1.411,True,"{""voter_id"": 158873, ""attack"": ""spoofed-client-id""}"
1782831504728,untrusted-client-0,2,attacker_reaction,0.957,True,"{""voter_id"": 158873, ""attack"": ""spoofed-client-id""}"
1782831505928,untrusted-client-0,1,aggressor_id,1.410,True,"{""voter_id"": 114557, ""attack"": ""simple-replay""}"
1782831505960,untrusted-client-0,2,aggressor_replay_first,1.460,True,"{""voter_id"": 114557, ""attack"": ""simple-replay""}"
1782831505965,untrusted-client-0,3,attacker_reaction,1.076,True,"{""voter_id"": 114557, ""attack"": ""simple-replay""}"
1782831507169,untrusted-client-0,1,aggressor_id,1.302,True,"{""voter_id"": 295353, ""attack"": ""garbage""}"
1782831507202,untrusted-client-0,2,attacker_reaction,1.709,True,"{""voter_id"": 295353, ""attack"": ""garbage""}"
1782831508398,untrusted-client-0,1,aggressor_id,1.394,True,"{""voter_id"": 184264, ""attack"": ""garbage""}"
1782831508429,untrusted-client-0,2,attacker_reaction,1.320,True,"{""voter_id"": 184264, ""attack"": ""garbage""}"
1782831509626,untrusted-client-0,1,aggressor_id,1.534,True,"{""voter_id"": 331639, ""attack"": ""cross-identity""}"
1782831509657,untrusted-client-0,2,attacker_reaction,1.580,True,"{""voter_id"": 331639, ""attack"": ""cross-identity""}"
1782831510854,untrusted-client-0,1,aggressor_id,1.456,True,"{""voter_id"": 244315, ""attack"": ""spoofed-client-id""}"
1782831510885,untrusted-client-0,2,attacker_reaction,1.239,True,"{""voter_id"": 244315, ""attack"": ""spoofed-client-id""}"
1782831512079,untrusted-client-0,1,aggressor_id,1.481,True,"{""voter_id"": 325490, ""attack"": ""cross-identity""}"
1782831512111,untrusted-client-0,2,attacker_reaction,1.741,True,"{""voter_id"": 325490, ""attack"": ""cross-identity""}"
1782831513309,untrusted-client-0,1,aggressor_id,1.400,True,"{""voter_id"": 241955, ""attack"": ""garbage""}"
1782831513341,untrusted-client-0,2,attacker_reaction,1.399,True,"{""voter_id"": 241955, ""attack"": ""garbage""}"
1782831514535,untrusted-client-0,1,aggressor_id,1.659,True,"{""voter_id"": 217399, ""attack"": ""spoofed-client-id""}"
1782831514567,untrusted-client-0,2,attacker_reaction,1.385,True,"{""voter_id"": 217399, ""attack"": ""spoofed-client-id""}"
1782831515768,untrusted-client-0,1,aggressor_id,1.711,True,"{""voter_id"": 341852, ""attack"": ""cross-identity""}"
1782831515799,untrusted-client-0,2,attacker_reaction,1.615,True,"{""voter_id"": 341852, ""attack"": ""cross-identity""}"
1782831516997,untrusted-client-0,1,aggressor_id,1.949,True,"{""voter_id"": 218985, ""attack"": ""garbage""}"
1782831517030,untrusted-client-0,2,attacker_reaction,1.627,True,"{""voter_id"": 218985, ""attack"": ""garbage""}"
1782831518225,untrusted-client-0,1,aggressor_id,1.378,True,"{""voter_id"": 182881, ""attack"": ""tampered-body""}"
1782831518259,untrusted-client-0,2,attacker_reaction,1.668,True,"{""voter_id"": 182881, ""attack"": ""tampered-body""}"
1782831519455,untrusted-client-0,1,aggressor_id,1.453,True,"{""voter_id"": 276053, ""attack"": ""tampered-body""}"
1782831519486,untrusted-client-0,2,attacker_reaction,1.432,True,"{""voter_id"": 276053, ""attack"": ""tampered-body""}"
1782831520689,untrusted-client-0,1,aggressor_id,1.873,True,"{""voter_id"": 259591, ""attack"": ""simple-replay""}"
1782831520721,untrusted-client-0,2,aggressor_replay_first,1.248,True,"{""voter_id"": 259591, ""attack"": ""simple-replay""}"
1782831520727,untrusted-client-0,3,attacker_reaction,0.819,True,"{""voter_id"": 259591, ""attack"": ""simple-replay""}"
1782831521928,untrusted-client-0,1,aggressor_id,1.492,True,"{""voter_id"": 262944, ""attack"": ""garbage""}"
1782831521959,untrusted-client-0,2,attacker_reaction,0.978,True,"{""voter_id"": 262944, ""attack"": ""garbage""}"
1782831523170,untrusted-client-0,1,aggressor_id,1.600,True,"{""voter_id"": 178442, ""attack"": ""spoofed-client-id""}"
1782831523202,untrusted-client-0,2,attacker_reaction,1.205,True,"{""voter_id"": 178442, ""attack"": ""spoofed-client-id""}"
1782831524403,untrusted-client-0,1,aggressor_id,1.637,True,"{""voter_id"": 289924, ""attack"": ""tampered-body""}"
1782831524435,untrusted-client-0,2,attacker_reaction,1.524,True,"{""voter_id"": 289924, ""attack"": ""tampered-body""}"
1782831525639,untrusted-client-0,1,aggressor_id,1.798,True,"{""voter_id"": 114916, ""attack"": ""garbage""}"
1782831525672,untrusted-client-0,2,attacker_reaction,1.461,True,"{""voter_id"": 114916, ""attack"": ""garbage""}"
1782831526874,untrusted-client-0,1,aggressor_id,1.424,True,"{""voter_id"": 313925, ""attack"": ""cross-identity""}"
1782831526906,untrusted-client-0,2,attacker_reaction,1.301,True,"{""voter_id"": 313925, ""attack"": ""cross-identity""}"
1782831528105,untrusted-client-0,1,aggressor_id,1.746,True,"{""voter_id"": 239796, ""attack"": ""simple-replay""}"
1782831528136,untrusted-client-0,2,aggressor_replay_first,1.391,True,"{""voter_id"": 239796, ""attack"": ""simple-replay""}"
1782831528141,untrusted-client-0,3,attacker_reaction,0.942,True,"{""voter_id"": 239796, ""attack"": ""simple-replay""}"
1782831529362,untrusted-client-0,1,aggressor_id,1.778,True,"{""voter_id"": 333988, ""attack"": ""simple-replay""}"
1782831529394,untrusted-client-0,2,aggressor_replay_first,1.573,True,"{""voter_id"": 333988, ""attack"": ""simple-replay""}"
1782831529399,untrusted-client-0,3,attacker_reaction,0.785,True,"{""voter_id"": 333988, ""attack"": ""simple-replay""}"
1782831530609,untrusted-client-0,1,aggressor_id,1.651,True,"{""voter_id"": 210417, ""attack"": ""garbage""}"
1782831530641,untrusted-client-0,2,attacker_reaction,1.470,True,"{""voter_id"": 210417, ""attack"": ""garbage""}"
1782831531847,untrusted-client-0,1,aggressor_id,1.827,True,"{""voter_id"": 124027, ""attack"": ""cross-identity""}"
1782831531879,untrusted-client-0,2,attacker_reaction,1.512,True,"{""voter_id"": 124027, ""attack"": ""cross-identity""}"
1782831533093,untrusted-client-0,1,aggressor_id,1.435,True,"{""voter_id"": 143126, ""attack"": ""garbage""}"
1782831533125,untrusted-client-0,2,attacker_reaction,1.559,True,"{""voter_id"": 143126, ""attack"": ""garbage""}"
1782831534344,untrusted-client-0,1,aggressor_id,1.375,True,"{""voter_id"": 113509, ""attack"": ""spoofed-client-id""}"
1782831534377,untrusted-client-0,2,attacker_reaction,1.310,True,"{""voter_id"": 113509, ""attack"": ""spoofed-client-id""}"
1782831535596,untrusted-client-0,1,aggressor_id,1.650,True,"{""voter_id"": 185100, ""attack"": ""garbage""}"
1782831535628,untrusted-client-0,2,attacker_reaction,0.967,True,"{""voter_id"": 185100, ""attack"": ""garbage""}"
1782831536842,untrusted-client-0,1,aggressor_id,1.622,True,"{""voter_id"": 290240, ""attack"": ""cross-identity""}"
1782831536875,untrusted-client-0,2,attacker_reaction,1.270,True,"{""voter_id"": 290240, ""attack"": ""cross-identity""}"
1782831538087,untrusted-client-0,1,aggressor_id,1.233,True,"{""voter_id"": 119971, ""attack"": ""garbage""}"
1782831538120,untrusted-client-0,2,attacker_reaction,1.361,True,"{""voter_id"": 119971, ""attack"": ""garbage""}"
1782831425728,untrusted-client-10,1,id_honest_under_attack,1.410,True,"{""voter_id"": 236596}"
1782831425759,untrusted-client-10,2,checkin_honest_under_attack,1.567,True,"{""voter_id"": 236596}"
1782831426954,untrusted-client-10,1,id_honest_under_attack,1.413,True,"{""voter_id"": 170645}"
1782831426985,untrusted-client-10,2,checkin_honest_under_attack,1.382,True,"{""voter_id"": 170645}"
1782831428182,untrusted-client-10,1,id_honest_under_attack,1.554,True,"{""voter_id"": 222454}"
1782831428214,untrusted-client-10,2,checkin_honest_under_attack,1.482,True,"{""voter_id"": 222454}"
1782831429411,untrusted-client-10,1,id_honest_under_attack,1.409,True,"{""voter_id"": 290513}"
1782831429442,untrusted-client-10,2,checkin_honest_under_attack,1.534,True,"{""voter_id"": 290513}"
1782831430642,untrusted-client-10,1,id_honest_under_attack,1.410,True,"{""voter_id"": 137140}"
1782831430673,untrusted-client-10,2,checkin_honest_under_attack,1.569,True,"{""voter_id"": 137140}"
1782831431871,untrusted-client-10,1,id_honest_under_attack,1.389,True,"{""voter_id"": 279011}"
1782831431901,untrusted-client-10,2,checkin_honest_under_attack,1.266,True,"{""voter_id"": 279011}"
1782831433102,untrusted-client-10,1,id_honest_under_attack,1.388,True,"{""voter_id"": 175895}"
1782831433133,untrusted-client-10,2,checkin_honest_under_attack,1.514,True,"{""voter_id"": 175895}"
1782831434334,untrusted-client-10,1,id_honest_under_attack,1.388,True,"{""voter_id"": 116983}"
1782831434365,untrusted-client-10,2,checkin_honest_under_attack,1.633,True,"{""voter_id"": 116983}"
1782831435561,untrusted-client-10,1,id_honest_under_attack,1.456,True,"{""voter_id"": 111736}"
1782831435592,untrusted-client-10,2,checkin_honest_under_attack,1.585,True,"{""voter_id"": 111736}"
1782831436795,untrusted-client-10,1,id_honest_under_attack,1.394,True,"{""voter_id"": 320160}"
1782831436826,untrusted-client-10,2,checkin_honest_under_attack,1.640,True,"{""voter_id"": 320160}"
1782831438033,untrusted-client-10,1,id_honest_under_attack,1.414,True,"{""voter_id"": 123521}"
1782831438067,untrusted-client-10,2,checkin_honest_under_attack,1.727,True,"{""voter_id"": 123521}"
1782831439264,untrusted-client-10,1,id_honest_under_attack,1.232,True,"{""voter_id"": 158304}"
1782831439296,untrusted-client-10,2,checkin_honest_under_attack,1.759,True,"{""voter_id"": 158304}"
1782831440499,untrusted-client-10,1,id_honest_under_attack,1.625,True,"{""voter_id"": 185560}"
1782831440530,untrusted-client-10,2,checkin_honest_under_attack,1.400,True,"{""voter_id"": 185560}"
1782831441732,untrusted-client-10,1,id_honest_under_attack,1.319,True,"{""voter_id"": 229914}"
1782831441763,untrusted-client-10,2,checkin_honest_under_attack,1.131,True,"{""voter_id"": 229914}"
1782831442964,untrusted-client-10,1,id_honest_under_attack,1.408,True,"{""voter_id"": 218983}"
1782831442996,untrusted-client-10,2,checkin_honest_under_attack,1.673,True,"{""voter_id"": 218983}"
1782831444203,untrusted-client-10,1,id_honest_under_attack,1.662,True,"{""voter_id"": 200339}"
1782831444235,untrusted-client-10,2,checkin_honest_under_attack,1.992,True,"{""voter_id"": 200339}"
1782831445438,untrusted-client-10,1,id_honest_under_attack,1.454,True,"{""voter_id"": 235368}"
1782831445469,untrusted-client-10,2,checkin_honest_under_attack,1.137,True,"{""voter_id"": 235368}"
1782831446665,untrusted-client-10,1,id_honest_under_attack,1.364,True,"{""voter_id"": 218674}"
1782831446696,untrusted-client-10,2,checkin_honest_under_attack,1.239,True,"{""voter_id"": 218674}"
1782831447898,untrusted-client-10,1,id_honest_under_attack,1.463,True,"{""voter_id"": 100996}"
1782831447930,untrusted-client-10,2,checkin_honest_under_attack,1.759,True,"{""voter_id"": 100996}"
1782831449123,untrusted-client-10,1,id_honest_under_attack,1.380,True,"{""voter_id"": 112103}"
1782831449154,untrusted-client-10,2,checkin_honest_under_attack,1.709,True,"{""voter_id"": 112103}"
1782831450352,untrusted-client-10,1,id_honest_under_attack,1.394,True,"{""voter_id"": 306849}"
1782831450383,untrusted-client-10,2,checkin_honest_under_attack,1.148,True,"{""voter_id"": 306849}"
1782831451583,untrusted-client-10,1,id_honest_under_attack,1.557,True,"{""voter_id"": 263394}"
1782831451615,untrusted-client-10,2,checkin_honest_under_attack,1.517,True,"{""voter_id"": 263394}"
1782831452815,untrusted-client-10,1,id_honest_under_attack,1.563,True,"{""voter_id"": 345088}"
1782831452846,untrusted-client-10,2,checkin_honest_under_attack,1.090,True,"{""voter_id"": 345088}"
1782831454048,untrusted-client-10,1,id_honest_under_attack,1.593,True,"{""voter_id"": 204258}"
1782831454079,untrusted-client-10,2,checkin_honest_under_attack,1.142,True,"{""voter_id"": 204258}"
1782831455279,untrusted-client-10,1,id_honest_under_attack,1.442,True,"{""voter_id"": 252908}"
1782831455310,untrusted-client-10,2,checkin_honest_under_attack,1.164,True,"{""voter_id"": 252908}"
1782831456508,untrusted-client-10,1,id_honest_under_attack,1.605,True,"{""voter_id"": 340405}"
1782831456539,untrusted-client-10,2,checkin_honest_under_attack,1.765,True,"{""voter_id"": 340405}"
1782831457736,untrusted-client-10,1,id_honest_under_attack,1.203,True,"{""voter_id"": 331870}"
1782831457768,untrusted-client-10,2,checkin_honest_under_attack,1.770,True,"{""voter_id"": 331870}"
1782831458976,untrusted-client-10,1,id_honest_under_attack,1.904,True,"{""voter_id"": 311975}"
1782831459009,untrusted-client-10,2,checkin_honest_under_attack,1.163,True,"{""voter_id"": 311975}"
1782831460203,untrusted-client-10,1,id_honest_under_attack,1.300,True,"{""voter_id"": 163751}"
1782831460234,untrusted-client-10,2,checkin_honest_under_attack,1.578,True,"{""voter_id"": 163751}"
1782831461445,untrusted-client-10,1,id_honest_under_attack,1.958,True,"{""voter_id"": 156547}"
1782831461478,untrusted-client-10,2,checkin_honest_under_attack,1.525,True,"{""voter_id"": 156547}"
1782831462692,untrusted-client-10,1,id_honest_under_attack,1.462,True,"{""voter_id"": 144077}"
1782831462725,untrusted-client-10,2,checkin_honest_under_attack,1.748,True,"{""voter_id"": 144077}"
1782831463956,untrusted-client-10,1,id_honest_under_attack,2.029,True,"{""voter_id"": 110000}"
1782831463989,untrusted-client-10,2,checkin_honest_under_attack,1.125,True,"{""voter_id"": 110000}"
1782831465200,untrusted-client-10,1,id_honest_under_attack,1.298,True,"{""voter_id"": 280303}"
1782831465233,untrusted-client-10,2,checkin_honest_under_attack,1.432,True,"{""voter_id"": 280303}"
1782831466435,untrusted-client-10,1,id_honest_under_attack,1.452,True,"{""voter_id"": 123273}"
1782831466467,untrusted-client-10,2,checkin_honest_under_attack,1.406,True,"{""voter_id"": 123273}"
1782831467675,untrusted-client-10,1,id_honest_under_attack,1.243,True,"{""voter_id"": 205550}"
1782831467706,untrusted-client-10,2,checkin_honest_under_attack,1.408,True,"{""voter_id"": 205550}"
1782831468908,untrusted-client-10,1,id_honest_under_attack,1.281,True,"{""voter_id"": 221603}"
1782831468942,untrusted-client-10,2,checkin_honest_under_attack,1.272,True,"{""voter_id"": 221603}"
1782831470150,untrusted-client-10,1,id_honest_under_attack,2.629,True,"{""voter_id"": 134700}"
1782831470182,untrusted-client-10,2,checkin_honest_under_attack,1.339,True,"{""voter_id"": 134700}"
1782831471383,untrusted-client-10,1,id_honest_under_attack,1.366,True,"{""voter_id"": 315807}"
1782831471414,untrusted-client-10,2,checkin_honest_under_attack,1.095,True,"{""voter_id"": 315807}"
1782831472612,untrusted-client-10,1,id_honest_under_attack,1.352,True,"{""voter_id"": 186198}"
1782831472643,untrusted-client-10,2,checkin_honest_under_attack,1.439,True,"{""voter_id"": 186198}"
1782831473845,untrusted-client-10,1,id_honest_under_attack,1.391,True,"{""voter_id"": 192144}"
1782831473877,untrusted-client-10,2,checkin_honest_under_attack,1.128,True,"{""voter_id"": 192144}"
1782831475075,untrusted-client-10,1,id_honest_under_attack,1.234,True,"{""voter_id"": 323988}"
1782831475107,untrusted-client-10,2,checkin_honest_under_attack,1.424,True,"{""voter_id"": 323988}"
1782831476307,untrusted-client-10,1,id_honest_under_attack,1.778,True,"{""voter_id"": 235424}"
1782831476339,untrusted-client-10,2,checkin_honest_under_attack,1.220,True,"{""voter_id"": 235424}"
1782831477541,untrusted-client-10,1,id_honest_under_attack,1.461,True,"{""voter_id"": 244327}"
1782831477573,untrusted-client-10,2,checkin_honest_under_attack,1.278,True,"{""voter_id"": 244327}"
1782831478776,untrusted-client-10,1,id_honest_under_attack,1.521,True,"{""voter_id"": 141806}"
1782831478808,untrusted-client-10,2,checkin_honest_under_attack,1.465,True,"{""voter_id"": 141806}"
1782831480007,untrusted-client-10,1,id_honest_under_attack,1.479,True,"{""voter_id"": 345932}"
1782831480040,untrusted-client-10,2,checkin_honest_under_attack,1.484,True,"{""voter_id"": 345932}"
1782831481245,untrusted-client-10,1,id_honest_under_attack,1.634,True,"{""voter_id"": 321002}"
1782831481278,untrusted-client-10,2,checkin_honest_under_attack,1.475,True,"{""voter_id"": 321002}"
1782831482485,untrusted-client-10,1,id_honest_under_attack,1.292,True,"{""voter_id"": 314304}"
1782831482518,untrusted-client-10,2,checkin_honest_under_attack,1.342,True,"{""voter_id"": 314304}"
1782831483723,untrusted-client-10,1,id_honest_under_attack,1.773,True,"{""voter_id"": 215701}"
1782831483755,untrusted-client-10,2,checkin_honest_under_attack,1.484,True,"{""voter_id"": 215701}"
1782831484959,untrusted-client-10,1,id_honest_under_attack,1.868,True,"{""voter_id"": 283191}"
1782831484992,untrusted-client-10,2,checkin_honest_under_attack,1.737,True,"{""voter_id"": 283191}"
1782831486210,untrusted-client-10,1,id_honest_under_attack,1.359,True,"{""voter_id"": 205549}"
1782831486242,untrusted-client-10,2,checkin_honest_under_attack,1.120,True,"{""voter_id"": 205549}"
1782831487455,untrusted-client-10,1,id_honest_under_attack,2.324,True,"{""voter_id"": 244326}"
1782831487488,untrusted-client-10,2,checkin_honest_under_attack,1.497,True,"{""voter_id"": 244326}"
1782831488706,untrusted-client-10,1,id_honest_under_attack,1.974,True,"{""voter_id"": 341853}"
1782831488740,untrusted-client-10,2,checkin_honest_under_attack,1.977,True,"{""voter_id"": 341853}"
1782831489960,untrusted-client-10,1,id_honest_under_attack,1.235,True,"{""voter_id"": 214195}"
1782831489992,untrusted-client-10,2,checkin_honest_under_attack,1.408,True,"{""voter_id"": 214195}"
1782831491208,untrusted-client-10,1,id_honest_under_attack,1.423,True,"{""voter_id"": 122213}"
1782831491243,untrusted-client-10,2,checkin_honest_under_attack,1.551,True,"{""voter_id"": 122213}"
1782831492463,untrusted-client-10,1,id_honest_under_attack,1.408,True,"{""voter_id"": 132715}"
1782831492495,untrusted-client-10,2,checkin_honest_under_attack,1.867,True,"{""voter_id"": 132715}"
1782831493711,untrusted-client-10,1,id_honest_under_attack,1.537,True,"{""voter_id"": 340404}"
1782831493744,untrusted-client-10,2,checkin_honest_under_attack,1.627,True,"{""voter_id"": 340404}"
1782831494962,untrusted-client-10,1,id_honest_under_attack,1.617,True,"{""voter_id"": 239348}"
1782831494995,untrusted-client-10,2,checkin_honest_under_attack,1.182,True,"{""voter_id"": 239348}"
1782831496219,untrusted-client-10,1,id_honest_under_attack,1.296,True,"{""voter_id"": 284512}"
1782831496252,untrusted-client-10,2,checkin_honest_under_attack,1.334,True,"{""voter_id"": 284512}"
1782831497469,untrusted-client-10,1,id_honest_under_attack,1.932,True,"{""voter_id"": 184152}"
1782831497503,untrusted-client-10,2,checkin_honest_under_attack,1.496,True,"{""voter_id"": 184152}"
1782831498717,untrusted-client-10,1,id_honest_under_attack,1.376,True,"{""voter_id"": 301993}"
1782831498750,untrusted-client-10,2,checkin_honest_under_attack,1.185,True,"{""voter_id"": 301993}"
1782831499966,untrusted-client-10,1,id_honest_under_attack,1.237,True,"{""voter_id"": 156187}"
1782831500000,untrusted-client-10,2,checkin_honest_under_attack,1.513,True,"{""voter_id"": 156187}"
1782831501214,untrusted-client-10,1,id_honest_under_attack,1.526,True,"{""voter_id"": 203688}"
1782831501247,untrusted-client-10,2,checkin_honest_under_attack,1.469,True,"{""voter_id"": 203688}"
1782831502461,untrusted-client-10,1,id_honest_under_attack,1.290,True,"{""voter_id"": 136903}"
1782831502495,untrusted-client-10,2,checkin_honest_under_attack,1.609,True,"{""voter_id"": 136903}"
1782831503711,untrusted-client-10,1,id_honest_under_attack,1.647,True,"{""voter_id"": 163297}"
1782831503745,untrusted-client-10,2,checkin_honest_under_attack,1.254,True,"{""voter_id"": 163297}"
1782831504959,untrusted-client-10,1,id_honest_under_attack,2.023,True,"{""voter_id"": 113509}"
1782831504995,untrusted-client-10,2,checkin_honest_under_attack,1.122,True,"{""voter_id"": 113509}"
1782831506210,untrusted-client-10,1,id_honest_under_attack,1.894,True,"{""voter_id"": 291718}"
1782831506245,untrusted-client-10,2,checkin_honest_under_attack,1.501,True,"{""voter_id"": 291718}"
1782831507454,untrusted-client-10,1,id_honest_under_attack,1.373,True,"{""voter_id"": 239546}"
1782831507487,untrusted-client-10,2,checkin_honest_under_attack,1.379,True,"{""voter_id"": 239546}"
1782831508698,untrusted-client-10,1,id_honest_under_attack,1.836,True,"{""voter_id"": 172589}"
1782831508731,untrusted-client-10,2,checkin_honest_under_attack,1.181,True,"{""voter_id"": 172589}"
1782831509942,untrusted-client-10,1,id_honest_under_attack,1.683,True,"{""voter_id"": 341890}"
1782831509975,untrusted-client-10,2,checkin_honest_under_attack,1.253,True,"{""voter_id"": 341890}"
1782831511188,untrusted-client-10,1,id_honest_under_attack,1.394,True,"{""voter_id"": 265913}"
1782831511221,untrusted-client-10,2,checkin_honest_under_attack,1.440,True,"{""voter_id"": 265913}"
1782831512435,untrusted-client-10,1,id_honest_under_attack,1.382,True,"{""voter_id"": 336045}"
1782831512468,untrusted-client-10,2,checkin_honest_under_attack,1.660,True,"{""voter_id"": 336045}"
1782831513683,untrusted-client-10,1,id_honest_under_attack,1.356,True,"{""voter_id"": 259152}"
1782831513718,untrusted-client-10,2,checkin_honest_under_attack,1.451,True,"{""voter_id"": 259152}"
1782831514928,untrusted-client-10,1,id_honest_under_attack,1.328,True,"{""voter_id"": 126340}"
1782831514960,untrusted-client-10,2,checkin_honest_under_attack,1.500,True,"{""voter_id"": 126340}"
1782831516180,untrusted-client-10,1,id_honest_under_attack,1.725,True,"{""voter_id"": 279182}"
1782831516213,untrusted-client-10,2,checkin_honest_under_attack,1.235,True,"{""voter_id"": 279182}"
1782831517422,untrusted-client-10,1,id_honest_under_attack,1.485,True,"{""voter_id"": 103811}"
1782831517453,untrusted-client-10,2,checkin_honest_under_attack,1.162,True,"{""voter_id"": 103811}"
1782831518672,untrusted-client-10,1,id_honest_under_attack,1.439,True,"{""voter_id"": 127400}"
1782831518704,untrusted-client-10,2,checkin_honest_under_attack,1.260,True,"{""voter_id"": 127400}"
1782831519913,untrusted-client-10,1,id_honest_under_attack,1.476,True,"{""voter_id"": 307240}"
1782831519945,untrusted-client-10,2,checkin_honest_under_attack,1.436,True,"{""voter_id"": 307240}"
1782831521153,untrusted-client-10,1,id_honest_under_attack,1.443,True,"{""voter_id"": 308182}"
1782831521186,untrusted-client-10,2,checkin_honest_under_attack,1.537,True,"{""voter_id"": 308182}"
1782831522393,untrusted-client-10,1,id_honest_under_attack,1.609,True,"{""voter_id"": 185924}"
1782831522425,untrusted-client-10,2,checkin_honest_under_attack,1.742,True,"{""voter_id"": 185924}"
1782831523626,untrusted-client-10,1,id_honest_under_attack,1.775,True,"{""voter_id"": 101298}"
1782831523658,untrusted-client-10,2,checkin_honest_under_attack,1.725,True,"{""voter_id"": 101298}"
1782831524853,untrusted-client-10,1,id_honest_under_attack,1.306,True,"{""voter_id"": 325489}"
1782831524885,untrusted-client-10,2,checkin_honest_under_attack,1.501,True,"{""voter_id"": 325489}"
1782831526084,untrusted-client-10,1,id_honest_under_attack,1.436,True,"{""voter_id"": 222454}"
1782831526116,untrusted-client-10,2,checkin_honest_under_attack,1.519,True,"{""voter_id"": 222454}"
1782831527314,untrusted-client-10,1,id_honest_under_attack,1.979,True,"{""voter_id"": 278796}"
1782831527345,untrusted-client-10,2,checkin_honest_under_attack,1.559,True,"{""voter_id"": 278796}"
1782831528545,untrusted-client-10,1,id_honest_under_attack,1.467,True,"{""voter_id"": 117968}"
1782831528576,untrusted-client-10,2,checkin_honest_under_attack,1.293,True,"{""voter_id"": 117968}"
1782831529779,untrusted-client-10,1,id_honest_under_attack,1.520,True,"{""voter_id"": 337709}"
1782831529811,untrusted-client-10,2,checkin_honest_under_attack,1.396,True,"{""voter_id"": 337709}"
1782831531006,untrusted-client-10,1,id_honest_under_attack,1.757,True,"{""voter_id"": 261705}"
1782831531037,untrusted-client-10,2,checkin_honest_under_attack,1.449,True,"{""voter_id"": 261705}"
1782831532238,untrusted-client-10,1,id_honest_under_attack,1.395,True,"{""voter_id"": 236596}"
1782831532270,untrusted-client-10,2,checkin_honest_under_attack,1.523,True,"{""voter_id"": 236596}"
1782831533469,untrusted-client-10,1,id_honest_under_attack,1.430,True,"{""voter_id"": 229584}"
1782831533500,untrusted-client-10,2,checkin_honest_under_attack,1.438,True,"{""voter_id"": 229584}"
1782831534700,untrusted-client-10,1,id_honest_under_attack,1.672,True,"{""voter_id"": 344671}"
1782831534730,untrusted-client-10,2,checkin_honest_under_attack,1.311,True,"{""voter_id"": 344671}"
1782831535932,untrusted-client-10,1,id_honest_under_attack,1.561,True,"{""voter_id"": 324434}"
1782831535963,untrusted-client-10,2,checkin_honest_under_attack,1.576,True,"{""voter_id"": 324434}"
1782831537165,untrusted-client-10,1,id_honest_under_attack,1.448,True,"{""voter_id"": 330930}"
1782831537196,untrusted-client-10,2,checkin_honest_under_attack,1.434,True,"{""voter_id"": 330930}"
1782831538398,untrusted-client-10,1,id_honest_under_attack,1.425,True,"{""voter_id"": 195476}"
1782831538429,untrusted-client-10,2,checkin_honest_under_attack,1.588,True,"{""voter_id"": 195476}"
1782831539628,untrusted-client-10,1,id_honest_under_attack,1.805,True,"{""voter_id"": 320196}"
1782831539660,untrusted-client-10,2,checkin_honest_under_attack,1.486,True,"{""voter_id"": 320196}"
1782831540866,untrusted-client-10,1,id_honest_under_attack,1.446,True,"{""voter_id"": 175535}"
1782831540899,untrusted-client-10,2,checkin_honest_under_attack,1.745,True,"{""voter_id"": 175535}"
1782831542103,untrusted-client-10,1,id_honest_under_attack,1.393,True,"{""voter_id"": 303627}"
1782831542134,untrusted-client-10,2,checkin_honest_under_attack,1.207,True,"{""voter_id"": 303627}"
1782831543339,untrusted-client-10,1,id_honest_under_attack,1.789,True,"{""voter_id"": 281565}"
1782831543370,untrusted-client-10,2,checkin_honest_under_attack,1.448,True,"{""voter_id"": 281565}"
1782831544572,untrusted-client-10,1,id_honest_under_attack,1.924,True,"{""voter_id"": 171579}"
1782831544604,untrusted-client-10,2,checkin_honest_under_attack,1.502,True,"{""voter_id"": 171579}"
1782831545806,untrusted-client-10,1,id_honest_under_attack,1.747,True,"{""voter_id"": 317534}"
1782831545837,untrusted-client-10,2,checkin_honest_under_attack,1.429,True,"{""voter_id"": 317534}"
1782831547038,untrusted-client-10,1,id_honest_under_attack,1.395,True,"{""voter_id"": 223856}"
1782831547070,untrusted-client-10,2,checkin_honest_under_attack,1.633,True,"{""voter_id"": 223856}"
1782831548274,untrusted-client-10,1,id_honest_under_attack,1.783,True,"{""voter_id"": 224285}"
1782831548305,untrusted-client-10,2,checkin_honest_under_attack,1.348,True,"{""voter_id"": 224285}"
1782831435773,untrusted-client-12,1,id_honest_under_attack,1.434,True,"{""voter_id"": 105501}"
1782831435803,untrusted-client-12,2,checkin_honest_under_attack,1.314,True,"{""voter_id"": 105501}"
1782831436999,untrusted-client-12,1,id_honest_under_attack,1.433,True,"{""voter_id"": 184151}"
1782831437030,untrusted-client-12,2,checkin_honest_under_attack,1.470,True,"{""voter_id"": 184151}"
1782831438227,untrusted-client-12,1,id_honest_under_attack,1.625,True,"{""voter_id"": 154172}"
1782831438258,untrusted-client-12,2,checkin_honest_under_attack,1.648,True,"{""voter_id"": 154172}"
1782831439455,untrusted-client-12,1,id_honest_under_attack,1.734,True,"{""voter_id"": 114917}"
1782831439487,untrusted-client-12,2,checkin_honest_under_attack,1.367,True,"{""voter_id"": 114917}"
1782831440685,untrusted-client-12,1,id_honest_under_attack,1.622,True,"{""voter_id"": 200340}"
1782831440716,untrusted-client-12,2,checkin_honest_under_attack,1.316,True,"{""voter_id"": 200340}"
1782831441916,untrusted-client-12,1,id_honest_under_attack,1.466,True,"{""voter_id"": 293141}"
1782831441947,untrusted-client-12,2,checkin_honest_under_attack,1.495,True,"{""voter_id"": 293141}"
1782831443143,untrusted-client-12,1,id_honest_under_attack,1.568,True,"{""voter_id"": 107827}"
1782831443173,untrusted-client-12,2,checkin_honest_under_attack,1.533,True,"{""voter_id"": 107827}"
1782831444371,untrusted-client-12,1,id_honest_under_attack,1.708,True,"{""voter_id"": 125313}"
1782831444402,untrusted-client-12,2,checkin_honest_under_attack,1.735,True,"{""voter_id"": 125313}"
1782831445600,untrusted-client-12,1,id_honest_under_attack,1.368,True,"{""voter_id"": 208007}"
1782831445630,untrusted-client-12,2,checkin_honest_under_attack,1.228,True,"{""voter_id"": 208007}"
1782831446828,untrusted-client-12,1,id_honest_under_attack,1.582,True,"{""voter_id"": 116498}"
1782831446859,untrusted-client-12,2,checkin_honest_under_attack,1.265,True,"{""voter_id"": 116498}"
1782831448054,untrusted-client-12,1,id_honest_under_attack,2.049,True,"{""voter_id"": 144959}"
1782831448085,untrusted-client-12,2,checkin_honest_under_attack,1.428,True,"{""voter_id"": 144959}"
1782831449284,untrusted-client-12,1,id_honest_under_attack,1.603,True,"{""voter_id"": 261078}"
1782831449316,untrusted-client-12,2,checkin_honest_under_attack,1.704,True,"{""voter_id"": 261078}"
1782831450521,untrusted-client-12,1,id_honest_under_attack,1.468,True,"{""voter_id"": 310607}"
1782831450553,untrusted-client-12,2,checkin_honest_under_attack,1.857,True,"{""voter_id"": 310607}"
1782831451757,untrusted-client-12,1,id_honest_under_attack,1.297,True,"{""voter_id"": 214195}"
1782831451787,untrusted-client-12,2,checkin_honest_under_attack,1.220,True,"{""voter_id"": 214195}"
1782831452994,untrusted-client-12,1,id_honest_under_attack,1.272,True,"{""voter_id"": 300759}"
1782831453025,untrusted-client-12,2,checkin_honest_under_attack,1.151,True,"{""voter_id"": 300759}"
1782831454229,untrusted-client-12,1,id_honest_under_attack,1.386,True,"{""voter_id"": 164792}"
1782831454260,untrusted-client-12,2,checkin_honest_under_attack,1.554,True,"{""voter_id"": 164792}"
1782831455460,untrusted-client-12,1,id_honest_under_attack,1.570,True,"{""voter_id"": 134737}"
1782831455491,untrusted-client-12,2,checkin_honest_under_attack,1.574,True,"{""voter_id"": 134737}"
1782831456690,untrusted-client-12,1,id_honest_under_attack,1.633,True,"{""voter_id"": 293528}"
1782831456722,untrusted-client-12,2,checkin_honest_under_attack,1.719,True,"{""voter_id"": 293528}"
1782831457926,untrusted-client-12,1,id_honest_under_attack,1.560,True,"{""voter_id"": 151954}"
1782831457957,untrusted-client-12,2,checkin_honest_under_attack,1.197,True,"{""voter_id"": 151954}"
1782831459155,untrusted-client-12,1,id_honest_under_attack,1.423,True,"{""voter_id"": 156056}"
1782831459188,untrusted-client-12,2,checkin_honest_under_attack,1.549,True,"{""voter_id"": 156056}"
1782831460386,untrusted-client-12,1,id_honest_under_attack,1.736,True,"{""voter_id"": 176927}"
1782831460418,untrusted-client-12,2,checkin_honest_under_attack,1.358,True,"{""voter_id"": 176927}"
1782831461620,untrusted-client-12,1,id_honest_under_attack,2.145,True,"{""voter_id"": 271569}"
1782831461652,untrusted-client-12,2,checkin_honest_under_attack,1.142,True,"{""voter_id"": 271569}"
1782831462858,untrusted-client-12,1,id_honest_under_attack,1.763,True,"{""voter_id"": 269238}"
1782831462890,untrusted-client-12,2,checkin_honest_under_attack,1.178,True,"{""voter_id"": 269238}"
1782831464110,untrusted-client-12,1,id_honest_under_attack,1.436,True,"{""voter_id"": 173016}"
1782831464142,untrusted-client-12,2,checkin_honest_under_attack,1.533,True,"{""voter_id"": 173016}"
1782831465357,untrusted-client-12,1,id_honest_under_attack,1.646,True,"{""voter_id"": 163048}"
1782831465388,untrusted-client-12,2,checkin_honest_under_attack,1.542,True,"{""voter_id"": 163048}"
1782831466591,untrusted-client-12,1,id_honest_under_attack,2.271,True,"{""voter_id"": 266706}"
1782831466622,untrusted-client-12,2,checkin_honest_under_attack,1.570,True,"{""voter_id"": 266706}"
1782831467826,untrusted-client-12,1,id_honest_under_attack,1.427,True,"{""voter_id"": 220638}"
1782831467859,untrusted-client-12,2,checkin_honest_under_attack,1.581,True,"{""voter_id"": 220638}"
1782831469060,untrusted-client-12,1,id_honest_under_attack,1.513,True,"{""voter_id"": 111101}"
1782831469092,untrusted-client-12,2,checkin_honest_under_attack,1.191,True,"{""voter_id"": 111101}"
1782831470300,untrusted-client-12,1,id_honest_under_attack,1.277,True,"{""voter_id"": 173206}"
1782831470332,untrusted-client-12,2,checkin_honest_under_attack,1.255,True,"{""voter_id"": 173206}"
1782831471534,untrusted-client-12,1,id_honest_under_attack,1.413,True,"{""voter_id"": 259591}"
1782831471566,untrusted-client-12,2,checkin_honest_under_attack,1.549,True,"{""voter_id"": 259591}"
1782831472765,untrusted-client-12,1,id_honest_under_attack,1.523,True,"{""voter_id"": 132296}"
1782831472797,untrusted-client-12,2,checkin_honest_under_attack,1.155,True,"{""voter_id"": 132296}"
1782831473997,untrusted-client-12,1,id_honest_under_attack,1.616,True,"{""voter_id"": 112836}"
1782831474028,untrusted-client-12,2,checkin_honest_under_attack,1.241,True,"{""voter_id"": 112836}"
1782831475230,untrusted-client-12,1,id_honest_under_attack,1.471,True,"{""voter_id"": 324435}"
1782831475262,untrusted-client-12,2,checkin_honest_under_attack,1.440,True,"{""voter_id"": 324435}"
1782831476465,untrusted-client-12,1,id_honest_under_attack,1.336,True,"{""voter_id"": 129260}"
1782831476497,untrusted-client-12,2,checkin_honest_under_attack,1.327,True,"{""voter_id"": 129260}"
1782831477700,untrusted-client-12,1,id_honest_under_attack,1.526,True,"{""voter_id"": 173209}"
1782831477733,untrusted-client-12,2,checkin_honest_under_attack,1.535,True,"{""voter_id"": 173209}"
1782831478938,untrusted-client-12,1,id_honest_under_attack,1.687,True,"{""voter_id"": 239546}"
1782831478971,untrusted-client-12,2,checkin_honest_under_attack,1.323,True,"{""voter_id"": 239546}"
1782831480177,untrusted-client-12,1,id_honest_under_attack,1.228,True,"{""voter_id"": 260059}"
1782831480210,untrusted-client-12,2,checkin_honest_under_attack,1.418,True,"{""voter_id"": 260059}"
1782831481415,untrusted-client-12,1,id_honest_under_attack,1.711,True,"{""voter_id"": 111111}"
1782831481447,untrusted-client-12,2,checkin_honest_under_attack,1.168,True,"{""voter_id"": 111111}"
1782831482651,untrusted-client-12,1,id_honest_under_attack,1.481,True,"{""voter_id"": 210620}"
1782831482683,untrusted-client-12,2,checkin_honest_under_attack,1.140,True,"{""voter_id"": 210620}"
1782831483885,untrusted-client-12,1,id_honest_under_attack,1.305,True,"{""voter_id"": 301349}"
1782831483917,untrusted-client-12,2,checkin_honest_under_attack,1.322,True,"{""voter_id"": 301349}"
1782831485124,untrusted-client-12,1,id_honest_under_attack,1.340,True,"{""voter_id"": 202146}"
1782831485157,untrusted-client-12,2,checkin_honest_under_attack,1.623,True,"{""voter_id"": 202146}"
1782831486367,untrusted-client-12,1,id_honest_under_attack,1.940,True,"{""voter_id"": 346198}"
1782831486399,untrusted-client-12,2,checkin_honest_under_attack,1.381,True,"{""voter_id"": 346198}"
1782831487610,untrusted-client-12,1,id_honest_under_attack,1.389,True,"{""voter_id"": 343788}"
1782831487642,untrusted-client-12,2,checkin_honest_under_attack,1.881,True,"{""voter_id"": 343788}"
1782831488856,untrusted-client-12,1,id_honest_under_attack,1.454,True,"{""voter_id"": 212417}"
1782831488889,untrusted-client-12,2,checkin_honest_under_attack,1.641,True,"{""voter_id"": 212417}"
1782831490099,untrusted-client-12,1,id_honest_under_attack,1.371,True,"{""voter_id"": 235666}"
1782831490132,untrusted-client-12,2,checkin_honest_under_attack,1.390,True,"{""voter_id"": 235666}"
1782831491352,untrusted-client-12,1,id_honest_under_attack,1.297,True,"{""voter_id"": 211846}"
1782831491384,untrusted-client-12,2,checkin_honest_under_attack,1.582,True,"{""voter_id"": 211846}"
1782831492599,untrusted-client-12,1,id_honest_under_attack,1.231,True,"{""voter_id"": 319369}"
1782831492631,untrusted-client-12,2,checkin_honest_under_attack,1.644,True,"{""voter_id"": 319369}"
1782831493852,untrusted-client-12,1,id_honest_under_attack,1.535,True,"{""voter_id"": 145727}"
1782831493884,untrusted-client-12,2,checkin_honest_under_attack,1.489,True,"{""voter_id"": 145727}"
1782831495101,untrusted-client-12,1,id_honest_under_attack,1.565,True,"{""voter_id"": 289624}"
1782831495134,untrusted-client-12,2,checkin_honest_under_attack,1.447,True,"{""voter_id"": 289624}"
1782831496353,untrusted-client-12,1,id_honest_under_attack,1.238,True,"{""voter_id"": 225186}"
1782831496385,untrusted-client-12,2,checkin_honest_under_attack,1.240,True,"{""voter_id"": 225186}"
1782831497600,untrusted-client-12,1,id_honest_under_attack,1.451,True,"{""voter_id"": 283900}"
1782831497634,untrusted-client-12,2,checkin_honest_under_attack,1.665,True,"{""voter_id"": 283900}"
1782831498853,untrusted-client-12,1,id_honest_under_attack,1.400,True,"{""voter_id"": 261938}"
1782831498885,untrusted-client-12,2,checkin_honest_under_attack,1.216,True,"{""voter_id"": 261938}"
1782831500106,untrusted-client-12,1,id_honest_under_attack,1.528,True,"{""voter_id"": 195212}"
1782831500139,untrusted-client-12,2,checkin_honest_under_attack,1.908,True,"{""voter_id"": 195212}"
1782831501361,untrusted-client-12,1,id_honest_under_attack,1.667,True,"{""voter_id"": 252908}"
1782831501393,untrusted-client-12,2,checkin_honest_under_attack,1.122,True,"{""voter_id"": 252908}"
1782831502614,untrusted-client-12,1,id_honest_under_attack,1.539,True,"{""voter_id"": 119534}"
1782831502647,untrusted-client-12,2,checkin_honest_under_attack,1.489,True,"{""voter_id"": 119534}"
1782831503867,untrusted-client-12,1,id_honest_under_attack,1.728,True,"{""voter_id"": 296554}"
1782831503900,untrusted-client-12,2,checkin_honest_under_attack,1.351,True,"{""voter_id"": 296554}"
1782831505128,untrusted-client-12,1,id_honest_under_attack,1.790,True,"{""voter_id"": 288786}"
1782831505165,untrusted-client-12,2,checkin_honest_under_attack,1.450,True,"{""voter_id"": 288786}"
1782831506382,untrusted-client-12,1,id_honest_under_attack,1.449,True,"{""voter_id"": 263212}"
1782831506417,untrusted-client-12,2,checkin_honest_under_attack,1.970,True,"{""voter_id"": 263212}"
1782831507631,untrusted-client-12,1,id_honest_under_attack,1.364,True,"{""voter_id"": 288339}"
1782831507665,untrusted-client-12,2,checkin_honest_under_attack,1.446,True,"{""voter_id"": 288339}"
1782831508882,untrusted-client-12,1,id_honest_under_attack,1.454,True,"{""voter_id"": 348268}"
1782831508917,untrusted-client-12,2,checkin_honest_under_attack,1.641,True,"{""voter_id"": 348268}"
1782831510137,untrusted-client-12,1,id_honest_under_attack,1.728,True,"{""voter_id"": 193623}"
1782831510172,untrusted-client-12,2,checkin_honest_under_attack,1.483,True,"{""voter_id"": 193623}"
1782831511388,untrusted-client-12,1,id_honest_under_attack,1.409,True,"{""voter_id"": 175440}"
1782831511424,untrusted-client-12,2,checkin_honest_under_attack,1.795,True,"{""voter_id"": 175440}"
1782831512639,untrusted-client-12,1,id_honest_under_attack,2.242,True,"{""voter_id"": 236596}"
1782831512674,untrusted-client-12,2,checkin_honest_under_attack,1.829,True,"{""voter_id"": 236596}"
1782831513890,untrusted-client-12,1,id_honest_under_attack,1.371,True,"{""voter_id"": 128824}"
1782831513924,untrusted-client-12,2,checkin_honest_under_attack,1.636,True,"{""voter_id"": 128824}"
1782831515133,untrusted-client-12,1,id_honest_under_attack,1.588,True,"{""voter_id"": 223550}"
1782831515167,untrusted-client-12,2,checkin_honest_under_attack,1.174,True,"{""voter_id"": 223550}"
1782831516381,untrusted-client-12,1,id_honest_under_attack,1.532,True,"{""voter_id"": 302722}"
1782831516415,untrusted-client-12,2,checkin_honest_under_attack,1.600,True,"{""voter_id"": 302722}"
1782831517625,untrusted-client-12,1,id_honest_under_attack,1.442,True,"{""voter_id"": 308182}"
1782831517659,untrusted-client-12,2,checkin_honest_under_attack,2.179,True,"{""voter_id"": 308182}"
1782831518870,untrusted-client-12,1,id_honest_under_attack,1.348,True,"{""voter_id"": 253614}"
1782831518904,untrusted-client-12,2,checkin_honest_under_attack,1.578,True,"{""voter_id"": 253614}"
1782831520118,untrusted-client-12,1,id_honest_under_attack,1.373,True,"{""voter_id"": 249882}"
1782831520154,untrusted-client-12,2,checkin_honest_under_attack,3.563,True,"{""voter_id"": 249882}"
1782831521369,untrusted-client-12,1,id_honest_under_attack,1.460,True,"{""voter_id"": 218674}"
1782831521403,untrusted-client-12,2,checkin_honest_under_attack,3.067,True,"{""voter_id"": 218674}"
1782831522616,untrusted-client-12,1,id_honest_under_attack,1.738,True,"{""voter_id"": 336505}"
1782831522649,untrusted-client-12,2,checkin_honest_under_attack,1.350,True,"{""voter_id"": 336505}"
1782831523863,untrusted-client-12,1,id_honest_under_attack,1.485,True,"{""voter_id"": 331637}"
1782831523896,untrusted-client-12,2,checkin_honest_under_attack,1.149,True,"{""voter_id"": 331637}"
1782831525105,untrusted-client-12,1,id_honest_under_attack,1.433,True,"{""voter_id"": 221324}"
1782831525138,untrusted-client-12,2,checkin_honest_under_attack,1.442,True,"{""voter_id"": 221324}"
1782831526352,untrusted-client-12,1,id_honest_under_attack,1.565,True,"{""voter_id"": 236416}"
1782831526386,untrusted-client-12,2,checkin_honest_under_attack,1.510,True,"{""voter_id"": 236416}"
1782831527598,untrusted-client-12,1,id_honest_under_attack,1.414,True,"{""voter_id"": 228729}"
1782831527631,untrusted-client-12,2,checkin_honest_under_attack,1.341,True,"{""voter_id"": 228729}"
1782831528844,untrusted-client-12,1,id_honest_under_attack,1.283,True,"{""voter_id"": 113334}"
1782831528876,untrusted-client-12,2,checkin_honest_under_attack,1.491,True,"{""voter_id"": 113334}"
1782831530084,untrusted-client-12,1,id_honest_under_attack,1.365,True,"{""voter_id"": 303628}"
1782831530117,untrusted-client-12,2,checkin_honest_under_attack,1.358,True,"{""voter_id"": 303628}"
1782831531322,untrusted-client-12,1,id_honest_under_attack,1.508,True,"{""voter_id"": 123516}"
1782831531355,untrusted-client-12,2,checkin_honest_under_attack,1.484,True,"{""voter_id"": 123516}"
1782831532565,untrusted-client-12,1,id_honest_under_attack,1.589,True,"{""voter_id"": 236176}"
1782831532597,untrusted-client-12,2,checkin_honest_under_attack,1.303,True,"{""voter_id"": 236176}"
1782831533806,untrusted-client-12,1,id_honest_under_attack,1.674,True,"{""voter_id"": 272661}"
1782831533839,untrusted-client-12,2,checkin_honest_under_attack,1.422,True,"{""voter_id"": 272661}"
1782831535055,untrusted-client-12,1,id_honest_under_attack,1.830,True,"{""voter_id"": 123700}"
1782831535088,untrusted-client-12,2,checkin_honest_under_attack,1.324,True,"{""voter_id"": 123700}"
1782831536296,untrusted-client-12,1,id_honest_under_attack,1.651,True,"{""voter_id"": 123516}"
1782831536329,untrusted-client-12,2,checkin_honest_under_attack,1.548,True,"{""voter_id"": 123516}"
1782831537532,untrusted-client-12,1,id_honest_under_attack,1.683,True,"{""voter_id"": 277884}"
1782831537565,untrusted-client-12,2,checkin_honest_under_attack,1.385,True,"{""voter_id"": 277884}"
1782831538769,untrusted-client-12,1,id_honest_under_attack,1.514,True,"{""voter_id"": 325489}"
1782831538801,untrusted-client-12,2,checkin_honest_under_attack,1.317,True,"{""voter_id"": 325489}"
1782831540008,untrusted-client-12,1,id_honest_under_attack,1.457,True,"{""voter_id"": 111375}"
1782831540040,untrusted-client-12,2,checkin_honest_under_attack,1.683,True,"{""voter_id"": 111375}"
1782831541249,untrusted-client-12,1,id_honest_under_attack,1.603,True,"{""voter_id"": 186197}"
1782831541281,untrusted-client-12,2,checkin_honest_under_attack,1.439,True,"{""voter_id"": 186197}"
1782831542485,untrusted-client-12,1,id_honest_under_attack,1.768,True,"{""voter_id"": 258814}"
1782831542517,untrusted-client-12,2,checkin_honest_under_attack,1.568,True,"{""voter_id"": 258814}"
1782831543717,untrusted-client-12,1,id_honest_under_attack,1.468,True,"{""voter_id"": 180297}"
1782831543750,untrusted-client-12,2,checkin_honest_under_attack,1.610,True,"{""voter_id"": 180297}"
1782831544957,untrusted-client-12,1,id_honest_under_attack,1.455,True,"{""voter_id"": 208008}"
1782831544989,untrusted-client-12,2,checkin_honest_under_attack,1.388,True,"{""voter_id"": 208008}"
1782831546200,untrusted-client-12,1,id_honest_under_attack,1.541,True,"{""voter_id"": 269233}"
1782831546232,untrusted-client-12,2,checkin_honest_under_attack,1.734,True,"{""voter_id"": 269233}"
1782831547439,untrusted-client-12,1,id_honest_under_attack,1.518,True,"{""voter_id"": 200340}"
1782831547470,untrusted-client-12,2,checkin_honest_under_attack,1.294,True,"{""voter_id"": 200340}"
1782831548676,untrusted-client-12,1,id_honest_under_attack,1.660,True,"{""voter_id"": 230287}"
1782831548709,untrusted-client-12,2,checkin_honest_under_attack,1.517,True,"{""voter_id"": 230287}"
1782831549918,untrusted-client-12,1,id_honest_under_attack,1.653,True,"{""voter_id"": 173665}"
1782831549950,untrusted-client-12,2,checkin_honest_under_attack,1.398,True,"{""voter_id"": 173665}"
1782831551157,untrusted-client-12,1,id_honest_under_attack,1.545,True,"{""voter_id"": 157204}"
1782831551190,untrusted-client-12,2,checkin_honest_under_attack,1.340,True,"{""voter_id"": 157204}"
1782831552396,untrusted-client-12,1,id_honest_under_attack,1.423,True,"{""voter_id"": 219294}"
1782831552429,untrusted-client-12,2,checkin_honest_under_attack,1.256,True,"{""voter_id"": 219294}"
1782831553629,untrusted-client-12,1,id_honest_under_attack,1.432,True,"{""voter_id"": 187616}"
1782831553660,untrusted-client-12,2,checkin_honest_under_attack,1.397,True,"{""voter_id"": 187616}"
1782831554865,untrusted-client-12,1,id_honest_under_attack,1.446,True,"{""voter_id"": 338757}"
1782831554897,untrusted-client-12,2,checkin_honest_under_attack,1.258,True,"{""voter_id"": 338757}"
1782831556102,untrusted-client-12,1,id_honest_under_attack,1.392,True,"{""voter_id"": 159315}"
1782831556134,untrusted-client-12,2,checkin_honest_under_attack,1.427,True,"{""voter_id"": 159315}"
1782831557358,untrusted-client-12,1,id_honest_under_attack,2.061,True,"{""voter_id"": 159286}"
1782831557390,untrusted-client-12,2,checkin_honest_under_attack,1.346,True,"{""voter_id"": 159286}"
1782831558597,untrusted-client-12,1,id_honest_under_attack,1.274,True,"{""voter_id"": 147859}"
1782831558629,untrusted-client-12,2,checkin_honest_under_attack,1.513,True,"{""voter_id"": 147859}"
1782831445821,untrusted-client-14,1,id_honest_under_attack,1.612,True,"{""voter_id"": 229912}"
1782831445853,untrusted-client-14,2,checkin_honest_under_attack,1.396,True,"{""voter_id"": 229912}"
1782831447045,untrusted-client-14,1,id_honest_under_attack,1.684,True,"{""voter_id"": 156187}"
1782831447076,untrusted-client-14,2,checkin_honest_under_attack,1.670,True,"{""voter_id"": 156187}"
1782831448273,untrusted-client-14,1,id_honest_under_attack,1.398,True,"{""voter_id"": 199385}"
1782831448304,untrusted-client-14,2,checkin_honest_under_attack,1.391,True,"{""voter_id"": 199385}"
1782831449498,untrusted-client-14,1,id_honest_under_attack,1.598,True,"{""voter_id"": 185924}"
1782831449529,untrusted-client-14,2,checkin_honest_under_attack,1.308,True,"{""voter_id"": 185924}"
1782831450727,untrusted-client-14,1,id_honest_under_attack,1.404,True,"{""voter_id"": 142708}"
1782831450758,untrusted-client-14,2,checkin_honest_under_attack,1.371,True,"{""voter_id"": 142708}"
1782831451957,untrusted-client-14,1,id_honest_under_attack,1.474,True,"{""voter_id"": 232382}"
1782831451988,untrusted-client-14,2,checkin_honest_under_attack,1.538,True,"{""voter_id"": 232382}"
1782831453192,untrusted-client-14,1,id_honest_under_attack,1.411,True,"{""voter_id"": 297979}"
1782831453223,untrusted-client-14,2,checkin_honest_under_attack,1.520,True,"{""voter_id"": 297979}"
1782831454416,untrusted-client-14,1,id_honest_under_attack,1.687,True,"{""voter_id"": 291895}"
1782831454449,untrusted-client-14,2,checkin_honest_under_attack,1.729,True,"{""voter_id"": 291895}"
1782831455649,untrusted-client-14,1,id_honest_under_attack,1.355,True,"{""voter_id"": 305844}"
1782831455680,untrusted-client-14,2,checkin_honest_under_attack,1.549,True,"{""voter_id"": 305844}"
1782831456880,untrusted-client-14,1,id_honest_under_attack,1.501,True,"{""voter_id"": 264839}"
1782831456911,untrusted-client-14,2,checkin_honest_under_attack,1.251,True,"{""voter_id"": 264839}"
1782831458108,untrusted-client-14,1,id_honest_under_attack,1.599,True,"{""voter_id"": 128767}"
1782831458139,untrusted-client-14,2,checkin_honest_under_attack,1.514,True,"{""voter_id"": 128767}"
1782831459335,untrusted-client-14,1,id_honest_under_attack,1.497,True,"{""voter_id"": 251915}"
1782831459366,untrusted-client-14,2,checkin_honest_under_attack,1.302,True,"{""voter_id"": 251915}"
1782831460567,untrusted-client-14,1,id_honest_under_attack,1.391,True,"{""voter_id"": 193732}"
1782831460599,untrusted-client-14,2,checkin_honest_under_attack,1.351,True,"{""voter_id"": 193732}"
1782831461800,untrusted-client-14,1,id_honest_under_attack,1.434,True,"{""voter_id"": 292786}"
1782831461831,untrusted-client-14,2,checkin_honest_under_attack,1.365,True,"{""voter_id"": 292786}"
1782831463039,untrusted-client-14,1,id_honest_under_attack,1.430,True,"{""voter_id"": 203688}"
1782831463072,untrusted-client-14,2,checkin_honest_under_attack,2.263,True,"{""voter_id"": 203688}"
1782831464297,untrusted-client-14,1,id_honest_under_attack,2.110,True,"{""voter_id"": 232222}"
1782831464328,untrusted-client-14,2,checkin_honest_under_attack,1.720,True,"{""voter_id"": 232222}"
1782831465542,untrusted-client-14,1,id_honest_under_attack,1.587,True,"{""voter_id"": 254783}"
1782831465574,untrusted-client-14,2,checkin_honest_under_attack,1.427,True,"{""voter_id"": 254783}"
1782831466771,untrusted-client-14,1,id_honest_under_attack,1.412,True,"{""voter_id"": 127401}"
1782831466802,untrusted-client-14,2,checkin_honest_under_attack,1.422,True,"{""voter_id"": 127401}"
1782831467999,untrusted-client-14,1,id_honest_under_attack,1.209,True,"{""voter_id"": 305016}"
1782831468031,untrusted-client-14,2,checkin_honest_under_attack,1.413,True,"{""voter_id"": 305016}"
1782831469232,untrusted-client-14,1,id_honest_under_attack,1.547,True,"{""voter_id"": 181360}"
1782831469263,untrusted-client-14,2,checkin_honest_under_attack,1.659,True,"{""voter_id"": 181360}"
1782831470466,untrusted-client-14,1,id_honest_under_attack,1.912,True,"{""voter_id"": 204014}"
1782831470497,untrusted-client-14,2,checkin_honest_under_attack,1.308,True,"{""voter_id"": 204014}"
1782831471693,untrusted-client-14,1,id_honest_under_attack,1.495,True,"{""voter_id"": 278458}"
1782831471725,untrusted-client-14,2,checkin_honest_under_attack,1.858,True,"{""voter_id"": 278458}"
1782831472924,untrusted-client-14,1,id_honest_under_attack,1.393,True,"{""voter_id"": 236043}"
1782831472956,untrusted-client-14,2,checkin_honest_under_attack,1.529,True,"{""voter_id"": 236043}"
1782831474154,untrusted-client-14,1,id_honest_under_attack,1.321,True,"{""voter_id"": 306475}"
1782831474185,untrusted-client-14,2,checkin_honest_under_attack,1.663,True,"{""voter_id"": 306475}"
1782831475387,untrusted-client-14,1,id_honest_under_attack,1.619,True,"{""voter_id"": 194396}"
1782831475419,untrusted-client-14,2,checkin_honest_under_attack,1.577,True,"{""voter_id"": 194396}"
1782831476613,untrusted-client-14,1,id_honest_under_attack,1.653,True,"{""voter_id"": 156187}"
1782831476644,untrusted-client-14,2,checkin_honest_under_attack,1.643,True,"{""voter_id"": 156187}"
1782831477848,untrusted-client-14,1,id_honest_under_attack,1.461,True,"{""voter_id"": 126344}"
1782831477878,untrusted-client-14,2,checkin_honest_under_attack,1.068,True,"{""voter_id"": 126344}"
1782831479083,untrusted-client-14,1,id_honest_under_attack,1.776,True,"{""voter_id"": 316612}"
1782831479115,untrusted-client-14,2,checkin_honest_under_attack,1.310,True,"{""voter_id"": 316612}"
1782831480322,untrusted-client-14,1,id_honest_under_attack,1.439,True,"{""voter_id"": 345085}"
1782831480353,untrusted-client-14,2,checkin_honest_under_attack,1.670,True,"{""voter_id"": 345085}"
1782831481558,untrusted-client-14,1,id_honest_under_attack,1.761,True,"{""voter_id"": 186621}"
1782831481590,untrusted-client-14,2,checkin_honest_under_attack,1.142,True,"{""voter_id"": 186621}"
1782831482790,untrusted-client-14,1,id_honest_under_attack,1.457,True,"{""voter_id"": 123518}"
1782831482822,untrusted-client-14,2,checkin_honest_under_attack,1.502,True,"{""voter_id"": 123518}"
1782831484025,untrusted-client-14,1,id_honest_under_attack,1.471,True,"{""voter_id"": 127400}"
1782831484057,untrusted-client-14,2,checkin_honest_under_attack,1.473,True,"{""voter_id"": 127400}"
1782831485265,untrusted-client-14,1,id_honest_under_attack,1.699,True,"{""voter_id"": 179332}"
1782831485297,untrusted-client-14,2,checkin_honest_under_attack,1.316,True,"{""voter_id"": 179332}"
1782831486498,untrusted-client-14,1,id_honest_under_attack,1.402,True,"{""voter_id"": 290243}"
1782831486529,untrusted-client-14,2,checkin_honest_under_attack,1.583,True,"{""voter_id"": 290243}"
1782831487729,untrusted-client-14,1,id_honest_under_attack,1.438,True,"{""voter_id"": 164791}"
1782831487761,untrusted-client-14,2,checkin_honest_under_attack,1.578,True,"{""voter_id"": 164791}"
1782831488970,untrusted-client-14,1,id_honest_under_attack,1.729,True,"{""voter_id"": 333991}"
1782831489001,untrusted-client-14,2,checkin_honest_under_attack,1.418,True,"{""voter_id"": 333991}"
1782831490218,untrusted-client-14,1,id_honest_under_attack,1.424,True,"{""voter_id"": 341852}"
1782831490251,untrusted-client-14,2,checkin_honest_under_attack,1.778,True,"{""voter_id"": 341852}"
1782831491461,untrusted-client-14,1,id_honest_under_attack,1.394,True,"{""voter_id"": 112298}"
1782831491494,untrusted-client-14,2,checkin_honest_under_attack,1.950,True,"{""voter_id"": 112298}"
1782831492702,untrusted-client-14,1,id_honest_under_attack,1.502,True,"{""voter_id"": 341145}"
1782831492734,untrusted-client-14,2,checkin_honest_under_attack,2.453,True,"{""voter_id"": 341145}"
1782831493947,untrusted-client-14,1,id_honest_under_attack,1.426,True,"{""voter_id"": 327770}"
1782831493979,untrusted-client-14,2,checkin_honest_under_attack,1.443,True,"{""voter_id"": 327770}"
1782831495190,untrusted-client-14,1,id_honest_under_attack,1.420,True,"{""voter_id"": 335028}"
1782831495222,untrusted-client-14,2,checkin_honest_under_attack,1.454,True,"{""voter_id"": 335028}"
1782831496434,untrusted-client-14,1,id_honest_under_attack,1.300,True,"{""voter_id"": 278054}"
1782831496466,untrusted-client-14,2,checkin_honest_under_attack,1.406,True,"{""voter_id"": 278054}"
1782831497676,untrusted-client-14,1,id_honest_under_attack,1.278,True,"{""voter_id"": 288338}"
1782831497708,untrusted-client-14,2,checkin_honest_under_attack,1.484,True,"{""voter_id"": 288338}"
1782831498914,untrusted-client-14,1,id_honest_under_attack,1.295,True,"{""voter_id"": 123521}"
1782831498946,untrusted-client-14,2,checkin_honest_under_attack,1.438,True,"{""voter_id"": 123521}"
1782831500153,untrusted-client-14,1,id_honest_under_attack,1.599,True,"{""voter_id"": 265804}"
1782831500187,untrusted-client-14,2,checkin_honest_under_attack,1.438,True,"{""voter_id"": 265804}"
1782831501399,untrusted-client-14,1,id_honest_under_attack,1.664,True,"{""voter_id"": 247191}"
1782831501432,untrusted-client-14,2,checkin_honest_under_attack,1.491,True,"{""voter_id"": 247191}"
1782831502641,untrusted-client-14,1,id_honest_under_attack,1.749,True,"{""voter_id"": 170439}"
1782831502675,untrusted-client-14,2,checkin_honest_under_attack,1.491,True,"{""voter_id"": 170439}"
1782831503886,untrusted-client-14,1,id_honest_under_attack,1.602,True,"{""voter_id"": 143954}"
1782831503920,untrusted-client-14,2,checkin_honest_under_attack,1.546,True,"{""voter_id"": 143954}"
1782831505139,untrusted-client-14,1,id_honest_under_attack,1.780,True,"{""voter_id"": 330284}"
1782831505174,untrusted-client-14,2,checkin_honest_under_attack,1.352,True,"{""voter_id"": 330284}"
1782831506400,untrusted-client-14,1,id_honest_under_attack,1.503,True,"{""voter_id"": 114916}"
1782831506435,untrusted-client-14,2,checkin_honest_under_attack,1.955,True,"{""voter_id"": 114916}"
1782831507656,untrusted-client-14,1,id_honest_under_attack,1.404,True,"{""voter_id"": 288578}"
1782831507689,untrusted-client-14,2,checkin_honest_under_attack,1.486,True,"{""voter_id"": 288578}"
1782831508905,untrusted-client-14,1,id_honest_under_attack,1.294,True,"{""voter_id"": 143955}"
1782831508939,untrusted-client-14,2,checkin_honest_under_attack,1.829,True,"{""voter_id"": 143955}"
1782831510157,untrusted-client-14,1,id_honest_under_attack,3.059,True,"{""voter_id"": 271571}"
1782831510190,untrusted-client-14,2,checkin_honest_under_attack,1.118,True,"{""voter_id"": 271571}"
1782831511403,untrusted-client-14,1,id_honest_under_attack,1.451,True,"{""voter_id"": 193306}"
1782831511437,untrusted-client-14,2,checkin_honest_under_attack,1.660,True,"{""voter_id"": 193306}"
1782831512654,untrusted-client-14,1,id_honest_under_attack,1.576,True,"{""voter_id"": 345085}"
1782831512689,untrusted-client-14,2,checkin_honest_under_attack,1.502,True,"{""voter_id"": 345085}"
1782831513899,untrusted-client-14,1,id_honest_under_attack,1.613,True,"{""voter_id"": 112103}"
1782831513934,untrusted-client-14,2,checkin_honest_under_attack,1.342,True,"{""voter_id"": 112103}"
1782831515149,untrusted-client-14,1,id_honest_under_attack,1.513,True,"{""voter_id"": 290241}"
1782831515185,untrusted-client-14,2,checkin_honest_under_attack,1.702,True,"{""voter_id"": 290241}"
1782831516406,untrusted-client-14,1,id_honest_under_attack,1.668,True,"{""voter_id"": 146866}"
1782831516441,untrusted-client-14,2,checkin_honest_under_attack,1.794,True,"{""voter_id"": 146866}"
1782831517653,untrusted-client-14,1,id_honest_under_attack,1.529,True,"{""voter_id"": 295353}"
1782831517686,untrusted-client-14,2,checkin_honest_under_attack,1.254,True,"{""voter_id"": 295353}"
1782831518898,untrusted-client-14,1,id_honest_under_attack,1.461,True,"{""voter_id"": 179833}"
1782831518932,untrusted-client-14,2,checkin_honest_under_attack,1.261,True,"{""voter_id"": 179833}"
1782831520142,untrusted-client-14,1,id_honest_under_attack,1.493,True,"{""voter_id"": 115021}"
1782831520176,untrusted-client-14,2,checkin_honest_under_attack,2.809,True,"{""voter_id"": 115021}"
1782831521389,untrusted-client-14,1,id_honest_under_attack,2.094,True,"{""voter_id"": 148069}"
1782831521423,untrusted-client-14,2,checkin_honest_under_attack,1.668,True,"{""voter_id"": 148069}"
1782831522638,untrusted-client-14,1,id_honest_under_attack,1.587,True,"{""voter_id"": 233168}"
1782831522670,untrusted-client-14,2,checkin_honest_under_attack,1.039,True,"{""voter_id"": 233168}"
1782831523886,untrusted-client-14,1,id_honest_under_attack,1.238,True,"{""voter_id"": 284511}"
1782831523919,untrusted-client-14,2,checkin_honest_under_attack,1.222,True,"{""voter_id"": 284511}"
1782831525128,untrusted-client-14,1,id_honest_under_attack,1.708,True,"{""voter_id"": 191488}"
1782831525161,untrusted-client-14,2,checkin_honest_under_attack,1.437,True,"{""voter_id"": 191488}"
1782831526375,untrusted-client-14,1,id_honest_under_attack,1.485,True,"{""voter_id"": 297977}"
1782831526409,untrusted-client-14,2,checkin_honest_under_attack,1.813,True,"{""voter_id"": 297977}"
1782831527620,untrusted-client-14,1,id_honest_under_attack,1.451,True,"{""voter_id"": 180776}"
1782831527653,untrusted-client-14,2,checkin_honest_under_attack,1.350,True,"{""voter_id"": 180776}"
1782831528867,untrusted-client-14,1,id_honest_under_attack,1.669,True,"{""voter_id"": 159285}"
1782831528900,untrusted-client-14,2,checkin_honest_under_attack,1.145,True,"{""voter_id"": 159285}"
1782831530110,untrusted-client-14,1,id_honest_under_attack,1.667,True,"{""voter_id"": 163298}"
1782831530143,untrusted-client-14,2,checkin_honest_under_attack,1.779,True,"{""voter_id"": 163298}"
1782831531348,untrusted-client-14,1,id_honest_under_attack,1.855,True,"{""voter_id"": 178589}"
1782831531381,untrusted-client-14,2,checkin_honest_under_attack,1.668,True,"{""voter_id"": 178589}"
1782831532593,untrusted-client-14,1,id_honest_under_attack,1.698,True,"{""voter_id"": 311975}"
1782831532625,untrusted-client-14,2,checkin_honest_under_attack,1.438,True,"{""voter_id"": 311975}"
1782831533829,untrusted-client-14,1,id_honest_under_attack,1.456,True,"{""voter_id"": 101298}"
1782831533863,untrusted-client-14,2,checkin_honest_under_attack,1.325,True,"{""voter_id"": 101298}"
1782831535068,untrusted-client-14,1,id_honest_under_attack,1.470,True,"{""voter_id"": 211845}"
1782831535100,untrusted-client-14,2,checkin_honest_under_attack,1.599,True,"{""voter_id"": 211845}"
1782831536310,untrusted-client-14,1,id_honest_under_attack,1.387,True,"{""voter_id"": 220637}"
1782831536343,untrusted-client-14,2,checkin_honest_under_attack,1.719,True,"{""voter_id"": 220637}"
1782831537547,untrusted-client-14,1,id_honest_under_attack,1.351,True,"{""voter_id"": 279181}"
1782831537580,untrusted-client-14,2,checkin_honest_under_attack,1.161,True,"{""voter_id"": 279181}"
1782831538785,untrusted-client-14,1,id_honest_under_attack,1.271,True,"{""voter_id"": 324743}"
1782831538820,untrusted-client-14,2,checkin_honest_under_attack,1.629,True,"{""voter_id"": 324743}"
1782831540028,untrusted-client-14,1,id_honest_under_attack,1.516,True,"{""voter_id"": 276052}"
1782831540059,untrusted-client-14,2,checkin_honest_under_attack,1.386,True,"{""voter_id"": 276052}"
1782831541265,untrusted-client-14,1,id_honest_under_attack,1.552,True,"{""voter_id"": 163298}"
1782831541297,untrusted-client-14,2,checkin_honest_under_attack,1.061,True,"{""voter_id"": 163298}"
1782831542505,untrusted-client-14,1,id_honest_under_attack,1.649,True,"{""voter_id"": 222453}"
1782831542538,untrusted-client-14,2,checkin_honest_under_attack,1.771,True,"{""voter_id"": 222453}"
1782831543740,untrusted-client-14,1,id_honest_under_attack,1.735,True,"{""voter_id"": 344670}"
1782831543773,untrusted-client-14,2,checkin_honest_under_attack,1.627,True,"{""voter_id"": 344670}"
1782831544976,untrusted-client-14,1,id_honest_under_attack,1.616,True,"{""voter_id"": 114918}"
1782831545010,untrusted-client-14,2,checkin_honest_under_attack,1.680,True,"{""voter_id"": 114918}"
1782831546219,untrusted-client-14,1,id_honest_under_attack,1.628,True,"{""voter_id"": 112472}"
1782831546252,untrusted-client-14,2,checkin_honest_under_attack,1.320,True,"{""voter_id"": 112472}"
1782831547454,untrusted-client-14,1,id_honest_under_attack,1.329,True,"{""voter_id"": 246930}"
1782831547486,untrusted-client-14,2,checkin_honest_under_attack,1.262,True,"{""voter_id"": 246930}"
1782831548686,untrusted-client-14,1,id_honest_under_attack,1.295,True,"{""voter_id"": 159285}"
1782831548719,untrusted-client-14,2,checkin_honest_under_attack,1.270,True,"{""voter_id"": 159285}"
1782831549926,untrusted-client-14,1,id_honest_under_attack,1.548,True,"{""voter_id"": 315808}"
1782831549959,untrusted-client-14,2,checkin_honest_under_attack,1.430,True,"{""voter_id"": 315808}"
1782831551171,untrusted-client-14,1,id_honest_under_attack,1.417,True,"{""voter_id"": 155259}"
1782831551204,untrusted-client-14,2,checkin_honest_under_attack,1.545,True,"{""voter_id"": 155259}"
1782831552419,untrusted-client-14,1,id_honest_under_attack,1.617,True,"{""voter_id"": 182027}"
1782831552450,untrusted-client-14,2,checkin_honest_under_attack,1.294,True,"{""voter_id"": 182027}"
1782831553651,untrusted-client-14,1,id_honest_under_attack,1.386,True,"{""voter_id"": 340851}"
1782831553682,untrusted-client-14,2,checkin_honest_under_attack,1.368,True,"{""voter_id"": 340851}"
1782831554887,untrusted-client-14,1,id_honest_under_attack,1.486,True,"{""voter_id"": 244321}"
1782831554919,untrusted-client-14,2,checkin_honest_under_attack,1.290,True,"{""voter_id"": 244321}"
1782831556121,untrusted-client-14,1,id_honest_under_attack,1.548,True,"{""voter_id"": 220372}"
1782831556157,untrusted-client-14,2,checkin_honest_under_attack,1.615,True,"{""voter_id"": 220372}"
1782831557377,untrusted-client-14,1,id_honest_under_attack,1.535,True,"{""voter_id"": 295785}"
1782831557410,untrusted-client-14,2,checkin_honest_under_attack,1.194,True,"{""voter_id"": 295785}"
1782831558617,untrusted-client-14,1,id_honest_under_attack,1.420,True,"{""voter_id"": 206727}"
1782831558649,untrusted-client-14,2,checkin_honest_under_attack,1.440,True,"{""voter_id"": 206727}"
1782831559846,untrusted-client-14,1,id_honest_under_attack,1.712,True,"{""voter_id"": 224286}"
1782831559877,untrusted-client-14,2,checkin_honest_under_attack,1.475,True,"{""voter_id"": 224286}"
1782831561077,untrusted-client-14,1,id_honest_under_attack,1.464,True,"{""voter_id"": 136176}"
1782831561108,untrusted-client-14,2,checkin_honest_under_attack,1.302,True,"{""voter_id"": 136176}"
1782831562307,untrusted-client-14,1,id_honest_under_attack,1.440,True,"{""voter_id"": 200341}"
1782831562339,untrusted-client-14,2,checkin_honest_under_attack,1.764,True,"{""voter_id"": 200341}"
1782831563532,untrusted-client-14,1,id_honest_under_attack,1.419,True,"{""voter_id"": 164321}"
1782831563563,untrusted-client-14,2,checkin_honest_under_attack,1.252,True,"{""voter_id"": 164321}"
1782831564757,untrusted-client-14,1,id_honest_under_attack,1.659,True,"{""voter_id"": 329795}"
1782831564788,untrusted-client-14,2,checkin_honest_under_attack,1.525,True,"{""voter_id"": 329795}"
1782831565985,untrusted-client-14,1,id_honest_under_attack,1.432,True,"{""voter_id"": 280711}"
1782831566016,untrusted-client-14,2,checkin_honest_under_attack,1.473,True,"{""voter_id"": 280711}"
1782831567214,untrusted-client-14,1,id_honest_under_attack,1.671,True,"{""voter_id"": 334893}"
1782831567245,untrusted-client-14,2,checkin_honest_under_attack,1.592,True,"{""voter_id"": 334893}"
1782831568439,untrusted-client-14,1,id_honest_under_attack,1.435,True,"{""voter_id"": 347966}"
1782831568471,untrusted-client-14,2,checkin_honest_under_attack,1.431,True,"{""voter_id"": 347966}"
1782831455890,untrusted-client-2,1,id_honest_under_attack,1.563,True,"{""voter_id"": 284512}"
1782831455922,untrusted-client-2,2,checkin_honest_under_attack,1.513,True,"{""voter_id"": 284512}"
1782831457115,untrusted-client-2,1,id_honest_under_attack,1.670,True,"{""voter_id"": 135235}"
1782831457146,untrusted-client-2,2,checkin_honest_under_attack,1.354,True,"{""voter_id"": 135235}"
1782831458343,untrusted-client-2,1,id_honest_under_attack,1.709,True,"{""voter_id"": 160817}"
1782831458374,untrusted-client-2,2,checkin_honest_under_attack,1.549,True,"{""voter_id"": 160817}"
1782831459567,untrusted-client-2,1,id_honest_under_attack,1.500,True,"{""voter_id"": 338755}"
1782831459598,untrusted-client-2,2,checkin_honest_under_attack,1.462,True,"{""voter_id"": 338755}"
1782831460815,untrusted-client-2,1,id_honest_under_attack,1.321,True,"{""voter_id"": 252690}"
1782831460848,untrusted-client-2,2,checkin_honest_under_attack,1.553,True,"{""voter_id"": 252690}"
1782831462058,untrusted-client-2,1,id_honest_under_attack,1.322,True,"{""voter_id"": 105433}"
1782831462090,untrusted-client-2,2,checkin_honest_under_attack,1.073,True,"{""voter_id"": 105433}"
1782831463293,untrusted-client-2,1,id_honest_under_attack,1.380,True,"{""voter_id"": 275481}"
1782831463324,untrusted-client-2,2,checkin_honest_under_attack,1.367,True,"{""voter_id"": 275481}"
1782831464541,untrusted-client-2,1,id_honest_under_attack,3.284,True,"{""voter_id"": 297990}"
1782831464574,untrusted-client-2,2,checkin_honest_under_attack,1.715,True,"{""voter_id"": 297990}"
1782831465786,untrusted-client-2,1,id_honest_under_attack,1.654,True,"{""voter_id"": 306664}"
1782831465817,untrusted-client-2,2,checkin_honest_under_attack,1.029,True,"{""voter_id"": 306664}"
1782831467026,untrusted-client-2,1,id_honest_under_attack,1.304,True,"{""voter_id"": 170107}"
1782831467058,untrusted-client-2,2,checkin_honest_under_attack,1.315,True,"{""voter_id"": 170107}"
1782831468257,untrusted-client-2,1,id_honest_under_attack,1.404,True,"{""voter_id"": 195931}"
1782831468288,untrusted-client-2,2,checkin_honest_under_attack,1.137,True,"{""voter_id"": 195931}"
1782831469482,untrusted-client-2,1,id_honest_under_attack,1.526,True,"{""voter_id"": 269126}"
1782831469515,untrusted-client-2,2,checkin_honest_under_attack,1.455,True,"{""voter_id"": 269126}"
1782831470713,untrusted-client-2,1,id_honest_under_attack,1.275,True,"{""voter_id"": 254061}"
1782831470745,untrusted-client-2,2,checkin_honest_under_attack,1.430,True,"{""voter_id"": 254061}"
1782831471944,untrusted-client-2,1,id_honest_under_attack,1.312,True,"{""voter_id"": 197905}"
1782831471976,untrusted-client-2,2,checkin_honest_under_attack,1.384,True,"{""voter_id"": 197905}"
1782831473180,untrusted-client-2,1,id_honest_under_attack,1.949,True,"{""voter_id"": 146339}"
1782831473211,untrusted-client-2,2,checkin_honest_under_attack,1.042,True,"{""voter_id"": 146339}"
1782831474409,untrusted-client-2,1,id_honest_under_attack,1.491,True,"{""voter_id"": 126407}"
1782831474441,untrusted-client-2,2,checkin_honest_under_attack,1.221,True,"{""voter_id"": 126407}"
1782831475640,untrusted-client-2,1,id_honest_under_attack,1.722,True,"{""voter_id"": 339981}"
1782831475672,untrusted-client-2,2,checkin_honest_under_attack,1.657,True,"{""voter_id"": 339981}"
1782831476867,untrusted-client-2,1,id_honest_under_attack,1.514,True,"{""voter_id"": 344659}"
1782831476898,untrusted-client-2,2,checkin_honest_under_attack,1.511,True,"{""voter_id"": 344659}"
1782831478098,untrusted-client-2,1,id_honest_under_attack,1.402,True,"{""voter_id"": 311533}"
1782831478130,untrusted-client-2,2,checkin_honest_under_attack,1.389,True,"{""voter_id"": 311533}"
1782831479331,untrusted-client-2,1,id_honest_under_attack,1.643,True,"{""voter_id"": 117692}"
1782831479364,untrusted-client-2,2,checkin_honest_under_attack,2.336,True,"{""voter_id"": 117692}"
1782831480561,untrusted-client-2,1,id_honest_under_attack,1.502,True,"{""voter_id"": 264503}"
1782831480592,untrusted-client-2,2,checkin_honest_under_attack,1.173,True,"{""voter_id"": 264503}"
1782831481788,untrusted-client-2,1,id_honest_under_attack,1.753,True,"{""voter_id"": 277884}"
1782831481819,untrusted-client-2,2,checkin_honest_under_attack,1.112,True,"{""voter_id"": 277884}"
1782831483019,untrusted-client-2,1,id_honest_under_attack,1.388,True,"{""voter_id"": 172954}"
1782831483052,untrusted-client-2,2,checkin_honest_under_attack,2.158,True,"{""voter_id"": 172954}"
1782831484255,untrusted-client-2,1,id_honest_under_attack,1.533,True,"{""voter_id"": 295354}"
1782831484288,untrusted-client-2,2,checkin_honest_under_attack,2.144,True,"{""voter_id"": 295354}"
1782831485490,untrusted-client-2,1,id_honest_under_attack,2.040,True,"{""voter_id"": 210418}"
1782831485523,untrusted-client-2,2,checkin_honest_under_attack,1.332,True,"{""voter_id"": 210418}"
1782831486723,untrusted-client-2,1,id_honest_under_attack,1.750,True,"{""voter_id"": 124303}"
1782831486755,untrusted-client-2,2,checkin_honest_under_attack,1.051,True,"{""voter_id"": 124303}"
1782831487955,untrusted-client-2,1,id_honest_under_attack,1.433,True,"{""voter_id"": 252909}"
1782831487986,untrusted-client-2,2,checkin_honest_under_attack,1.097,True,"{""voter_id"": 252909}"
1782831489188,untrusted-client-2,1,id_honest_under_attack,1.415,True,"{""voter_id"": 346610}"
1782831489220,untrusted-client-2,2,checkin_honest_under_attack,1.311,True,"{""voter_id"": 346610}"
1782831490422,untrusted-client-2,1,id_honest_under_attack,1.622,True,"{""voter_id"": 265010}"
1782831490454,untrusted-client-2,2,checkin_honest_under_attack,2.339,True,"{""voter_id"": 265010}"
1782831491667,untrusted-client-2,1,id_honest_under_attack,1.535,True,"{""voter_id"": 187221}"
1782831491700,untrusted-client-2,2,checkin_honest_under_attack,2.017,True,"{""voter_id"": 187221}"
1782831492904,untrusted-client-2,1,id_honest_under_attack,1.745,True,"{""voter_id"": 294648}"
1782831492936,untrusted-client-2,2,checkin_honest_under_attack,1.378,True,"{""voter_id"": 294648}"
1782831494138,untrusted-client-2,1,id_honest_under_attack,1.430,True,"{""voter_id"": 337353}"
1782831494170,untrusted-client-2,2,checkin_honest_under_attack,1.736,True,"{""voter_id"": 337353}"
1782831495371,untrusted-client-2,1,id_honest_under_attack,1.590,True,"{""voter_id"": 225184}"
1782831495403,untrusted-client-2,2,checkin_honest_under_attack,1.614,True,"{""voter_id"": 225184}"
1782831496606,untrusted-client-2,1,id_honest_under_attack,1.613,True,"{""voter_id"": 325992}"
1782831496638,untrusted-client-2,2,checkin_honest_under_attack,1.247,True,"{""voter_id"": 325992}"
1782831497839,untrusted-client-2,1,id_honest_under_attack,1.414,True,"{""voter_id"": 338607}"
1782831497872,untrusted-client-2,2,checkin_honest_under_attack,1.767,True,"{""voter_id"": 338607}"
1782831499079,untrusted-client-2,1,id_honest_under_attack,1.602,True,"{""voter_id"": 328841}"
1782831499111,untrusted-client-2,2,checkin_honest_under_attack,1.472,True,"{""voter_id"": 328841}"
1782831500323,untrusted-client-2,1,id_honest_under_attack,1.398,True,"{""voter_id"": 281145}"
1782831500356,untrusted-client-2,2,checkin_honest_under_attack,1.291,True,"{""voter_id"": 281145}"
1782831501561,untrusted-client-2,1,id_honest_under_attack,1.703,True,"{""voter_id"": 132716}"
1782831501596,untrusted-client-2,2,checkin_honest_under_attack,1.452,True,"{""voter_id"": 132716}"
1782831502806,untrusted-client-2,1,id_honest_under_attack,1.797,True,"{""voter_id"": 305840}"
1782831502839,untrusted-client-2,2,checkin_honest_under_attack,1.424,True,"{""voter_id"": 305840}"
1782831504052,untrusted-client-2,1,id_honest_under_attack,1.565,True,"{""voter_id"": 267146}"
1782831504085,untrusted-client-2,2,checkin_honest_under_attack,1.114,True,"{""voter_id"": 267146}"
1782831505296,untrusted-client-2,1,id_honest_under_attack,1.367,True,"{""voter_id"": 236417}"
1782831505329,untrusted-client-2,2,checkin_honest_under_attack,1.417,True,"{""voter_id"": 236417}"
1782831506546,untrusted-client-2,1,id_honest_under_attack,1.406,True,"{""voter_id"": 156080}"
1782831506579,untrusted-client-2,2,checkin_honest_under_attack,1.563,True,"{""voter_id"": 156080}"
1782831507792,untrusted-client-2,1,id_honest_under_attack,1.231,True,"{""voter_id"": 142200}"
1782831507824,untrusted-client-2,2,checkin_honest_under_attack,1.386,True,"{""voter_id"": 142200}"
1782831509042,untrusted-client-2,1,id_honest_under_attack,1.417,True,"{""voter_id"": 306475}"
1782831509075,untrusted-client-2,2,checkin_honest_under_attack,1.232,True,"{""voter_id"": 306475}"
1782831510297,untrusted-client-2,1,id_honest_under_attack,1.378,True,"{""voter_id"": 155975}"
1782831510329,untrusted-client-2,2,checkin_honest_under_attack,1.456,True,"{""voter_id"": 155975}"
1782831511556,untrusted-client-2,1,id_honest_under_attack,1.499,True,"{""voter_id"": 242482}"
1782831511589,untrusted-client-2,2,checkin_honest_under_attack,1.582,True,"{""voter_id"": 242482}"
1782831512811,untrusted-client-2,1,id_honest_under_attack,1.510,True,"{""voter_id"": 159284}"
1782831512845,untrusted-client-2,2,checkin_honest_under_attack,1.484,True,"{""voter_id"": 159284}"
1782831514073,untrusted-client-2,1,id_honest_under_attack,4.363,True,"{""voter_id"": 216511}"
1782831514106,untrusted-client-2,2,checkin_honest_under_attack,1.466,True,"{""voter_id"": 216511}"
1782831515325,untrusted-client-2,1,id_honest_under_attack,1.577,True,"{""voter_id"": 140355}"
1782831515359,untrusted-client-2,2,checkin_honest_under_attack,1.554,True,"{""voter_id"": 140355}"
1782831516580,untrusted-client-2,1,id_honest_under_attack,1.836,True,"{""voter_id"": 121533}"
1782831516613,untrusted-client-2,2,checkin_honest_under_attack,1.256,True,"{""voter_id"": 121533}"
1782831517830,untrusted-client-2,1,id_honest_under_attack,1.680,True,"{""voter_id"": 149606}"
1782831517864,untrusted-client-2,2,checkin_honest_under_attack,1.364,True,"{""voter_id"": 149606}"
1782831519076,untrusted-client-2,1,id_honest_under_attack,2.534,True,"{""voter_id"": 106102}"
1782831519109,untrusted-client-2,2,checkin_honest_under_attack,1.513,True,"{""voter_id"": 106102}"
1782831520326,untrusted-client-2,1,id_honest_under_attack,1.476,True,"{""voter_id"": 188662}"
1782831520360,untrusted-client-2,2,checkin_honest_under_attack,1.746,True,"{""voter_id"": 188662}"
1782831521578,untrusted-client-2,1,id_honest_under_attack,1.604,True,"{""voter_id"": 241513}"
1782831521612,untrusted-client-2,2,checkin_honest_under_attack,1.542,True,"{""voter_id"": 241513}"
1782831522835,untrusted-client-2,1,id_honest_under_attack,3.317,True,"{""voter_id"": 212417}"
1782831522868,untrusted-client-2,2,checkin_honest_under_attack,1.206,True,"{""voter_id"": 212417}"
1782831524084,untrusted-client-2,1,id_honest_under_attack,1.631,True,"{""voter_id"": 189694}"
1782831524116,untrusted-client-2,2,checkin_honest_under_attack,1.405,True,"{""voter_id"": 189694}"
1782831525334,untrusted-client-2,1,id_honest_under_attack,2.071,True,"{""voter_id"": 255591}"
1782831525365,untrusted-client-2,2,checkin_honest_under_attack,1.155,True,"{""voter_id"": 255591}"
1782831526583,untrusted-client-2,1,id_honest_under_attack,1.628,True,"{""voter_id"": 228728}"
1782831526616,untrusted-client-2,2,checkin_honest_under_attack,1.331,True,"{""voter_id"": 228728}"
1782831527834,untrusted-client-2,1,id_honest_under_attack,1.416,True,"{""voter_id"": 280303}"
1782831527866,untrusted-client-2,2,checkin_honest_under_attack,1.270,True,"{""voter_id"": 280303}"
1782831529081,untrusted-client-2,1,id_honest_under_attack,1.838,True,"{""voter_id"": 308182}"
1782831529113,untrusted-client-2,2,checkin_honest_under_attack,1.342,True,"{""voter_id"": 308182}"
1782831530329,untrusted-client-2,1,id_honest_under_attack,1.800,True,"{""voter_id"": 202146}"
1782831530364,untrusted-client-2,2,checkin_honest_under_attack,1.214,True,"{""voter_id"": 202146}"
1782831531581,untrusted-client-2,1,id_honest_under_attack,1.475,True,"{""voter_id"": 310865}"
1782831531615,untrusted-client-2,2,checkin_honest_under_attack,1.662,True,"{""voter_id"": 310865}"
1782831532828,untrusted-client-2,1,id_honest_under_attack,1.539,True,"{""voter_id"": 228594}"
1782831532861,untrusted-client-2,2,checkin_honest_under_attack,1.494,True,"{""voter_id"": 228594}"
1782831534076,untrusted-client-2,1,id_honest_under_attack,1.544,True,"{""voter_id"": 112473}"
1782831534110,untrusted-client-2,2,checkin_honest_under_attack,1.760,True,"{""voter_id"": 112473}"
1782831535322,untrusted-client-2,1,id_honest_under_attack,2.251,True,"{""voter_id"": 162092}"
1782831535355,untrusted-client-2,2,checkin_honest_under_attack,2.193,True,"{""voter_id"": 162092}"
1782831536560,untrusted-client-2,1,id_honest_under_attack,1.573,True,"{""voter_id"": 122213}"
1782831536594,untrusted-client-2,2,checkin_honest_under_attack,1.209,True,"{""voter_id"": 122213}"
1782831537807,untrusted-client-2,1,id_honest_under_attack,2.029,True,"{""voter_id"": 101073}"
1782831537841,untrusted-client-2,2,checkin_honest_under_attack,1.314,True,"{""voter_id"": 101073}"
1782831539055,untrusted-client-2,1,id_honest_under_attack,2.119,True,"{""voter_id"": 288579}"
1782831539090,untrusted-client-2,2,checkin_honest_under_attack,1.565,True,"{""voter_id"": 288579}"
1782831540301,untrusted-client-2,1,id_honest_under_attack,1.552,True,"{""voter_id"": 345932}"
1782831540334,untrusted-client-2,2,checkin_honest_under_attack,1.694,True,"{""voter_id"": 345932}"
1782831541543,untrusted-client-2,1,id_honest_under_attack,1.521,True,"{""voter_id"": 329794}"
1782831541577,untrusted-client-2,2,checkin_honest_under_attack,3.039,True,"{""voter_id"": 329794}"
1782831542786,untrusted-client-2,1,id_honest_under_attack,1.993,True,"{""voter_id"": 158038}"
1782831542819,untrusted-client-2,2,checkin_honest_under_attack,1.426,True,"{""voter_id"": 158038}"
1782831544031,untrusted-client-2,1,id_honest_under_attack,2.264,True,"{""voter_id"": 153695}"
1782831544064,untrusted-client-2,2,checkin_honest_under_attack,3.485,True,"{""voter_id"": 153695}"
1782831545275,untrusted-client-2,1,id_honest_under_attack,1.331,True,"{""voter_id"": 225798}"
1782831545309,untrusted-client-2,2,checkin_honest_under_attack,1.619,True,"{""voter_id"": 225798}"
1782831546516,untrusted-client-2,1,id_honest_under_attack,1.569,True,"{""voter_id"": 227133}"
1782831546549,untrusted-client-2,2,checkin_honest_under_attack,1.436,True,"{""voter_id"": 227133}"
1782831547758,untrusted-client-2,1,id_honest_under_attack,2.217,True,"{""voter_id"": 116981}"
1782831547792,untrusted-client-2,2,checkin_honest_under_attack,1.080,True,"{""voter_id"": 116981}"
1782831548995,untrusted-client-2,1,id_honest_under_attack,1.692,True,"{""voter_id"": 280506}"
1782831549028,untrusted-client-2,2,checkin_honest_under_attack,1.549,True,"{""voter_id"": 280506}"
1782831550239,untrusted-client-2,1,id_honest_under_attack,2.091,True,"{""voter_id"": 303755}"
1782831550274,untrusted-client-2,2,checkin_honest_under_attack,1.569,True,"{""voter_id"": 303755}"
1782831551479,untrusted-client-2,1,id_honest_under_attack,1.829,True,"{""voter_id"": 225382}"
1782831551515,untrusted-client-2,2,checkin_honest_under_attack,1.630,True,"{""voter_id"": 225382}"
1782831552723,untrusted-client-2,1,id_honest_under_attack,1.700,True,"{""voter_id"": 314575}"
1782831552756,untrusted-client-2,2,checkin_honest_under_attack,1.199,True,"{""voter_id"": 314575}"
1782831553955,untrusted-client-2,1,id_honest_under_attack,1.493,True,"{""voter_id"": 124731}"
1782831553989,untrusted-client-2,2,checkin_honest_under_attack,1.333,True,"{""voter_id"": 124731}"
1782831555193,untrusted-client-2,1,id_honest_under_attack,1.537,True,"{""voter_id"": 120226}"
1782831555226,untrusted-client-2,2,checkin_honest_under_attack,1.652,True,"{""voter_id"": 120226}"
1782831556427,untrusted-client-2,1,id_honest_under_attack,2.509,True,"{""voter_id"": 181360}"
1782831556458,untrusted-client-2,2,checkin_honest_under_attack,1.151,True,"{""voter_id"": 181360}"
1782831557671,untrusted-client-2,1,id_honest_under_attack,1.393,True,"{""voter_id"": 130082}"
1782831557705,untrusted-client-2,2,checkin_honest_under_attack,1.864,True,"{""voter_id"": 130082}"
1782831558914,untrusted-client-2,1,id_honest_under_attack,1.493,True,"{""voter_id"": 129032}"
1782831558946,untrusted-client-2,2,checkin_honest_under_attack,1.142,True,"{""voter_id"": 129032}"
1782831560155,untrusted-client-2,1,id_honest_under_attack,1.401,True,"{""voter_id"": 143957}"
1782831560188,untrusted-client-2,2,checkin_honest_under_attack,1.551,True,"{""voter_id"": 143957}"
1782831561387,untrusted-client-2,1,id_honest_under_attack,1.995,True,"{""voter_id"": 219295}"
1782831561418,untrusted-client-2,2,checkin_honest_under_attack,1.805,True,"{""voter_id"": 219295}"
1782831562626,untrusted-client-2,1,id_honest_under_attack,1.435,True,"{""voter_id"": 130739}"
1782831562657,untrusted-client-2,2,checkin_honest_under_attack,1.109,True,"{""voter_id"": 130739}"
1782831563867,untrusted-client-2,1,id_honest_under_attack,1.613,True,"{""voter_id"": 151955}"
1782831563898,untrusted-client-2,2,checkin_honest_under_attack,1.399,True,"{""voter_id"": 151955}"
1782831565097,untrusted-client-2,1,id_honest_under_attack,1.653,True,"{""voter_id"": 159315}"
1782831565128,untrusted-client-2,2,checkin_honest_under_attack,1.455,True,"{""voter_id"": 159315}"
1782831566345,untrusted-client-2,1,id_honest_under_attack,1.377,True,"{""voter_id"": 181605}"
1782831566377,untrusted-client-2,2,checkin_honest_under_attack,1.462,True,"{""voter_id"": 181605}"
1782831567569,untrusted-client-2,1,id_honest_under_attack,1.546,True,"{""voter_id"": 226980}"
1782831567600,untrusted-client-2,2,checkin_honest_under_attack,1.212,True,"{""voter_id"": 226980}"
1782831568820,untrusted-client-2,1,id_honest_under_attack,1.289,True,"{""voter_id"": 272661}"
1782831568854,untrusted-client-2,2,checkin_honest_under_attack,1.713,True,"{""voter_id"": 272661}"
1782831570060,untrusted-client-2,1,id_honest_under_attack,1.341,True,"{""voter_id"": 162562}"
1782831570091,untrusted-client-2,2,checkin_honest_under_attack,1.450,True,"{""voter_id"": 162562}"
1782831571286,untrusted-client-2,1,id_honest_under_attack,1.544,True,"{""voter_id"": 132296}"
1782831571317,untrusted-client-2,2,checkin_honest_under_attack,1.311,True,"{""voter_id"": 132296}"
1782831572532,untrusted-client-2,1,id_honest_under_attack,1.555,True,"{""voter_id"": 331481}"
1782831572564,untrusted-client-2,2,checkin_honest_under_attack,1.354,True,"{""voter_id"": 331481}"
1782831573758,untrusted-client-2,1,id_honest_under_attack,1.526,True,"{""voter_id"": 347368}"
1782831573790,untrusted-client-2,2,checkin_honest_under_attack,1.966,True,"{""voter_id"": 347368}"
1782831574992,untrusted-client-2,1,id_honest_under_attack,2.029,True,"{""voter_id"": 206259}"
1782831575023,untrusted-client-2,2,checkin_honest_under_attack,1.516,True,"{""voter_id"": 206259}"
1782831576226,untrusted-client-2,1,id_honest_under_attack,1.671,True,"{""voter_id"": 335025}"
1782831576256,untrusted-client-2,2,checkin_honest_under_attack,1.452,True,"{""voter_id"": 335025}"
1782831577455,untrusted-client-2,1,id_honest_under_attack,1.327,True,"{""voter_id"": 169097}"
1782831577487,untrusted-client-2,2,checkin_honest_under_attack,1.564,True,"{""voter_id"": 169097}"
1782831578708,untrusted-client-2,1,id_honest_under_attack,1.420,True,"{""voter_id"": 129469}"
1782831578741,untrusted-client-2,2,checkin_honest_under_attack,1.633,True,"{""voter_id"": 129469}"
1782831465969,untrusted-client-4,1,id_honest_under_attack,1.311,True,"{""voter_id"": 310607}"
1782831466001,untrusted-client-4,2,checkin_honest_under_attack,1.164,True,"{""voter_id"": 310607}"
1782831467203,untrusted-client-4,1,id_honest_under_attack,1.341,True,"{""voter_id"": 293528}"
1782831467234,untrusted-client-4,2,checkin_honest_under_attack,1.291,True,"{""voter_id"": 293528}"
1782831468432,untrusted-client-4,1,id_honest_under_attack,1.731,True,"{""voter_id"": 193625}"
1782831468463,untrusted-client-4,2,checkin_honest_under_attack,1.428,True,"{""voter_id"": 193625}"
1782831469659,untrusted-client-4,1,id_honest_under_attack,1.440,True,"{""voter_id"": 128731}"
1782831469691,untrusted-client-4,2,checkin_honest_under_attack,1.504,True,"{""voter_id"": 128731}"
1782831470885,untrusted-client-4,1,id_honest_under_attack,1.495,True,"{""voter_id"": 227686}"
1782831470917,untrusted-client-4,2,checkin_honest_under_attack,1.691,True,"{""voter_id"": 227686}"
1782831472123,untrusted-client-4,1,id_honest_under_attack,1.426,True,"{""voter_id"": 265913}"
1782831472156,untrusted-client-4,2,checkin_honest_under_attack,1.641,True,"{""voter_id"": 265913}"
1782831473360,untrusted-client-4,1,id_honest_under_attack,1.688,True,"{""voter_id"": 253696}"
1782831473391,untrusted-client-4,2,checkin_honest_under_attack,1.273,True,"{""voter_id"": 253696}"
1782831474586,untrusted-client-4,1,id_honest_under_attack,1.678,True,"{""voter_id"": 113510}"
1782831474617,untrusted-client-4,2,checkin_honest_under_attack,1.624,True,"{""voter_id"": 113510}"
1782831475820,untrusted-client-4,1,id_honest_under_attack,1.492,True,"{""voter_id"": 157205}"
1782831475850,untrusted-client-4,2,checkin_honest_under_attack,1.353,True,"{""voter_id"": 157205}"
1782831477054,untrusted-client-4,1,id_honest_under_attack,1.417,True,"{""voter_id"": 205759}"
1782831477085,untrusted-client-4,2,checkin_honest_under_attack,1.532,True,"{""voter_id"": 205759}"
1782831478285,untrusted-client-4,1,id_honest_under_attack,1.689,True,"{""voter_id"": 308098}"
1782831478316,untrusted-client-4,2,checkin_honest_under_attack,1.351,True,"{""voter_id"": 308098}"
1782831479516,untrusted-client-4,1,id_honest_under_attack,1.609,True,"{""voter_id"": 271533}"
1782831479546,untrusted-client-4,2,checkin_honest_under_attack,1.454,True,"{""voter_id"": 271533}"
1782831480738,untrusted-client-4,1,id_honest_under_attack,1.626,True,"{""voter_id"": 294203}"
1782831480769,untrusted-client-4,2,checkin_honest_under_attack,1.442,True,"{""voter_id"": 294203}"
1782831481963,untrusted-client-4,1,id_honest_under_attack,1.745,True,"{""voter_id"": 223855}"
1782831481995,untrusted-client-4,2,checkin_honest_under_attack,1.133,True,"{""voter_id"": 223855}"
1782831483200,untrusted-client-4,1,id_honest_under_attack,1.391,True,"{""voter_id"": 219294}"
1782831483233,untrusted-client-4,2,checkin_honest_under_attack,1.589,True,"{""voter_id"": 219294}"
1782831484433,untrusted-client-4,1,id_honest_under_attack,1.463,True,"{""voter_id"": 306664}"
1782831484464,untrusted-client-4,2,checkin_honest_under_attack,1.651,True,"{""voter_id"": 306664}"
1782831485668,untrusted-client-4,1,id_honest_under_attack,1.646,True,"{""voter_id"": 301992}"
1782831485699,untrusted-client-4,2,checkin_honest_under_attack,1.237,True,"{""voter_id"": 301992}"
1782831486902,untrusted-client-4,1,id_honest_under_attack,1.679,True,"{""voter_id"": 165225}"
1782831486933,untrusted-client-4,2,checkin_honest_under_attack,1.501,True,"{""voter_id"": 165225}"
1782831488136,untrusted-client-4,1,id_honest_under_attack,1.985,True,"{""voter_id"": 169470}"
1782831488167,untrusted-client-4,2,checkin_honest_under_attack,1.702,True,"{""voter_id"": 169470}"
1782831489372,untrusted-client-4,1,id_honest_under_attack,1.472,True,"{""voter_id"": 242709}"
1782831489404,untrusted-client-4,2,checkin_honest_under_attack,1.507,True,"{""voter_id"": 242709}"
1782831490606,untrusted-client-4,1,id_honest_under_attack,1.676,True,"{""voter_id"": 331636}"
1782831490638,untrusted-client-4,2,checkin_honest_under_attack,1.421,True,"{""voter_id"": 331636}"
1782831491836,untrusted-client-4,1,id_honest_under_attack,1.556,True,"{""voter_id"": 262612}"
1782831491867,untrusted-client-4,2,checkin_honest_under_attack,1.678,True,"{""voter_id"": 262612}"
1782831493068,untrusted-client-4,1,id_honest_under_attack,1.517,True,"{""voter_id"": 186620}"
1782831493100,untrusted-client-4,2,checkin_honest_under_attack,1.612,True,"{""voter_id"": 186620}"
1782831494301,untrusted-client-4,1,id_honest_under_attack,1.360,True,"{""voter_id"": 124306}"
1782831494331,untrusted-client-4,2,checkin_honest_under_attack,1.523,True,"{""voter_id"": 124306}"
1782831495541,untrusted-client-4,1,id_honest_under_attack,1.279,True,"{""voter_id"": 346347}"
1782831495573,untrusted-client-4,2,checkin_honest_under_attack,1.495,True,"{""voter_id"": 346347}"
1782831496771,untrusted-client-4,1,id_honest_under_attack,1.513,True,"{""voter_id"": 208346}"
1782831496803,untrusted-client-4,2,checkin_honest_under_attack,1.376,True,"{""voter_id"": 208346}"
1782831498002,untrusted-client-4,1,id_honest_under_attack,1.411,True,"{""voter_id"": 253225}"
1782831498033,untrusted-client-4,2,checkin_honest_under_attack,1.280,True,"{""voter_id"": 253225}"
1782831499233,untrusted-client-4,1,id_honest_under_attack,1.287,True,"{""voter_id"": 303627}"
1782831499265,untrusted-client-4,2,checkin_honest_under_attack,1.300,True,"{""voter_id"": 303627}"
1782831500467,untrusted-client-4,1,id_honest_under_attack,1.464,True,"{""voter_id"": 307242}"
1782831500499,untrusted-client-4,2,checkin_honest_under_attack,1.542,True,"{""voter_id"": 307242}"
1782831501714,untrusted-client-4,1,id_honest_under_attack,1.364,True,"{""voter_id"": 203701}"
1782831501746,untrusted-client-4,2,checkin_honest_under_attack,1.654,True,"{""voter_id"": 203701}"
1782831502956,untrusted-client-4,1,id_honest_under_attack,1.574,True,"{""voter_id"": 276961}"
1782831502988,untrusted-client-4,2,checkin_honest_under_attack,1.292,True,"{""voter_id"": 276961}"
1782831504202,untrusted-client-4,1,id_honest_under_attack,1.587,True,"{""voter_id"": 113509}"
1782831504235,untrusted-client-4,2,checkin_honest_under_attack,1.415,True,"{""voter_id"": 113509}"
1782831505443,untrusted-client-4,1,id_honest_under_attack,2.051,True,"{""voter_id"": 202147}"
1782831505476,untrusted-client-4,2,checkin_honest_under_attack,1.619,True,"{""voter_id"": 202147}"
1782831506686,untrusted-client-4,1,id_honest_under_attack,1.445,True,"{""voter_id"": 299784}"
1782831506719,untrusted-client-4,2,checkin_honest_under_attack,1.493,True,"{""voter_id"": 299784}"
1782831507924,untrusted-client-4,1,id_honest_under_attack,1.657,True,"{""voter_id"": 331868}"
1782831507955,untrusted-client-4,2,checkin_honest_under_attack,1.265,True,"{""voter_id"": 331868}"
1782831509162,untrusted-client-4,1,id_honest_under_attack,1.437,True,"{""voter_id"": 149838}"
1782831509194,untrusted-client-4,2,checkin_honest_under_attack,1.712,True,"{""voter_id"": 149838}"
1782831510400,untrusted-client-4,1,id_honest_under_attack,1.592,True,"{""voter_id"": 262378}"
1782831510433,untrusted-client-4,2,checkin_honest_under_attack,1.144,True,"{""voter_id"": 262378}"
1782831511641,untrusted-client-4,1,id_honest_under_attack,1.711,True,"{""voter_id"": 105435}"
1782831511674,untrusted-client-4,2,checkin_honest_under_attack,1.446,True,"{""voter_id"": 105435}"
1782831512885,untrusted-client-4,1,id_honest_under_attack,2.070,True,"{""voter_id"": 181359}"
1782831512917,untrusted-client-4,2,checkin_honest_under_attack,1.148,True,"{""voter_id"": 181359}"
1782831514132,untrusted-client-4,1,id_honest_under_attack,1.358,True,"{""voter_id"": 126407}"
1782831514165,untrusted-client-4,2,checkin_honest_under_attack,1.534,True,"{""voter_id"": 126407}"
1782831515374,untrusted-client-4,1,id_honest_under_attack,1.515,True,"{""voter_id"": 119534}"
1782831515407,untrusted-client-4,2,checkin_honest_under_attack,1.532,True,"{""voter_id"": 119534}"
1782831516624,untrusted-client-4,1,id_honest_under_attack,1.289,True,"{""voter_id"": 222693}"
1782831516657,untrusted-client-4,2,checkin_honest_under_attack,1.489,True,"{""voter_id"": 222693}"
1782831517866,untrusted-client-4,1,id_honest_under_attack,1.352,True,"{""voter_id"": 225690}"
1782831517900,untrusted-client-4,2,checkin_honest_under_attack,1.120,True,"{""voter_id"": 225690}"
1782831519115,untrusted-client-4,1,id_honest_under_attack,1.567,True,"{""voter_id"": 284512}"
1782831519147,untrusted-client-4,2,checkin_honest_under_attack,1.014,True,"{""voter_id"": 284512}"
1782831520369,untrusted-client-4,1,id_honest_under_attack,1.603,True,"{""voter_id"": 333992}"
1782831520402,untrusted-client-4,2,checkin_honest_under_attack,1.412,True,"{""voter_id"": 333992}"
1782831521614,untrusted-client-4,1,id_honest_under_attack,1.299,True,"{""voter_id"": 105506}"
1782831521647,untrusted-client-4,2,checkin_honest_under_attack,1.220,True,"{""voter_id"": 105506}"
1782831522877,untrusted-client-4,1,id_honest_under_attack,1.567,True,"{""voter_id"": 156053}"
1782831522909,untrusted-client-4,2,checkin_honest_under_attack,1.501,True,"{""voter_id"": 156053}"
1782831524124,untrusted-client-4,1,id_honest_under_attack,1.607,True,"{""voter_id"": 294783}"
1782831524158,untrusted-client-4,2,checkin_honest_under_attack,2.085,True,"{""voter_id"": 294783}"
1782831525371,untrusted-client-4,1,id_honest_under_attack,1.529,True,"{""voter_id"": 187221}"
1782831525404,untrusted-client-4,2,checkin_honest_under_attack,1.393,True,"{""voter_id"": 187221}"
1782831526620,untrusted-client-4,1,id_honest_under_attack,1.428,True,"{""voter_id"": 170107}"
1782831526653,untrusted-client-4,2,checkin_honest_under_attack,1.184,True,"{""voter_id"": 170107}"
1782831527868,untrusted-client-4,1,id_honest_under_attack,1.183,True,"{""voter_id"": 106673}"
1782831527901,untrusted-client-4,2,checkin_honest_under_attack,1.456,True,"{""voter_id"": 106673}"
1782831529117,untrusted-client-4,1,id_honest_under_attack,1.370,True,"{""voter_id"": 124028}"
1782831529150,untrusted-client-4,2,checkin_honest_under_attack,1.444,True,"{""voter_id"": 124028}"
1782831530370,untrusted-client-4,1,id_honest_under_attack,1.576,True,"{""voter_id"": 110255}"
1782831530404,untrusted-client-4,2,checkin_honest_under_attack,1.547,True,"{""voter_id"": 110255}"
1782831531618,untrusted-client-4,1,id_honest_under_attack,1.249,True,"{""voter_id"": 119534}"
1782831531652,untrusted-client-4,2,checkin_honest_under_attack,1.401,True,"{""voter_id"": 119534}"
1782831532870,untrusted-client-4,1,id_honest_under_attack,1.497,True,"{""voter_id"": 281146}"
1782831532904,untrusted-client-4,2,checkin_honest_under_attack,1.539,True,"{""voter_id"": 281146}"
1782831534128,untrusted-client-4,1,id_honest_under_attack,1.362,True,"{""voter_id"": 305844}"
1782831534161,untrusted-client-4,2,checkin_honest_under_attack,1.651,True,"{""voter_id"": 305844}"
1782831535378,untrusted-client-4,1,id_honest_under_attack,1.336,True,"{""voter_id"": 333989}"
1782831535413,untrusted-client-4,2,checkin_honest_under_attack,1.204,True,"{""voter_id"": 333989}"
1782831536629,untrusted-client-4,1,id_honest_under_attack,1.328,True,"{""voter_id"": 185350}"
1782831536662,untrusted-client-4,2,checkin_honest_under_attack,1.445,True,"{""voter_id"": 185350}"
1782831537880,untrusted-client-4,1,id_honest_under_attack,1.531,True,"{""voter_id"": 146857}"
1782831537914,untrusted-client-4,2,checkin_honest_under_attack,1.464,True,"{""voter_id"": 146857}"
1782831539141,untrusted-client-4,1,id_honest_under_attack,1.708,True,"{""voter_id"": 151954}"
1782831539173,untrusted-client-4,2,checkin_honest_under_attack,1.267,True,"{""voter_id"": 151954}"
1782831540388,untrusted-client-4,1,id_honest_under_attack,1.669,True,"{""voter_id"": 116981}"
1782831540421,untrusted-client-4,2,checkin_honest_under_attack,1.461,True,"{""voter_id"": 116981}"
1782831541635,untrusted-client-4,1,id_honest_under_attack,1.571,True,"{""voter_id"": 302807}"
1782831541666,untrusted-client-4,2,checkin_honest_under_attack,1.485,True,"{""voter_id"": 302807}"
1782831542882,untrusted-client-4,1,id_honest_under_attack,1.616,True,"{""voter_id"": 107827}"
1782831542915,untrusted-client-4,2,checkin_honest_under_attack,1.411,True,"{""voter_id"": 107827}"
1782831544128,untrusted-client-4,1,id_honest_under_attack,1.541,True,"{""voter_id"": 220687}"
1782831544161,untrusted-client-4,2,checkin_honest_under_attack,1.116,True,"{""voter_id"": 220687}"
1782831545379,untrusted-client-4,1,id_honest_under_attack,2.021,True,"{""voter_id"": 124949}"
1782831545413,untrusted-client-4,2,checkin_honest_under_attack,1.851,True,"{""voter_id"": 124949}"
1782831546630,untrusted-client-4,1,id_honest_under_attack,1.712,True,"{""voter_id"": 292803}"
1782831546663,untrusted-client-4,2,checkin_honest_under_attack,1.285,True,"{""voter_id"": 292803}"
1782831547877,untrusted-client-4,1,id_honest_under_attack,1.710,True,"{""voter_id"": 289924}"
1782831547910,untrusted-client-4,2,checkin_honest_under_attack,1.351,True,"{""voter_id"": 289924}"
1782831549125,untrusted-client-4,1,id_honest_under_attack,3.089,True,"{""voter_id"": 243804}"
1782831549159,untrusted-client-4,2,checkin_honest_under_attack,1.303,True,"{""voter_id"": 243804}"
1782831550377,untrusted-client-4,1,id_honest_under_attack,1.595,True,"{""voter_id"": 186197}"
1782831550410,untrusted-client-4,2,checkin_honest_under_attack,1.491,True,"{""voter_id"": 186197}"
1782831551627,untrusted-client-4,1,id_honest_under_attack,1.344,True,"{""voter_id"": 235719}"
1782831551661,untrusted-client-4,2,checkin_honest_under_attack,1.847,True,"{""voter_id"": 235719}"
1782831552873,untrusted-client-4,1,id_honest_under_attack,1.586,True,"{""voter_id"": 151090}"
1782831552907,untrusted-client-4,2,checkin_honest_under_attack,1.274,True,"{""voter_id"": 151090}"
1782831554120,untrusted-client-4,1,id_honest_under_attack,1.665,True,"{""voter_id"": 324399}"
1782831554155,untrusted-client-4,2,checkin_honest_under_attack,1.184,True,"{""voter_id"": 324399}"
1782831555372,untrusted-client-4,1,id_honest_under_attack,1.580,True,"{""voter_id"": 166876}"
1782831555405,untrusted-client-4,2,checkin_honest_under_attack,1.323,True,"{""voter_id"": 166876}"
1782831556613,untrusted-client-4,1,id_honest_under_attack,1.302,True,"{""voter_id"": 325775}"
1782831556647,untrusted-client-4,2,checkin_honest_under_attack,1.515,True,"{""voter_id"": 325775}"
1782831557862,untrusted-client-4,1,id_honest_under_attack,1.327,True,"{""voter_id"": 333992}"
1782831557896,untrusted-client-4,2,checkin_honest_under_attack,0.954,True,"{""voter_id"": 333992}"
1782831559108,untrusted-client-4,1,id_honest_under_attack,1.314,True,"{""voter_id"": 320193}"
1782831559142,untrusted-client-4,2,checkin_honest_under_attack,1.331,True,"{""voter_id"": 320193}"
1782831560360,untrusted-client-4,1,id_honest_under_attack,1.389,True,"{""voter_id"": 244316}"
1782831560393,untrusted-client-4,2,checkin_honest_under_attack,1.213,True,"{""voter_id"": 244316}"
1782831561603,untrusted-client-4,1,id_honest_under_attack,1.553,True,"{""voter_id"": 289625}"
1782831561636,untrusted-client-4,2,checkin_honest_under_attack,1.448,True,"{""voter_id"": 289625}"
1782831562848,untrusted-client-4,1,id_honest_under_attack,2.965,True,"{""voter_id"": 287228}"
1782831562881,untrusted-client-4,2,checkin_honest_under_attack,1.543,True,"{""voter_id"": 287228}"
1782831564097,untrusted-client-4,1,id_honest_under_attack,1.595,True,"{""voter_id"": 336982}"
1782831564130,untrusted-client-4,2,checkin_honest_under_attack,1.485,True,"{""voter_id"": 336982}"
1782831565341,untrusted-client-4,1,id_honest_under_attack,1.320,True,"{""voter_id"": 139356}"
1782831565374,untrusted-client-4,2,checkin_honest_under_attack,1.449,True,"{""voter_id"": 139356}"
1782831566587,untrusted-client-4,1,id_honest_under_attack,1.484,True,"{""voter_id"": 145754}"
1782831566620,untrusted-client-4,2,checkin_honest_under_attack,1.241,True,"{""voter_id"": 145754}"
1782831567828,untrusted-client-4,1,id_honest_under_attack,1.678,True,"{""voter_id"": 287230}"
1782831567859,untrusted-client-4,2,checkin_honest_under_attack,1.094,True,"{""voter_id"": 287230}"
1782831569087,untrusted-client-4,1,id_honest_under_attack,1.492,True,"{""voter_id"": 172953}"
1782831569122,untrusted-client-4,2,checkin_honest_under_attack,1.459,True,"{""voter_id"": 172953}"
1782831570343,untrusted-client-4,1,id_honest_under_attack,1.819,True,"{""voter_id"": 297530}"
1782831570376,untrusted-client-4,2,checkin_honest_under_attack,1.226,True,"{""voter_id"": 297530}"
1782831571589,untrusted-client-4,1,id_honest_under_attack,1.701,True,"{""voter_id"": 277406}"
1782831571620,untrusted-client-4,2,checkin_honest_under_attack,1.256,True,"{""voter_id"": 277406}"
1782831572831,untrusted-client-4,1,id_honest_under_attack,1.398,True,"{""voter_id"": 303752}"
1782831572864,untrusted-client-4,2,checkin_honest_under_attack,1.479,True,"{""voter_id"": 303752}"
1782831574074,untrusted-client-4,1,id_honest_under_attack,1.615,True,"{""voter_id"": 241000}"
1782831574109,untrusted-client-4,2,checkin_honest_under_attack,1.121,True,"{""voter_id"": 241000}"
1782831575320,untrusted-client-4,1,id_honest_under_attack,2.328,True,"{""voter_id"": 289624}"
1782831575353,untrusted-client-4,2,checkin_honest_under_attack,1.712,True,"{""voter_id"": 289624}"
1782831576564,untrusted-client-4,1,id_honest_under_attack,1.716,True,"{""voter_id"": 155974}"
1782831576598,untrusted-client-4,2,checkin_honest_under_attack,1.407,True,"{""voter_id"": 155974}"
1782831577817,untrusted-client-4,1,id_honest_under_attack,1.866,True,"{""voter_id"": 294563}"
1782831577851,untrusted-client-4,2,checkin_honest_under_attack,1.157,True,"{""voter_id"": 294563}"
1782831579063,untrusted-client-4,1,id_honest_under_attack,1.457,True,"{""voter_id"": 252909}"
1782831579097,untrusted-client-4,2,checkin_honest_under_attack,1.200,True,"{""voter_id"": 252909}"
1782831580319,untrusted-client-4,1,id_honest_under_attack,1.687,True,"{""voter_id"": 284856}"
1782831580355,untrusted-client-4,2,checkin_honest_under_attack,1.752,True,"{""voter_id"": 284856}"
1782831581588,untrusted-client-4,1,id_honest_under_attack,1.945,True,"{""voter_id"": 171182}"
1782831581622,untrusted-client-4,2,checkin_honest_under_attack,1.267,True,"{""voter_id"": 171182}"
1782831582847,untrusted-client-4,1,id_honest_under_attack,1.626,True,"{""voter_id"": 347626}"
1782831582884,untrusted-client-4,2,checkin_honest_under_attack,2.829,True,"{""voter_id"": 347626}"
1782831584111,untrusted-client-4,1,id_honest_under_attack,1.250,True,"{""voter_id"": 260451}"
1782831584145,untrusted-client-4,2,checkin_honest_under_attack,1.699,True,"{""voter_id"": 260451}"
1782831585364,untrusted-client-4,1,id_honest_under_attack,1.507,True,"{""voter_id"": 169097}"
1782831585397,untrusted-client-4,2,checkin_honest_under_attack,0.880,True,"{""voter_id"": 169097}"
1782831586610,untrusted-client-4,1,id_honest_under_attack,1.358,True,"{""voter_id"": 128824}"
1782831586642,untrusted-client-4,2,checkin_honest_under_attack,1.381,True,"{""voter_id"": 128824}"
1782831587867,untrusted-client-4,1,id_honest_under_attack,1.922,True,"{""voter_id"": 134737}"
1782831587900,untrusted-client-4,2,checkin_honest_under_attack,1.514,True,"{""voter_id"": 134737}"
1782831589119,untrusted-client-4,1,id_honest_under_attack,1.537,True,"{""voter_id"": 281741}"
1782831589155,untrusted-client-4,2,checkin_honest_under_attack,3.246,True,"{""voter_id"": 281741}"
1782831476044,untrusted-client-6,1,id_honest_under_attack,1.561,True,"{""voter_id"": 337454}"
1782831476076,untrusted-client-6,2,checkin_honest_under_attack,1.335,True,"{""voter_id"": 337454}"
1782831477283,untrusted-client-6,1,id_honest_under_attack,1.425,True,"{""voter_id"": 308820}"
1782831477316,untrusted-client-6,2,checkin_honest_under_attack,1.312,True,"{""voter_id"": 308820}"
1782831478524,untrusted-client-6,1,id_honest_under_attack,1.449,True,"{""voter_id"": 128731}"
1782831478556,untrusted-client-6,2,checkin_honest_under_attack,1.344,True,"{""voter_id"": 128731}"
1782831479760,untrusted-client-6,1,id_honest_under_attack,1.469,True,"{""voter_id"": 292314}"
1782831479794,untrusted-client-6,2,checkin_honest_under_attack,1.342,True,"{""voter_id"": 292314}"
1782831480998,untrusted-client-6,1,id_honest_under_attack,1.245,True,"{""voter_id"": 323075}"
1782831481031,untrusted-client-6,2,checkin_honest_under_attack,1.518,True,"{""voter_id"": 323075}"
1782831482239,untrusted-client-6,1,id_honest_under_attack,1.495,True,"{""voter_id"": 225795}"
1782831482271,untrusted-client-6,2,checkin_honest_under_attack,1.762,True,"{""voter_id"": 225795}"
1782831483475,untrusted-client-6,1,id_honest_under_attack,1.155,True,"{""voter_id"": 189694}"
1782831483508,untrusted-client-6,2,checkin_honest_under_attack,1.694,True,"{""voter_id"": 189694}"
1782831484705,untrusted-client-6,1,id_honest_under_attack,1.339,True,"{""voter_id"": 119972}"
1782831484737,untrusted-client-6,2,checkin_honest_under_attack,1.481,True,"{""voter_id"": 119972}"
1782831485939,untrusted-client-6,1,id_honest_under_attack,1.705,True,"{""voter_id"": 331867}"
1782831485974,untrusted-client-6,2,checkin_honest_under_attack,1.586,True,"{""voter_id"": 331867}"
1782831487179,untrusted-client-6,1,id_honest_under_attack,1.358,True,"{""voter_id"": 257626}"
1782831487211,untrusted-client-6,2,checkin_honest_under_attack,1.183,True,"{""voter_id"": 257626}"
1782831488417,untrusted-client-6,1,id_honest_under_attack,2.086,True,"{""voter_id"": 253699}"
1782831488449,untrusted-client-6,2,checkin_honest_under_attack,1.549,True,"{""voter_id"": 253699}"
1782831489647,untrusted-client-6,1,id_honest_under_attack,1.436,True,"{""voter_id"": 296129}"
1782831489680,untrusted-client-6,2,checkin_honest_under_attack,1.414,True,"{""voter_id"": 296129}"
1782831490876,untrusted-client-6,1,id_honest_under_attack,1.879,True,"{""voter_id"": 219771}"
1782831490908,untrusted-client-6,2,checkin_honest_under_attack,1.343,True,"{""voter_id"": 219771}"
1782831492105,untrusted-client-6,1,id_honest_under_attack,1.422,True,"{""voter_id"": 244325}"
1782831492137,untrusted-client-6,2,checkin_honest_under_attack,1.651,True,"{""voter_id"": 244325}"
1782831493335,untrusted-client-6,1,id_honest_under_attack,1.461,True,"{""voter_id"": 182880}"
1782831493367,untrusted-client-6,2,checkin_honest_under_attack,1.643,True,"{""voter_id"": 182880}"
1782831494566,untrusted-client-6,1,id_honest_under_attack,1.769,True,"{""voter_id"": 141093}"
1782831494598,untrusted-client-6,2,checkin_honest_under_attack,1.467,True,"{""voter_id"": 141093}"
1782831495792,untrusted-client-6,1,id_honest_under_attack,1.842,True,"{""voter_id"": 225186}"
1782831495823,untrusted-client-6,2,checkin_honest_under_attack,1.685,True,"{""voter_id"": 225186}"
1782831497018,untrusted-client-6,1,id_honest_under_attack,1.402,True,"{""voter_id"": 230622}"
1782831497050,untrusted-client-6,2,checkin_honest_under_attack,1.388,True,"{""voter_id"": 230622}"
1782831498245,untrusted-client-6,1,id_honest_under_attack,1.515,True,"{""voter_id"": 168038}"
1782831498277,untrusted-client-6,2,checkin_honest_under_attack,1.253,True,"{""voter_id"": 168038}"
1782831499468,untrusted-client-6,1,id_honest_under_attack,1.380,True,"{""voter_id"": 304526}"
1782831499500,untrusted-client-6,2,checkin_honest_under_attack,1.699,True,"{""voter_id"": 304526}"
1782831500697,untrusted-client-6,1,id_honest_under_attack,1.405,True,"{""voter_id"": 289283}"
1782831500728,untrusted-client-6,2,checkin_honest_under_attack,1.331,True,"{""voter_id"": 289283}"
1782831501926,untrusted-client-6,1,id_honest_under_attack,1.512,True,"{""voter_id"": 301989}"
1782831501958,untrusted-client-6,2,checkin_honest_under_attack,1.393,True,"{""voter_id"": 301989}"
1782831503157,untrusted-client-6,1,id_honest_under_attack,1.676,True,"{""voter_id"": 191165}"
1782831503188,untrusted-client-6,2,checkin_honest_under_attack,1.459,True,"{""voter_id"": 191165}"
1782831504386,untrusted-client-6,1,id_honest_under_attack,1.408,True,"{""voter_id"": 172952}"
1782831504418,untrusted-client-6,2,checkin_honest_under_attack,1.301,True,"{""voter_id"": 172952}"
1782831505619,untrusted-client-6,1,id_honest_under_attack,1.656,True,"{""voter_id"": 284856}"
1782831505651,untrusted-client-6,2,checkin_honest_under_attack,1.354,True,"{""voter_id"": 284856}"
1782831506854,untrusted-client-6,1,id_honest_under_attack,1.649,True,"{""voter_id"": 208009}"
1782831506886,untrusted-client-6,2,checkin_honest_under_attack,1.584,True,"{""voter_id"": 208009}"
1782831508091,untrusted-client-6,1,id_honest_under_attack,1.555,True,"{""voter_id"": 283691}"
1782831508122,untrusted-client-6,2,checkin_honest_under_attack,1.599,True,"{""voter_id"": 283691}"
1782831509328,untrusted-client-6,1,id_honest_under_attack,1.700,True,"{""voter_id"": 242052}"
1782831509360,untrusted-client-6,2,checkin_honest_under_attack,1.582,True,"{""voter_id"": 242052}"
1782831510560,untrusted-client-6,1,id_honest_under_attack,1.357,True,"{""voter_id"": 126344}"
1782831510592,untrusted-client-6,2,checkin_honest_under_attack,1.443,True,"{""voter_id"": 126344}"
1782831511796,untrusted-client-6,1,id_honest_under_attack,1.404,True,"{""voter_id"": 161092}"
1782831511826,untrusted-client-6,2,checkin_honest_under_attack,1.345,True,"{""voter_id"": 161092}"
1782831513032,untrusted-client-6,1,id_honest_under_attack,1.858,True,"{""voter_id"": 284856}"
1782831513064,untrusted-client-6,2,checkin_honest_under_attack,1.257,True,"{""voter_id"": 284856}"
1782831514273,untrusted-client-6,1,id_honest_under_attack,1.346,True,"{""voter_id"": 123700}"
1782831514305,untrusted-client-6,2,checkin_honest_under_attack,1.381,True,"{""voter_id"": 123700}"
1782831515512,untrusted-client-6,1,id_honest_under_attack,1.680,True,"{""voter_id"": 234968}"
1782831515545,untrusted-client-6,2,checkin_honest_under_attack,1.565,True,"{""voter_id"": 234968}"
1782831516756,untrusted-client-6,1,id_honest_under_attack,1.567,True,"{""voter_id"": 337710}"
1782831516787,untrusted-client-6,2,checkin_honest_under_attack,1.405,True,"{""voter_id"": 337710}"
1782831517995,untrusted-client-6,1,id_honest_under_attack,1.684,True,"{""voter_id"": 287866}"
1782831518028,untrusted-client-6,2,checkin_honest_under_attack,1.573,True,"{""voter_id"": 287866}"
1782831519241,untrusted-client-6,1,id_honest_under_attack,1.643,True,"{""voter_id"": 223458}"
1782831519273,untrusted-client-6,2,checkin_honest_under_attack,1.389,True,"{""voter_id"": 223458}"
1782831520488,untrusted-client-6,1,id_honest_under_attack,1.645,True,"{""voter_id"": 191165}"
1782831520520,untrusted-client-6,2,checkin_honest_under_attack,1.354,True,"{""voter_id"": 191165}"
1782831521735,untrusted-client-6,1,id_honest_under_attack,1.530,True,"{""voter_id"": 144077}"
1782831521768,untrusted-client-6,2,checkin_honest_under_attack,2.089,True,"{""voter_id"": 144077}"
1782831522983,untrusted-client-6,1,id_honest_under_attack,1.620,True,"{""voter_id"": 184583}"
1782831523015,untrusted-client-6,2,checkin_honest_under_attack,1.457,True,"{""voter_id"": 184583}"
1782831524230,untrusted-client-6,1,id_honest_under_attack,1.730,True,"{""voter_id"": 126341}"
1782831524262,untrusted-client-6,2,checkin_honest_under_attack,1.449,True,"{""voter_id"": 126341}"
1782831525475,untrusted-client-6,1,id_honest_under_attack,1.553,True,"{""voter_id"": 131269}"
1782831525508,untrusted-client-6,2,checkin_honest_under_attack,1.456,True,"{""voter_id"": 131269}"
1782831526725,untrusted-client-6,1,id_honest_under_attack,1.648,True,"{""voter_id"": 343754}"
1782831526756,untrusted-client-6,2,checkin_honest_under_attack,1.562,True,"{""voter_id"": 343754}"
1782831527968,untrusted-client-6,1,id_honest_under_attack,1.261,True,"{""voter_id"": 347104}"
1782831528000,untrusted-client-6,2,checkin_honest_under_attack,1.374,True,"{""voter_id"": 347104}"
1782831529218,untrusted-client-6,1,id_honest_under_attack,1.465,True,"{""voter_id"": 103052}"
1782831529252,untrusted-client-6,2,checkin_honest_under_attack,1.512,True,"{""voter_id"": 103052}"
1782831530482,untrusted-client-6,1,id_honest_under_attack,1.463,True,"{""voter_id"": 192438}"
1782831530515,untrusted-client-6,2,checkin_honest_under_attack,1.310,True,"{""voter_id"": 192438}"
1782831531736,untrusted-client-6,1,id_honest_under_attack,1.553,True,"{""voter_id"": 236417}"
1782831531770,untrusted-client-6,2,checkin_honest_under_attack,1.051,True,"{""voter_id"": 236417}"
1782831532990,untrusted-client-6,1,id_honest_under_attack,1.507,True,"{""voter_id"": 241000}"
1782831533023,untrusted-client-6,2,checkin_honest_under_attack,1.668,True,"{""voter_id"": 241000}"
1782831534245,untrusted-client-6,1,id_honest_under_attack,1.510,True,"{""voter_id"": 327772}"
1782831534278,untrusted-client-6,2,checkin_honest_under_attack,1.203,True,"{""voter_id"": 327772}"
1782831535496,untrusted-client-6,1,id_honest_under_attack,1.351,True,"{""voter_id"": 128731}"
1782831535530,untrusted-client-6,2,checkin_honest_under_attack,1.114,True,"{""voter_id"": 128731}"
1782831536745,untrusted-client-6,1,id_honest_under_attack,1.474,True,"{""voter_id"": 226917}"
1782831536778,untrusted-client-6,2,checkin_honest_under_attack,1.512,True,"{""voter_id"": 226917}"
1782831537996,untrusted-client-6,1,id_honest_under_attack,1.407,True,"{""voter_id"": 104186}"
1782831538029,untrusted-client-6,2,checkin_honest_under_attack,1.373,True,"{""voter_id"": 104186}"
1782831539242,untrusted-client-6,1,id_honest_under_attack,1.611,True,"{""voter_id"": 224837}"
1782831539274,untrusted-client-6,2,checkin_honest_under_attack,1.566,True,"{""voter_id"": 224837}"
1782831540482,untrusted-client-6,1,id_honest_under_attack,1.311,True,"{""voter_id"": 102925}"
1782831540514,untrusted-client-6,2,checkin_honest_under_attack,1.341,True,"{""voter_id"": 102925}"
1782831541720,untrusted-client-6,1,id_honest_under_attack,1.474,True,"{""voter_id"": 127992}"
1782831541751,untrusted-client-6,2,checkin_honest_under_attack,1.574,True,"{""voter_id"": 127992}"
1782831542962,untrusted-client-6,1,id_honest_under_attack,1.562,True,"{""voter_id"": 274803}"
1782831542994,untrusted-client-6,2,checkin_honest_under_attack,1.762,True,"{""voter_id"": 274803}"
1782831544211,untrusted-client-6,1,id_honest_under_attack,1.457,True,"{""voter_id"": 163756}"
1782831544243,untrusted-client-6,2,checkin_honest_under_attack,1.523,True,"{""voter_id"": 163756}"
1782831545455,untrusted-client-6,1,id_honest_under_attack,1.444,True,"{""voter_id"": 109999}"
1782831545487,untrusted-client-6,2,checkin_honest_under_attack,1.365,True,"{""voter_id"": 109999}"
1782831546694,untrusted-client-6,1,id_honest_under_attack,1.355,True,"{""voter_id"": 210620}"
1782831546725,untrusted-client-6,2,checkin_honest_under_attack,0.982,True,"{""voter_id"": 210620}"
1782831547936,untrusted-client-6,1,id_honest_under_attack,1.547,True,"{""voter_id"": 205251}"
1782831547970,untrusted-client-6,2,checkin_honest_under_attack,1.527,True,"{""voter_id"": 205251}"
1782831549182,untrusted-client-6,1,id_honest_under_attack,1.446,True,"{""voter_id"": 239348}"
1782831549215,untrusted-client-6,2,checkin_honest_under_attack,1.486,True,"{""voter_id"": 239348}"
1782831550422,untrusted-client-6,1,id_honest_under_attack,1.334,True,"{""voter_id"": 280506}"
1782831550455,untrusted-client-6,2,checkin_honest_under_attack,1.359,True,"{""voter_id"": 280506}"
1782831551669,untrusted-client-6,1,id_honest_under_attack,1.301,True,"{""voter_id"": 345088}"
1782831551702,untrusted-client-6,2,checkin_honest_under_attack,1.414,True,"{""voter_id"": 345088}"
1782831552909,untrusted-client-6,1,id_honest_under_attack,1.449,True,"{""voter_id"": 212176}"
1782831552943,untrusted-client-6,2,checkin_honest_under_attack,1.910,True,"{""voter_id"": 212176}"
1782831554152,untrusted-client-6,1,id_honest_under_attack,1.614,True,"{""voter_id"": 212418}"
1782831554185,untrusted-client-6,2,checkin_honest_under_attack,1.213,True,"{""voter_id"": 212418}"
1782831555396,untrusted-client-6,1,id_honest_under_attack,1.289,True,"{""voter_id"": 238428}"
1782831555429,untrusted-client-6,2,checkin_honest_under_attack,1.426,True,"{""voter_id"": 238428}"
1782831556639,untrusted-client-6,1,id_honest_under_attack,1.789,True,"{""voter_id"": 173694}"
1782831556670,untrusted-client-6,2,checkin_honest_under_attack,1.111,True,"{""voter_id"": 173694}"
1782831557894,untrusted-client-6,1,id_honest_under_attack,1.596,True,"{""voter_id"": 125945}"
1782831557929,untrusted-client-6,2,checkin_honest_under_attack,1.060,True,"{""voter_id"": 125945}"
1782831559149,untrusted-client-6,1,id_honest_under_attack,1.701,True,"{""voter_id"": 168511}"
1782831559182,untrusted-client-6,2,checkin_honest_under_attack,1.510,True,"{""voter_id"": 168511}"
1782831560399,untrusted-client-6,1,id_honest_under_attack,1.524,True,"{""voter_id"": 230622}"
1782831560430,untrusted-client-6,2,checkin_honest_under_attack,1.109,True,"{""voter_id"": 230622}"
1782831561645,untrusted-client-6,1,id_honest_under_attack,1.567,True,"{""voter_id"": 217398}"
1782831561677,untrusted-client-6,2,checkin_honest_under_attack,1.285,True,"{""voter_id"": 217398}"
1782831562890,untrusted-client-6,1,id_honest_under_attack,1.653,True,"{""voter_id"": 299784}"
1782831562923,untrusted-client-6,2,checkin_honest_under_attack,1.115,True,"{""voter_id"": 299784}"
1782831564144,untrusted-client-6,1,id_honest_under_attack,1.505,True,"{""voter_id"": 284511}"
1782831564179,untrusted-client-6,2,checkin_honest_under_attack,1.284,True,"{""voter_id"": 284511}"
1782831565390,untrusted-client-6,1,id_honest_under_attack,1.440,True,"{""voter_id"": 289285}"
1782831565422,untrusted-client-6,2,checkin_honest_under_attack,1.424,True,"{""voter_id"": 289285}"
1782831566633,untrusted-client-6,1,id_honest_under_attack,1.209,True,"{""voter_id"": 219186}"
1782831566665,untrusted-client-6,2,checkin_honest_under_attack,1.085,True,"{""voter_id"": 219186}"
1782831567872,untrusted-client-6,1,id_honest_under_attack,1.449,True,"{""voter_id"": 163300}"
1782831567903,untrusted-client-6,2,checkin_honest_under_attack,1.593,True,"{""voter_id"": 163300}"
1782831569135,untrusted-client-6,1,id_honest_under_attack,2.171,True,"{""voter_id"": 253695}"
1782831569169,untrusted-client-6,2,checkin_honest_under_attack,1.469,True,"{""voter_id"": 253695}"
1782831570382,untrusted-client-6,1,id_honest_under_attack,1.538,True,"{""voter_id"": 171182}"
1782831570416,untrusted-client-6,2,checkin_honest_under_attack,1.133,True,"{""voter_id"": 171182}"
1782831571635,untrusted-client-6,1,id_honest_under_attack,1.572,True,"{""voter_id"": 185806}"
1782831571668,untrusted-client-6,2,checkin_honest_under_attack,1.322,True,"{""voter_id"": 185806}"
1782831572876,untrusted-client-6,1,id_honest_under_attack,1.877,True,"{""voter_id"": 305844}"
1782831572911,untrusted-client-6,2,checkin_honest_under_attack,1.346,True,"{""voter_id"": 305844}"
1782831574129,untrusted-client-6,1,id_honest_under_attack,2.630,True,"{""voter_id"": 219553}"
1782831574161,untrusted-client-6,2,checkin_honest_under_attack,1.476,True,"{""voter_id"": 219553}"
1782831575378,untrusted-client-6,1,id_honest_under_attack,2.392,True,"{""voter_id"": 191165}"
1782831575410,untrusted-client-6,2,checkin_honest_under_attack,1.381,True,"{""voter_id"": 191165}"
1782831576620,untrusted-client-6,1,id_honest_under_attack,1.613,True,"{""voter_id"": 335028}"
1782831576651,untrusted-client-6,2,checkin_honest_under_attack,1.089,True,"{""voter_id"": 335028}"
1782831577881,untrusted-client-6,1,id_honest_under_attack,1.687,True,"{""voter_id"": 329224}"
1782831577913,untrusted-client-6,2,checkin_honest_under_attack,1.421,True,"{""voter_id"": 329224}"
1782831579131,untrusted-client-6,1,id_honest_under_attack,1.203,True,"{""voter_id"": 163298}"
1782831579164,untrusted-client-6,2,checkin_honest_under_attack,1.448,True,"{""voter_id"": 163298}"
1782831580389,untrusted-client-6,1,id_honest_under_attack,1.430,True,"{""voter_id"": 323045}"
1782831580422,untrusted-client-6,2,checkin_honest_under_attack,1.341,True,"{""voter_id"": 323045}"
1782831581655,untrusted-client-6,1,id_honest_under_attack,1.682,True,"{""voter_id"": 158084}"
1782831581691,untrusted-client-6,2,checkin_honest_under_attack,1.137,True,"{""voter_id"": 158084}"
1782831582920,untrusted-client-6,1,id_honest_under_attack,1.483,True,"{""voter_id"": 264202}"
1782831582953,untrusted-client-6,2,checkin_honest_under_attack,1.255,True,"{""voter_id"": 264202}"
1782831584180,untrusted-client-6,1,id_honest_under_attack,1.267,True,"{""voter_id"": 290513}"
1782831584213,untrusted-client-6,2,checkin_honest_under_attack,1.281,True,"{""voter_id"": 290513}"
1782831585428,untrusted-client-6,1,id_honest_under_attack,1.501,True,"{""voter_id"": 340409}"
1782831585461,untrusted-client-6,2,checkin_honest_under_attack,1.772,True,"{""voter_id"": 340409}"
1782831586673,untrusted-client-6,1,id_honest_under_attack,1.803,True,"{""voter_id"": 197386}"
1782831586704,untrusted-client-6,2,checkin_honest_under_attack,0.951,True,"{""voter_id"": 197386}"
1782831587923,untrusted-client-6,1,id_honest_under_attack,1.515,True,"{""voter_id"": 308098}"
1782831587955,untrusted-client-6,2,checkin_honest_under_attack,0.899,True,"{""voter_id"": 308098}"
1782831589187,untrusted-client-6,1,id_honest_under_attack,3.737,True,"{""voter_id"": 226979}"
1782831589222,untrusted-client-6,2,checkin_honest_under_attack,1.944,True,"{""voter_id"": 226979}"
1782831590437,untrusted-client-6,1,id_honest_under_attack,1.472,True,"{""voter_id"": 108537}"
1782831590470,untrusted-client-6,2,checkin_honest_under_attack,1.046,True,"{""voter_id"": 108537}"
1782831591682,untrusted-client-6,1,id_honest_under_attack,1.460,True,"{""voter_id"": 139735}"
1782831591714,untrusted-client-6,2,checkin_honest_under_attack,0.932,True,"{""voter_id"": 139735}"
1782831592919,untrusted-client-6,1,id_honest_under_attack,1.583,True,"{""voter_id"": 126343}"
1782831592952,untrusted-client-6,2,checkin_honest_under_attack,1.539,True,"{""voter_id"": 126343}"
1782831594155,untrusted-client-6,1,id_honest_under_attack,1.416,True,"{""voter_id"": 297990}"
1782831594187,untrusted-client-6,2,checkin_honest_under_attack,1.071,True,"{""voter_id"": 297990}"
1782831595390,untrusted-client-6,1,id_honest_under_attack,1.622,True,"{""voter_id"": 107829}"
1782831595422,untrusted-client-6,2,checkin_honest_under_attack,1.407,True,"{""voter_id"": 107829}"
1782831596631,untrusted-client-6,1,id_honest_under_attack,1.734,True,"{""voter_id"": 188650}"
1782831596663,untrusted-client-6,2,checkin_honest_under_attack,1.786,True,"{""voter_id"": 188650}"
1782831597867,untrusted-client-6,1,id_honest_under_attack,1.429,True,"{""voter_id"": 160925}"
1782831597899,untrusted-client-6,2,checkin_honest_under_attack,1.074,True,"{""voter_id"": 160925}"
1782831599106,untrusted-client-6,1,id_honest_under_attack,1.310,True,"{""voter_id"": 132716}"
1782831599138,untrusted-client-6,2,checkin_honest_under_attack,1.220,True,"{""voter_id"": 132716}"
1782831486141,untrusted-client-8,1,id_honest_under_attack,1.343,True,"{""voter_id"": 331482}"
1782831486176,untrusted-client-8,2,checkin_honest_under_attack,1.073,True,"{""voter_id"": 331482}"
1782831487396,untrusted-client-8,1,id_honest_under_attack,1.368,True,"{""voter_id"": 289283}"
1782831487428,untrusted-client-8,2,checkin_honest_under_attack,1.301,True,"{""voter_id"": 289283}"
1782831488646,untrusted-client-8,1,id_honest_under_attack,1.351,True,"{""voter_id"": 146216}"
1782831488679,untrusted-client-8,2,checkin_honest_under_attack,1.695,True,"{""voter_id"": 146216}"
1782831489900,untrusted-client-8,1,id_honest_under_attack,1.805,True,"{""voter_id"": 203358}"
1782831489934,untrusted-client-8,2,checkin_honest_under_attack,1.680,True,"{""voter_id"": 203358}"
1782831491151,untrusted-client-8,1,id_honest_under_attack,1.466,True,"{""voter_id"": 187222}"
1782831491184,untrusted-client-8,2,checkin_honest_under_attack,1.505,True,"{""voter_id"": 187222}"
1782831492405,untrusted-client-8,1,id_honest_under_attack,2.623,True,"{""voter_id"": 347625}"
1782831492440,untrusted-client-8,2,checkin_honest_under_attack,1.359,True,"{""voter_id"": 347625}"
1782831493661,untrusted-client-8,1,id_honest_under_attack,1.935,True,"{""voter_id"": 173576}"
1782831493693,untrusted-client-8,2,checkin_honest_under_attack,1.575,True,"{""voter_id"": 173576}"
1782831494912,untrusted-client-8,1,id_honest_under_attack,1.944,True,"{""voter_id"": 181360}"
1782831494946,untrusted-client-8,2,checkin_honest_under_attack,1.522,True,"{""voter_id"": 181360}"
1782831496165,untrusted-client-8,1,id_honest_under_attack,1.311,True,"{""voter_id"": 206729}"
1782831496198,untrusted-client-8,2,checkin_honest_under_attack,1.536,True,"{""voter_id"": 206729}"
1782831497413,untrusted-client-8,1,id_honest_under_attack,1.726,True,"{""voter_id"": 220686}"
1782831497446,untrusted-client-8,2,checkin_honest_under_attack,1.256,True,"{""voter_id"": 220686}"
1782831498660,untrusted-client-8,1,id_honest_under_attack,2.640,True,"{""voter_id"": 263211}"
1782831498692,untrusted-client-8,2,checkin_honest_under_attack,1.035,True,"{""voter_id"": 263211}"
1782831499908,untrusted-client-8,1,id_honest_under_attack,1.691,True,"{""voter_id"": 143958}"
1782831499940,untrusted-client-8,2,checkin_honest_under_attack,1.571,True,"{""voter_id"": 143958}"
1782831501152,untrusted-client-8,1,id_honest_under_attack,1.308,True,"{""voter_id"": 208933}"
1782831501185,untrusted-client-8,2,checkin_honest_under_attack,1.114,True,"{""voter_id"": 208933}"
1782831502399,untrusted-client-8,1,id_honest_under_attack,2.119,True,"{""voter_id"": 348659}"
1782831502431,untrusted-client-8,2,checkin_honest_under_attack,1.578,True,"{""voter_id"": 348659}"
1782831503647,untrusted-client-8,1,id_honest_under_attack,1.672,True,"{""voter_id"": 192286}"
1782831503681,untrusted-client-8,2,checkin_honest_under_attack,1.796,True,"{""voter_id"": 192286}"
1782831504898,untrusted-client-8,1,id_honest_under_attack,1.728,True,"{""voter_id"": 269126}"
1782831504931,untrusted-client-8,2,checkin_honest_under_attack,1.447,True,"{""voter_id"": 269126}"
1782831506146,untrusted-client-8,1,id_honest_under_attack,1.524,True,"{""voter_id"": 139030}"
1782831506179,untrusted-client-8,2,checkin_honest_under_attack,1.313,True,"{""voter_id"": 139030}"
1782831507391,untrusted-client-8,1,id_honest_under_attack,1.546,True,"{""voter_id"": 146169}"
1782831507424,untrusted-client-8,2,checkin_honest_under_attack,1.175,True,"{""voter_id"": 146169}"
1782831508628,untrusted-client-8,1,id_honest_under_attack,1.476,True,"{""voter_id"": 341575}"
1782831508661,untrusted-client-8,2,checkin_honest_under_attack,1.149,True,"{""voter_id"": 341575}"
1782831509866,untrusted-client-8,1,id_honest_under_attack,1.738,True,"{""voter_id"": 310975}"
1782831509898,untrusted-client-8,2,checkin_honest_under_attack,1.275,True,"{""voter_id"": 310975}"
1782831511110,untrusted-client-8,1,id_honest_under_attack,1.404,True,"{""voter_id"": 163753}"
1782831511142,untrusted-client-8,2,checkin_honest_under_attack,1.220,True,"{""voter_id"": 163753}"
1782831512349,untrusted-client-8,1,id_honest_under_attack,1.486,True,"{""voter_id"": 193624}"
1782831512383,untrusted-client-8,2,checkin_honest_under_attack,1.496,True,"{""voter_id"": 193624}"
1782831513586,untrusted-client-8,1,id_honest_under_attack,1.410,True,"{""voter_id"": 259667}"
1782831513619,untrusted-client-8,2,checkin_honest_under_attack,1.467,True,"{""voter_id"": 259667}"
1782831514822,untrusted-client-8,1,id_honest_under_attack,1.766,True,"{""voter_id"": 223855}"
1782831514855,untrusted-client-8,2,checkin_honest_under_attack,1.509,True,"{""voter_id"": 223855}"
1782831516053,untrusted-client-8,1,id_honest_under_attack,1.292,True,"{""voter_id"": 121937}"
1782831516086,untrusted-client-8,2,checkin_honest_under_attack,1.304,True,"{""voter_id"": 121937}"
1782831517287,untrusted-client-8,1,id_honest_under_attack,1.392,True,"{""voter_id"": 315984}"
1782831517320,untrusted-client-8,2,checkin_honest_under_attack,1.466,True,"{""voter_id"": 315984}"
1782831518517,untrusted-client-8,1,id_honest_under_attack,1.350,True,"{""voter_id"": 242710}"
1782831518550,untrusted-client-8,2,checkin_honest_under_attack,1.026,True,"{""voter_id"": 242710}"
1782831519744,untrusted-client-8,1,id_honest_under_attack,1.969,True,"{""voter_id"": 198880}"
1782831519777,untrusted-client-8,2,checkin_honest_under_attack,1.180,True,"{""voter_id"": 198880}"
1782831520976,untrusted-client-8,1,id_honest_under_attack,1.445,True,"{""voter_id"": 344671}"
1782831521009,untrusted-client-8,2,checkin_honest_under_attack,1.507,True,"{""voter_id"": 344671}"
1782831522211,untrusted-client-8,1,id_honest_under_attack,1.648,True,"{""voter_id"": 116980}"
1782831522243,untrusted-client-8,2,checkin_honest_under_attack,1.199,True,"{""voter_id"": 116980}"
1782831523437,untrusted-client-8,1,id_honest_under_attack,1.671,True,"{""voter_id"": 308612}"
1782831523471,untrusted-client-8,2,checkin_honest_under_attack,3.505,True,"{""voter_id"": 308612}"
1782831524672,untrusted-client-8,1,id_honest_under_attack,1.784,True,"{""voter_id"": 280301}"
1782831524704,untrusted-client-8,2,checkin_honest_under_attack,1.194,True,"{""voter_id"": 280301}"
1782831525906,untrusted-client-8,1,id_honest_under_attack,2.351,True,"{""voter_id"": 259152}"
1782831525937,untrusted-client-8,2,checkin_honest_under_attack,1.043,True,"{""voter_id"": 259152}"
1782831527137,untrusted-client-8,1,id_honest_under_attack,1.433,True,"{""voter_id"": 173016}"
1782831527168,untrusted-client-8,2,checkin_honest_under_attack,1.209,True,"{""voter_id"": 173016}"
1782831528364,untrusted-client-8,1,id_honest_under_attack,1.318,True,"{""voter_id"": 112471}"
1782831528396,untrusted-client-8,2,checkin_honest_under_attack,1.212,True,"{""voter_id"": 112471}"
1782831529597,untrusted-client-8,1,id_honest_under_attack,2.300,True,"{""voter_id"": 158801}"
1782831529630,untrusted-client-8,2,checkin_honest_under_attack,1.204,True,"{""voter_id"": 158801}"
1782831530832,untrusted-client-8,1,id_honest_under_attack,1.564,True,"{""voter_id"": 251919}"
1782831530864,untrusted-client-8,2,checkin_honest_under_attack,1.066,True,"{""voter_id"": 251919}"
1782831532067,untrusted-client-8,1,id_honest_under_attack,1.769,True,"{""voter_id"": 244321}"
1782831532100,untrusted-client-8,2,checkin_honest_under_attack,1.138,True,"{""voter_id"": 244321}"
1782831533302,untrusted-client-8,1,id_honest_under_attack,1.600,True,"{""voter_id"": 124305}"
1782831533333,untrusted-client-8,2,checkin_honest_under_attack,1.295,True,"{""voter_id"": 124305}"
1782831534536,untrusted-client-8,1,id_honest_under_attack,1.871,True,"{""voter_id"": 241000}"
1782831534569,untrusted-client-8,2,checkin_honest_under_attack,2.290,True,"{""voter_id"": 241000}"
1782831535771,untrusted-client-8,1,id_honest_under_attack,1.490,True,"{""voter_id"": 208935}"
1782831535802,untrusted-client-8,2,checkin_honest_under_attack,1.295,True,"{""voter_id"": 208935}"
1782831537004,untrusted-client-8,1,id_honest_under_attack,1.533,True,"{""voter_id"": 318898}"
1782831537036,untrusted-client-8,2,checkin_honest_under_attack,1.537,True,"{""voter_id"": 318898}"
1782831538245,untrusted-client-8,1,id_honest_under_attack,1.920,True,"{""voter_id"": 238426}"
1782831538278,untrusted-client-8,2,checkin_honest_under_attack,1.411,True,"{""voter_id"": 238426}"
1782831539475,untrusted-client-8,1,id_honest_under_attack,1.822,True,"{""voter_id"": 326713}"
1782831539507,untrusted-client-8,2,checkin_honest_under_attack,1.493,True,"{""voter_id"": 326713}"
1782831540706,untrusted-client-8,1,id_honest_under_attack,1.850,True,"{""voter_id"": 104788}"
1782831540738,untrusted-client-8,2,checkin_honest_under_attack,1.215,True,"{""voter_id"": 104788}"
1782831541934,untrusted-client-8,1,id_honest_under_attack,1.322,True,"{""voter_id"": 144959}"
1782831541967,untrusted-client-8,2,checkin_honest_under_attack,1.179,True,"{""voter_id"": 144959}"
1782831543165,untrusted-client-8,1,id_honest_under_attack,1.476,True,"{""voter_id"": 271571}"
1782831543197,untrusted-client-8,2,checkin_honest_under_attack,1.233,True,"{""voter_id"": 271571}"
1782831544405,untrusted-client-8,1,id_honest_under_attack,1.532,True,"{""voter_id"": 306664}"
1782831544438,untrusted-client-8,2,checkin_honest_under_attack,1.875,True,"{""voter_id"": 306664}"
1782831545636,untrusted-client-8,1,id_honest_under_attack,1.670,True,"{""voter_id"": 126343}"
1782831545668,untrusted-client-8,2,checkin_honest_under_attack,1.147,True,"{""voter_id"": 126343}"
1782831546873,untrusted-client-8,1,id_honest_under_attack,1.347,True,"{""voter_id"": 213560}"
1782831546906,untrusted-client-8,2,checkin_honest_under_attack,2.571,True,"{""voter_id"": 213560}"
1782831548106,untrusted-client-8,1,id_honest_under_attack,1.590,True,"{""voter_id"": 278455}"
1782831548139,untrusted-client-8,2,checkin_honest_under_attack,2.013,True,"{""voter_id"": 278455}"
1782831549347,untrusted-client-8,1,id_honest_under_attack,2.024,True,"{""voter_id"": 128730}"
1782831549379,untrusted-client-8,2,checkin_honest_under_attack,1.740,True,"{""voter_id"": 128730}"
1782831550586,untrusted-client-8,1,id_honest_under_attack,1.722,True,"{""voter_id"": 344670}"
1782831550618,untrusted-client-8,2,checkin_honest_under_attack,1.762,True,"{""voter_id"": 344670}"
1782831551823,untrusted-client-8,1,id_honest_under_attack,1.478,True,"{""voter_id"": 319975}"
1782831551854,untrusted-client-8,2,checkin_honest_under_attack,1.470,True,"{""voter_id"": 319975}"
1782831553059,untrusted-client-8,1,id_honest_under_attack,1.250,True,"{""voter_id"": 329795}"
1782831553090,untrusted-client-8,2,checkin_honest_under_attack,1.515,True,"{""voter_id"": 329795}"
1782831554301,untrusted-client-8,1,id_honest_under_attack,1.684,True,"{""voter_id"": 219294}"
1782831554333,untrusted-client-8,2,checkin_honest_under_attack,1.649,True,"{""voter_id"": 219294}"
1782831555540,untrusted-client-8,1,id_honest_under_attack,1.446,True,"{""voter_id"": 318789}"
1782831555571,untrusted-client-8,2,checkin_honest_under_attack,1.564,True,"{""voter_id"": 318789}"
1782831556781,untrusted-client-8,1,id_honest_under_attack,1.461,True,"{""voter_id"": 261937}"
1782831556813,untrusted-client-8,2,checkin_honest_under_attack,1.392,True,"{""voter_id"": 261937}"
1782831558025,untrusted-client-8,1,id_honest_under_attack,1.707,True,"{""voter_id"": 279181}"
1782831558056,untrusted-client-8,2,checkin_honest_under_attack,1.513,True,"{""voter_id"": 279181}"
1782831559268,untrusted-client-8,1,id_honest_under_attack,1.559,True,"{""voter_id"": 145729}"
1782831559300,untrusted-client-8,2,checkin_honest_under_attack,1.802,True,"{""voter_id"": 145729}"
1782831560510,untrusted-client-8,1,id_honest_under_attack,1.476,True,"{""voter_id"": 222866}"
1782831560542,untrusted-client-8,2,checkin_honest_under_attack,1.707,True,"{""voter_id"": 222866}"
1782831561751,untrusted-client-8,1,id_honest_under_attack,1.839,True,"{""voter_id"": 176553}"
1782831561784,untrusted-client-8,2,checkin_honest_under_attack,1.352,True,"{""voter_id"": 176553}"
1782831562998,untrusted-client-8,1,id_honest_under_attack,1.395,True,"{""voter_id"": 283902}"
1782831563029,untrusted-client-8,2,checkin_honest_under_attack,1.634,True,"{""voter_id"": 283902}"
1782831564245,untrusted-client-8,1,id_honest_under_attack,1.411,True,"{""voter_id"": 349431}"
1782831564277,untrusted-client-8,2,checkin_honest_under_attack,1.541,True,"{""voter_id"": 349431}"
1782831565483,untrusted-client-8,1,id_honest_under_attack,1.736,True,"{""voter_id"": 273805}"
1782831565514,untrusted-client-8,2,checkin_honest_under_attack,1.525,True,"{""voter_id"": 273805}"
1782831566720,untrusted-client-8,1,id_honest_under_attack,1.408,True,"{""voter_id"": 121941}"
1782831566752,untrusted-client-8,2,checkin_honest_under_attack,1.616,True,"{""voter_id"": 121941}"
1782831567961,untrusted-client-8,1,id_honest_under_attack,1.329,True,"{""voter_id"": 223628}"
1782831567991,untrusted-client-8,2,checkin_honest_under_attack,1.422,True,"{""voter_id"": 223628}"
1782831569222,untrusted-client-8,1,id_honest_under_attack,1.692,True,"{""voter_id"": 292314}"
1782831569255,untrusted-client-8,2,checkin_honest_under_attack,1.522,True,"{""voter_id"": 292314}"
1782831570472,untrusted-client-8,1,id_honest_under_attack,1.384,True,"{""voter_id"": 303628}"
1782831570503,untrusted-client-8,2,checkin_honest_under_attack,1.038,True,"{""voter_id"": 303628}"
1782831571732,untrusted-client-8,1,id_honest_under_attack,1.929,True,"{""voter_id"": 193306}"
1782831571765,untrusted-client-8,2,checkin_honest_under_attack,1.474,True,"{""voter_id"": 193306}"
1782831573001,untrusted-client-8,1,id_honest_under_attack,1.451,True,"{""voter_id"": 273079}"
1782831573033,untrusted-client-8,2,checkin_honest_under_attack,1.135,True,"{""voter_id"": 273079}"
1782831574241,untrusted-client-8,1,id_honest_under_attack,1.456,True,"{""voter_id"": 319370}"
1782831574272,untrusted-client-8,2,checkin_honest_under_attack,1.720,True,"{""voter_id"": 319370}"
1782831575484,untrusted-client-8,1,id_honest_under_attack,1.716,True,"{""voter_id"": 113510}"
1782831575517,untrusted-client-8,2,checkin_honest_under_attack,1.559,True,"{""voter_id"": 113510}"
1782831576731,untrusted-client-8,1,id_honest_under_attack,1.652,True,"{""voter_id"": 247192}"
1782831576763,untrusted-client-8,2,checkin_honest_under_attack,1.214,True,"{""voter_id"": 247192}"
1782831577986,untrusted-client-8,1,id_honest_under_attack,1.436,True,"{""voter_id"": 242051}"
1782831578019,untrusted-client-8,2,checkin_honest_under_attack,1.596,True,"{""voter_id"": 242051}"
1782831579242,untrusted-client-8,1,id_honest_under_attack,1.315,True,"{""voter_id"": 141091}"
1782831579273,untrusted-client-8,2,checkin_honest_under_attack,1.283,True,"{""voter_id"": 141091}"
1782831580486,untrusted-client-8,1,id_honest_under_attack,1.471,True,"{""voter_id"": 331481}"
1782831580518,untrusted-client-8,2,checkin_honest_under_attack,1.305,True,"{""voter_id"": 331481}"
1782831581743,untrusted-client-8,1,id_honest_under_attack,1.209,True,"{""voter_id"": 201412}"
1782831581775,untrusted-client-8,2,checkin_honest_under_attack,1.459,True,"{""voter_id"": 201412}"
1782831582997,untrusted-client-8,1,id_honest_under_attack,1.532,True,"{""voter_id"": 238018}"
1782831583033,untrusted-client-8,2,checkin_honest_under_attack,1.890,True,"{""voter_id"": 238018}"
1782831584257,untrusted-client-8,1,id_honest_under_attack,1.457,True,"{""voter_id"": 161475}"
1782831584289,untrusted-client-8,2,checkin_honest_under_attack,1.188,True,"{""voter_id"": 161475}"
1782831585501,untrusted-client-8,1,id_honest_under_attack,1.299,True,"{""voter_id"": 297531}"
1782831585533,untrusted-client-8,2,checkin_honest_under_attack,1.286,True,"{""voter_id"": 297531}"
1782831586740,untrusted-client-8,1,id_honest_under_attack,1.548,True,"{""voter_id"": 311418}"
1782831586773,untrusted-client-8,2,checkin_honest_under_attack,1.417,True,"{""voter_id"": 311418}"
1782831587990,untrusted-client-8,1,id_honest_under_attack,1.402,True,"{""voter_id"": 293141}"
1782831588021,untrusted-client-8,2,checkin_honest_under_attack,1.069,True,"{""voter_id"": 293141}"
1782831589262,untrusted-client-8,1,id_honest_under_attack,1.435,True,"{""voter_id"": 170719}"
1782831589293,untrusted-client-8,2,checkin_honest_under_attack,1.288,True,"{""voter_id"": 170719}"
1782831590511,untrusted-client-8,1,id_honest_under_attack,1.447,True,"{""voter_id"": 146169}"
1782831590542,untrusted-client-8,2,checkin_honest_under_attack,1.340,True,"{""voter_id"": 146169}"
1782831591749,untrusted-client-8,1,id_honest_under_attack,1.387,True,"{""voter_id"": 181603}"
1782831591781,untrusted-client-8,2,checkin_honest_under_attack,1.353,True,"{""voter_id"": 181603}"
1782831592981,untrusted-client-8,1,id_honest_under_attack,1.291,True,"{""voter_id"": 112836}"
1782831593013,untrusted-client-8,2,checkin_honest_under_attack,1.323,True,"{""voter_id"": 112836}"
1782831594213,untrusted-client-8,1,id_honest_under_attack,1.422,True,"{""voter_id"": 126408}"
1782831594244,untrusted-client-8,2,checkin_honest_under_attack,1.408,True,"{""voter_id"": 126408}"
1782831595439,untrusted-client-8,1,id_honest_under_attack,1.222,True,"{""voter_id"": 349431}"
1782831595470,untrusted-client-8,2,checkin_honest_under_attack,1.220,True,"{""voter_id"": 349431}"
1782831596668,untrusted-client-8,1,id_honest_under_attack,1.376,True,"{""voter_id"": 125465}"
1782831596700,untrusted-client-8,2,checkin_honest_under_attack,1.308,True,"{""voter_id"": 125465}"
1782831597910,untrusted-client-8,1,id_honest_under_attack,1.351,True,"{""voter_id"": 343754}"
1782831597941,untrusted-client-8,2,checkin_honest_under_attack,1.436,True,"{""voter_id"": 343754}"
1782831599142,untrusted-client-8,1,id_honest_under_attack,1.593,True,"{""voter_id"": 283903}"
1782831599176,untrusted-client-8,2,checkin_honest_under_attack,1.411,True,"{""voter_id"": 283903}"
1782831600366,untrusted-client-8,1,id_honest_under_attack,1.404,True,"{""voter_id"": 293529}"
1782831600397,untrusted-client-8,2,checkin_honest_under_attack,1.643,True,"{""voter_id"": 293529}"
1782831601604,untrusted-client-8,1,id_honest_under_attack,1.337,True,"{""voter_id"": 289284}"
1782831601635,untrusted-client-8,2,checkin_honest_under_attack,1.245,True,"{""voter_id"": 289284}"
1782831602826,untrusted-client-8,1,id_honest_under_attack,1.738,True,"{""voter_id"": 273805}"
1782831602856,untrusted-client-8,2,checkin_honest_under_attack,1.305,True,"{""voter_id"": 273805}"
1782831604053,untrusted-client-8,1,id_honest_under_attack,1.353,True,"{""voter_id"": 147329}"
1782831604084,untrusted-client-8,2,checkin_honest_under_attack,1.523,True,"{""voter_id"": 147329}"
1782831605276,untrusted-client-8,1,id_honest_under_attack,1.639,True,"{""voter_id"": 302224}"
1782831605306,untrusted-client-8,2,checkin_honest_under_attack,1.288,True,"{""voter_id"": 302224}"
1782831606500,untrusted-client-8,1,id_honest_under_attack,1.387,True,"{""voter_id"": 272660}"
1782831606531,untrusted-client-8,2,checkin_honest_under_attack,1.661,True,"{""voter_id"": 272660}"
1782831607726,untrusted-client-8,1,id_honest_under_attack,1.850,True,"{""voter_id"": 195523}"
1782831607758,untrusted-client-8,2,checkin_honest_under_attack,1.631,True,"{""voter_id"": 195523}"
1782831608953,untrusted-client-8,1,id_honest_under_attack,1.921,True,"{""voter_id"": 228728}"
1782831608984,untrusted-client-8,2,checkin_honest_under_attack,1.576,True,"{""voter_id"": 228728}"
