UID,Last Name,First Name,Middle Name,Street Address,City,State,Zip
100000,Richard,Katherine,Robert,764 Howard Forge Apt. 421,Augusta,GA,31267
100390,Lloyd,Vanessa,Amanda,1157 Michael Island,Augusta,GA,31252
100524,Bowman,James,Angela,408 Christopher Ville Suite 097,Augusta,GA,31696
100996,Dillon,John,Mark,93328 Davis Island,Augusta,GA,31793
100997,Romero,Sarah,Daniel,185 Tamara Rapids Suite 719,Augusta,GA,31635
101070,Cruz,Barbara,Kelly,09471 Erika Curve,Augusta,GA,31796
101071,Hernandez,Benjamin,Christopher,848 Melissa Springs Suite 947,Augusta,GA,31009
101072,Keller,Wendy,Sabrina,59179 Bruce Gardens Apt. 413,Augusta,GA,30762
101073,Norton,Marvin,Lisa,30989 Anthony Roads,Augusta,GA,30387
101074,Obrien,Barbara,Peter,09032 Timothy Stream Apt. 086,Augusta,GA,31271
101298,Garcia,Jordan,Jeffrey,6208 Williams Courts Suite 345,Augusta,GA,31853
101794,Dennis,Mary,Samantha,302 Matthew Glen,Augusta,GA,30241
102239,Carlson,Scott,Gregory,698 Banks Loaf Suite 280,Augusta,GA,30938
102240,Harmon,Matthew,Brandon,37594 Garza Roads Apt. 466,Augusta,GA,31698
102610,Curtis,Aaron,James,33769 Johnson Well Suite 027,Augusta,GA,30131
102925,Green,Eric,Allison,900 Nguyen Villages Suite 063,Augusta,GA,31124
103051,Key,Cynthia,Christopher,66503 Jennifer Alley,Augusta,GA,31685
103052,Lowe,Cheryl,James,4217 Burton Brooks,Augusta,GA,30563
103053,Sloan,Lauren,Darrell,85124 Bobby Ford Suite 855,Augusta,GA,31922
103054,Bradley,Melissa,Meghan,765 Jared Radial Suite 022,Augusta,GA,30556
103219,Cook,Kristine,Jennifer,004 Edward Prairie Suite 568,Augusta,GA,30266
103375,Carter,Timothy,John,2814 Houston Hills,Augusta,GA,30850
103657,Rodriguez,Ann,Timothy,1717 Johnson Isle Apt. 296,Augusta,GA,31651
103763,Villegas,Danielle,Cameron,30601 Hawkins Highway,Augusta,GA,30919
103811,Mora,Kristina,Jennifer,1534 Ryan Knolls,Augusta,GA,30236
103812,Brown,Michelle,Jacqueline,317 Scott Row Apt. 392,Augusta,GA,30215
103813,Gonzalez,Nicholas,Amy,97296 Rich Park,Augusta,GA,31392
103831,Stark,Marcus,Vernon,389 Alec Squares Suite 508,Augusta,GA,30304
103832,Baxter,Carrie,Eric,471 Zachary Canyon Apt. 320,Augusta,GA,30616
103833,Smith,Megan,Mark,75868 Audrey Springs,Augusta,GA,31627
103834,Trujillo,Katherine,Vicki,48967 Lawson Fort Apt. 024,Augusta,GA,31039
104185,Hudson,Marvin,Trevor,6660 Danielle Crossroad Apt. 450,Augusta,GA,31929
104186,Johnson,Robert,Travis,256 Cheryl Lights,Augusta,GA,30940
104646,Williams,Thomas,Edward,925 Isabel Run,Augusta,GA,30710
104788,Lee,Krista,Kimberly,97951 Kramer Crossroad,Augusta,GA,31963
105128,Buck,Lauren,Sabrina,306 Watson Field,Augusta,GA,30933
105129,Kelly,Crystal,Sue,4089 Jerry Trail,Augusta,GA,31679
105431,Wilkerson,Courtney,Wayne,412 Snow Manors Apt. 161,Augusta,GA,30204
105432,Perry,Eric,Stephanie,6075 Miller Cliffs Apt. 505,Augusta,GA,30713
105433,Thompson,Maria,Jerry,92303 Julie Hill Suite 093,Augusta,GA,31760
105434,Thomas,Shawn,Thomas,03557 Phillips Wells Suite 291,Augusta,GA,30211
105435,Ferguson,Kyle,Nicholas,35833 Kelly Manor,Augusta,GA,31359
105436,Williams,David,Andrew,126 Pierce Streets,Augusta,GA,31898
105437,Thomas,Robert,Dana,75806 Smith Stream,Augusta,GA,31846
105438,Flores,James,Kelly,21418 Laura Mission Suite 266,Augusta,GA,30358
105501,Wright,Shawn,Sharon,7173 Smith Square,Augusta,GA,30920
105502,Montgomery,Alan,Kenneth,926 Davis Parks Apt. 864,Augusta,GA,31295
105503,Riggs,David,Nicole,46896 Garcia Glen,Augusta,GA,30725
105504,Campbell,Karina,Regina,14485 Alyssa Gateway,Augusta,GA,31825
105505,Mora,Frank,Robert,8298 Amanda Loop Suite 447,Augusta,GA,30762
105506,Carroll,Devin,David,6972 Gomez Mountains,Augusta,GA,31521
105507,Perry,Thomas,Heather,0742 Williams Road Apt. 057,Augusta,GA,30801
105508,Oneal,Alejandro,Alison,160 Williams River,Augusta,GA,30008
105841,Key,Morgan,Holly,94316 Moran Lights,Augusta,GA,30345
105842,Rivera,Deborah,Grace,2852 Renee Mills,Augusta,GA,30716
106101,Clarke,Paul,Lindsay,337 Brenda Causeway Suite 031,Augusta,GA,31784
106102,Lopez,Brian,Danielle,94918 Wise Knoll,Augusta,GA,30843
106206,Ellis,Crystal,Zachary,774 Lewis Grove Apt. 002,Augusta,GA,30717
106671,Smith,Diamond,Donald,396 Shawn Junction Apt. 915,Augusta,GA,30662
106672,Herrera,Patricia,Jonathan,51385 Mary Glen,Augusta,GA,31378
106673,Daniel,Kevin,Zachary,7530 Villa Cliffs Apt. 777,Augusta,GA,30098
106850,Stark,Robert,Tristan,11312 Henson Forest Suite 916,Augusta,GA,31145
107157,Fischer,Maria,Benjamin,73245 Vang Coves,Augusta,GA,31141
107165,Lam,Chelsea,Kristina,8978 Nelson Brook Apt. 912,Augusta,GA,31501
107627,Perry,Jeffery,Nichole,886 David Rue,Augusta,GA,30559
107827,Wilson,Jo,Michael,31845 Nathaniel Neck Suite 922,Augusta,GA,31659
107828,Smith,William,Michael,62281 Kathy Tunnel,Augusta,GA,31875
107829,Hampton,Ashley,Heather,23659 Cristina Coves,Augusta,GA,31262
107830,Flowers,Alicia,Michael,0382 Lamb Street Suite 851,Augusta,GA,30531
107831,Taylor,Richard,James,6030 Barber Gateway Suite 734,Augusta,GA,30705
108223,Powers,Kevin,Michael,250 Burton Burg,Augusta,GA,30495
108537,Williams,Jeremiah,Desiree,56237 Thomas Inlet,Augusta,GA,30363
108538,Banks,Jessica,Kristen,0648 Malone Port Apt. 662,Augusta,GA,30007
108738,Mason,Christy,Ebony,53230 Julia Villages,Augusta,GA,31401
108739,Hoffman,Jennifer,Ronald,729 Johnny Valley,Augusta,GA,31512
108740,Oconnor,Anthony,Sarah,1542 Young Knolls,Augusta,GA,30333
109068,Moss,Richard,Joseph,0484 Madden Trail Suite 076,Augusta,GA,31478
109433,Wilson,Michael,Brett,049 Cooley Track Apt. 885,Augusta,GA,30791
109640,Good,Teresa,Jason,98522 Mathis Viaduct Apt. 909,Augusta,GA,30320
109726,Farley,Michael,Connie,6962 Kristina Port Apt. 725,Augusta,GA,31904
109727,Smith,Jennifer,Renee,931 Ramirez Village Apt. 821,Augusta,GA,31350
109999,Fowler,Bethany,Shelly,4440 Osborne Viaduct Suite 488,Augusta,GA,31136
110000,Stewart,Matthew,Janice,08296 Marshall Camp Suite 930,Augusta,GA,30742
110255,Rice,Shelly,Erin,703 Joshua Trace Suite 197,Augusta,GA,30485
110685,Manning,Shannon,William,27166 King Throughway,Augusta,GA,31585
111101,Kelly,Mark,Kurt,43666 Terry View Apt. 975,Augusta,GA,31700
111102,Carroll,Anne,Joshua,7820 Ashlee Key,Augusta,GA,30740
111111,Smith,James,Daniel,50562 Russell Divide Apt. 648,Augusta,GA,30123
111112,Martin,Patricia,Renee,808 Herring Key,Augusta,GA,31639
111113,Willis,Christopher,Anita,45448 Lutz Drives Suite 820,Augusta,GA,31296
111114,Richards,Darlene,Arthur,37937 Jenna Shoal Apt. 780,Augusta,GA,31113
111115,Miller,Zachary,Aaron,69597 Bass Passage,Augusta,GA,30742
111116,Archer,Michelle,David,22059 Bradley Rue Apt. 460,Augusta,GA,31230
111361,Saunders,Jennifer,Michael,0759 Chambers Port,Augusta,GA,31739
111374,Lara,Robert,Anthony,61511 Michael Fall Suite 905,Augusta,GA,30935
111375,Gibbs,Julie,Heather,08640 Mary Common Suite 517,Augusta,GA,31983
111445,Johnson,Regina,Connie,06528 Ethan Tunnel Apt. 395,Augusta,GA,31937
111446,Johnson,Susan,Connie,33452 Michael Estates Suite 759,Augusta,GA,30283
111447,Hughes,Kelli,Fernando,622 Anthony Islands,Augusta,GA,31045
111448,Smith,Brandon,Sara,60669 Dawson Dam,Augusta,GA,30746
111735,Dixon,Amanda,Charles,516 Sanchez Light Apt. 637,Augusta,GA,30814
111736,Knapp,Cesar,Johnny,580 Mcdowell Harbor Apt. 956,Augusta,GA,31975
112102,Garrett,Amanda,Melissa,606 Hamilton Cove,Augusta,GA,31461
112103,Murray,Steven,Gene,2948 Sarah Key Apt. 578,Augusta,GA,31544
112297,Brown,Natalie,Jonathan,6048 Johnson Loop Suite 635,Augusta,GA,30275
112298,Anderson,Christie,Gabriel,671 Kimberly Plains Apt. 223,Augusta,GA,30337
112470,Perez,Alicia,Lori,451 Ayala Greens Apt. 585,Augusta,GA,31092
112471,Neal,Rhonda,Tracey,65678 Oconnell Lodge Apt. 220,Augusta,GA,31195
112472,Larson,Janet,Selena,399 Joseph Street,Augusta,GA,31259
112473,Jackson,Christopher,Barry,7517 Silva Glen,Augusta,GA,31366
112773,Tucker,Kimberly,Sandra,202 Franklin Fords,Augusta,GA,30898
112774,Erickson,Richard,Andrew,2790 Noble Corners,Augusta,GA,31320
112834,Chapman,Matthew,William,79148 Pierce Lock Suite 423,Augusta,GA,31108
112835,Diaz,Kevin,Chelsea,1176 Hawkins Greens,Augusta,GA,30988
112836,Hall,Daniel,Donald,02983 Antonio Lodge,Augusta,GA,31144
113044,Lyons,Carolyn,Jennifer,8551 John Parks,Augusta,GA,31718
113045,Joyce,Joshua,Albert,511 Berry Fork Suite 623,Augusta,GA,30590
113334,Boyle,Julia,Timothy,6921 Kelly Ways Suite 355,Augusta,GA,30885
113508,Ramirez,Teresa,Katrina,74172 Cantu Summit Apt. 573,Augusta,GA,30226
113509,Becker,Theresa,Steven,936 Tucker Island Apt. 175,Augusta,GA,30808
113510,Macdonald,Jeremy,Tammy,061 Gonzalez Islands,Augusta,GA,30366
113511,Wilson,Laura,Michael,06802 Lorraine Rest,Augusta,GA,31915
113833,Gaines,Christopher,Steven,961 Sara Forks,Augusta,GA,31902
113834,Perry,Thomas,Aaron,0940 Padilla Views,Augusta,GA,30691
113835,Byrd,Danielle,Caitlin,1140 Christine Shoals,Augusta,GA,30279
113836,Gray,Ashley,Donna,8818 Heather Mountains,Augusta,GA,30256
114039,Hicks,Seth,Guy,64619 Wilkins Wall Apt. 735,Augusta,GA,30985
114512,Rowe,Robert,Sergio,673 Allen Neck,Augusta,GA,30973
114513,Thomas,Scott,Michael,281 Kevin Path Apt. 025,Augusta,GA,30076
114557,Cook,Christy,Ethan,3673 Peter Turnpike Suite 835,Augusta,GA,30376
114558,Stone,Amy,Melissa,97939 Johnson Oval Suite 830,Augusta,GA,30090
114658,Brown,John,Morgan,186 Mcclure Junction,Augusta,GA,31011
114659,Jennings,Frank,Angela,767 Singleton Mountain Apt. 231,Augusta,GA,31540
114660,Moore,Sharon,Stephanie,0063 Melissa Prairie,Augusta,GA,31167
114916,Russo,Robert,Jason,287 James Plain,Augusta,GA,30136
114917,Miller,Tara,Trevor,69541 Katrina Garden,Augusta,GA,31258
114918,Faulkner,Anthony,Michelle,74197 Humphrey Forges Suite 685,Augusta,GA,30468
115021,Holloway,Joseph,Christopher,9971 Graham Lights,Augusta,GA,31494
115022,Brennan,Darryl,Catherine,01630 Baker Crescent,Augusta,GA,30705
115329,Carter,Christina,Dana,8802 Weiss Route,Augusta,GA,31768
115619,Scott,Devin,Wendy,861 Duncan Pike,Augusta,GA,30154
116070,Callahan,Brenda,Todd,1832 Raymond Rest,Augusta,GA,31431
116498,Mcgee,Michael,Joseph,337 Terrell Harbor Apt. 154,Augusta,GA,31787
116499,Mccarthy,Stephanie,Austin,1243 Grimes Corners,Augusta,GA,30850
116500,Shaw,Marie,David,2436 Johnson Village Apt. 415,Augusta,GA,30650
116676,Levine,Desiree,Karl,824 Kristi Manor,Augusta,GA,30576
116677,Aguilar,Jon,Lawrence,1652 Jerry Valley Suite 603,Augusta,GA,30167
116678,Parker,Madison,Rebecca,58618 Vincent Grove Suite 670,Augusta,GA,30337
116978,Fletcher,Melissa,Michael,34228 Stephens Falls,Augusta,GA,30477
116979,Lin,Jennifer,Sara,82923 Lindsey Walks,Augusta,GA,31629
116980,Fletcher,Andrew,Steven,62686 Paul Pine,Augusta,GA,31011
116981,Garcia,Melissa,Amanda,36746 Stanley Green,Augusta,GA,31488
116982,Jones,Kathleen,Brenda,08173 Mckinney Trace,Augusta,GA,31355
116983,Taylor,Courtney,William,255 Gallegos Hills,Augusta,GA,31028
117429,May,Jon,Andrew,657 Alexander Mountains,Augusta,GA,31677
117689,Phillips,Lindsey,Robin,966 Dominguez Parkway Suite 933,Augusta,GA,30884
117690,Robinson,Wyatt,William,4647 Kristine Fields Suite 710,Augusta,GA,30413
117691,Harper,Melissa,Tiffany,29259 Smith Shoals,Augusta,GA,30034
117692,Smith,Sabrina,Gary,67551 Casey Squares Apt. 209,Augusta,GA,31089
117968,Nelson,Joanna,Monica,52272 Willis Wall Apt. 006,Augusta,GA,31838
118402,Munoz,Deborah,Deborah,164 Schultz Road,Augusta,GA,31897
118403,Mckenzie,Jaime,Bryan,4779 Adams Rue,Augusta,GA,30160
118404,Ellis,Karen,Rachael,697 Lambert Rest Suite 219,Augusta,GA,31584
118665,Rodriguez,Jacob,Tamara,164 Glover Roads Suite 881,Augusta,GA,30017
118700,Williams,Alexis,Kimberly,66705 Christopher Lock,Augusta,GA,31319
119184,Riley,Valerie,Brandon,09628 Russell Village Apt. 782,Augusta,GA,31149
119382,Pugh,David,Jared,97444 Richard Branch,Augusta,GA,31772
119383,Fields,Brett,Kim,42282 Stephanie Avenue,Augusta,GA,31517
119531,Hoover,Mary,Mark,53475 Ruiz Pine,Augusta,GA,30173
119532,Miller,Samuel,Kimberly,681 Douglas Locks Suite 212,Augusta,GA,30320
119533,Johnson,Deanna,Darrell,494 Mays Ways,Augusta,GA,31489
119534,Woods,Brittany,Luis,538 Jessica Tunnel Suite 580,Augusta,GA,30512
119950,Andrews,Thomas,Micheal,088 Terri Port,Augusta,GA,30735
119970,Williams,Michael,Matthew,6037 Vega Vista Apt. 078,Augusta,GA,31349
119971,Cuevas,Frederick,Paul,973 Jasmine Road Apt. 975,Augusta,GA,31185
119972,Murphy,Russell,Kayla,663 James Garden,Augusta,GA,30433
119973,Scott,John,Brenda,3959 Marc Divide Suite 828,Augusta,GA,31444
120028,Page,Danny,Sandra,29593 Amber Fords Suite 648,Augusta,GA,30414
120226,Gomez,Richard,Jessica,39287 John Heights,Augusta,GA,31411
120227,Tucker,Lisa,Melinda,10524 Parker Mall Suite 531,Augusta,GA,31488
120543,Miller,Terri,Courtney,985 Rachel Freeway,Augusta,GA,30042
121041,Williams,Cody,Sarah,96299 Joshua Estate Apt. 932,Augusta,GA,30267
121533,Liu,Jonathan,Kristina,943 Derek Ville,Augusta,GA,31360
121534,Russell,Stephanie,James,8724 Rachel Squares,Augusta,GA,31266
121535,Phelps,Michelle,Latoya,23906 Dustin Plain,Augusta,GA,30085
121937,Gordon,Stefanie,Elizabeth,7343 Michael Groves Suite 894,Augusta,GA,30447
121938,Mitchell,Philip,Gregory,182 Thomas Green,Augusta,GA,31836
121939,Gross,James,Lacey,7568 Maxwell Wall,Augusta,GA,30799
121940,Fitzgerald,Patrick,David,049 Black Ports,Augusta,GA,30852
121941,Clark,James,Veronica,618 Curry Expressway,Augusta,GA,30067
121942,Harris,John,Carmen,83833 Davis Walks Apt. 829,Augusta,GA,30400
121991,Pierce,April,Christine,479 Michael Trafficway Apt. 037,Augusta,GA,30441
121992,Holmes,Jason,Adrian,7194 Myers Street,Augusta,GA,31476
122212,Giles,Phyllis,Kenneth,175 Jerry Dale,Augusta,GA,30839
122213,Dorsey,John,Andrew,85218 Flores Stream Apt. 533,Augusta,GA,30605
122214,Boyd,Rodney,Jessica,0271 Soto Drives Apt. 975,Augusta,GA,30319
122215,Richards,Nancy,Ruben,22786 Mary Hills,Augusta,GA,31537
122622,Harrison,Christopher,Michael,73800 Steven Green,Augusta,GA,31510
122975,Willis,Jacqueline,Laura,19827 Alexander Divide,Augusta,GA,31448
123231,Burke,Katie,Drew,921 Joshua Groves,Augusta,GA,31276
123273,Mcdonald,Kimberly,Beth,127 Michael Glens,Augusta,GA,31306
123337,Russell,Rebecca,Tonya,19238 Shawn Well,Augusta,GA,30022
123515,Hubbard,Robert,April,598 Bradshaw Hills,Augusta,GA,30195
123516,Wallace,Cynthia,Joel,1527 Paul Row Suite 048,Augusta,GA,31274
123517,Ingram,Taylor,Megan,04164 Todd Mountains,Augusta,GA,30543
123518,Robertson,David,Tyler,035 Erickson Wall,Augusta,GA,31668
123519,Rodriguez,Anthony,Kyle,6213 Juarez Mountains,Augusta,GA,30905
123520,Thompson,Mary,Ronald,5911 Anderson Bridge Suite 736,Augusta,GA,31305
123521,Le,Robert,Emma,244 Angela Springs Suite 020,Augusta,GA,30191
123522,Morgan,Matthew,Melanie,9748 Sharon Locks,Augusta,GA,30031
123700,Garcia,Daniel,Jenny,184 Curtis Ridges Suite 031,Augusta,GA,31401
123701,Martin,Gabriel,Steven,9086 Susan Courts,Augusta,GA,30635
123874,Miller,Kayla,Jason,79885 Ronald Valley Apt. 969,Augusta,GA,30479
124027,Campbell,William,Thomas,454 Jacob Forges Suite 505,Augusta,GA,30972
124028,Howell,Shelly,Justin,17823 Bean Rapids,Augusta,GA,30680
124303,Arnold,Antonio,Robert,5039 Carlos Curve Apt. 886,Augusta,GA,31257
124304,Ramirez,Christian,Andrew,503 Decker Way Suite 784,Augusta,GA,30132
124305,Haas,Christopher,Nicholas,3476 Courtney Roads Suite 726,Augusta,GA,31382
124306,Summers,Samantha,Ralph,8546 Michael Manors Suite 741,Augusta,GA,31397
124307,Perez,Mark,Nicholas,27112 Jeremy Fall Apt. 866,Augusta,GA,30368
124499,Roberts,Scott,Susan,72117 Gross Inlet,Augusta,GA,30619
124500,Myers,Brenda,Joseph,04374 Nicholas Cliff Suite 001,Augusta,GA,30756
124512,Smith,Kyle,Aaron,92719 Andrew Summit,Augusta,GA,31149
124513,Taylor,Craig,Jenna,17611 Robbins Mission,Augusta,GA,31027
124730,Acosta,Gary,Curtis,682 Courtney Bypass Apt. 165,Augusta,GA,31083
124731,Melendez,Anna,Ashley,3912 Horn Lakes Suite 585,Augusta,GA,30043
124949,Smith,Douglas,Joy,221 Navarro Shores,Augusta,GA,30258
124950,Hill,Jose,Dominic,55318 Thomas Glen,Augusta,GA,30658
125275,Lopez,Darrell,Emily,6146 Johnson Isle,Augusta,GA,30475
125306,Long,Tammy,Robert,40415 Smith Springs Suite 324,Augusta,GA,30757
125312,House,Lynn,Cynthia,3999 Ricky Via,Augusta,GA,31421
125313,Gregory,Jonathan,Anthony,2639 Robin Bypass,Augusta,GA,31317
125465,Daniels,Mia,Jake,955 Wilson Turnpike Apt. 652,Augusta,GA,30983
125466,Booth,Jeremy,Erin,039 Gutierrez Lock Apt. 266,Augusta,GA,30911
125467,Wilcox,Jillian,Dawn,1290 Bartlett Summit,Augusta,GA,30379
125468,Garcia,Eric,Gregory,658 Henry Crest Suite 954,Augusta,GA,30518
125945,Griffith,Nicholas,Willie,883 Nelson Shoal Suite 006,Augusta,GA,31138
126340,Miller,Lauren,Jennifer,76858 Warren Point,Augusta,GA,31524
126341,Quinn,Rachel,Belinda,534 Jones Court,Augusta,GA,30339
126342,Kramer,Shawn,David,7274 Peterson Pine Apt. 058,Augusta,GA,30541
126343,Long,Amanda,Paula,2822 Sarah Fields,Augusta,GA,30091
126344,Johnson,Thomas,Ashley,79294 Kevin Curve,Augusta,GA,31806
126346,Mcdonald,Nathan,Mark,144 White Avenue,Augusta,GA,31346
126347,Webster,Richard,Cynthia,4767 Thomas Valleys,Augusta,GA,30422
126407,Gill,Courtney,James,75547 Sanchez Mountain,Augusta,GA,31999
126408,Anderson,Matthew,Jeffery,89975 Christopher Island,Augusta,GA,30335
126771,Nelson,Michael,Jennifer,65545 Jaime Run,Augusta,GA,30620
127120,Fowler,Geoffrey,Angela,18410 Garner Lock Suite 722,Augusta,GA,30119
127400,Morse,Edward,David,141 Jay Summit Suite 628,Augusta,GA,30927
127401,Park,Kathryn,Courtney,2213 Lowe Motorway Apt. 586,Augusta,GA,31633
127402,Kramer,Kevin,Lisa,2733 David Track,Augusta,GA,30902
127535,Hamilton,Michael,Jeffrey,33985 Dalton Radial Suite 844,Augusta,GA,30038
127992,Dean,Christy,Henry,814 Thompson Causeway,Augusta,GA,30933
128046,Moreno,Allison,Cheyenne,5953 Braun Drive Apt. 720,Augusta,GA,30173
128047,Hoffman,Andrew,Devon,54310 Jessica Tunnel,Augusta,GA,30737
128048,Moses,Valerie,Stephanie,3609 Ashley Mission Apt. 623,Augusta,GA,30130
128455,Riley,David,Rhonda,4758 Henry Valleys Suite 847,Augusta,GA,31621
128730,Ferguson,Richard,Matthew,0374 Patterson Streets Apt. 273,Augusta,GA,31948
128731,Haney,Claudia,Sara,8829 Doris Crossing,Augusta,GA,30986
128767,Giles,Ryan,Isaiah,011 Dylan Fords,Augusta,GA,31324
128768,Howard,Cory,Nicholas,9839 Kathryn Port,Augusta,GA,30910
128769,Morrison,Cody,Robert,322 Hill Springs,Augusta,GA,30665
128824,Jackson,Valerie,Matthew,60035 Wilkerson Unions,Augusta,GA,30678
129032,Howe,Bridget,Mark,743 Savage Circle Suite 521,Augusta,GA,31148
129260,Hill,Stephen,Latoya,89571 Fuentes Groves,Augusta,GA,30959
129261,Campbell,Richard,Andrew,24549 Tracy Mills Apt. 952,Augusta,GA,30849
129262,Aguirre,Kenneth,Gregory,68782 Underwood Junction,Augusta,GA,30271
129469,Holt,Anna,Tonya,13137 Anthony Walks,Augusta,GA,30771
129757,Rivera,Michael,Johnny,7637 Aimee Ranch,Augusta,GA,31495
130082,Foster,Jennifer,Melissa,95422 Gonzalez Crest Suite 624,Augusta,GA,31663
130195,Scott,Yolanda,Maria,12661 Erica Gateway Apt. 357,Augusta,GA,31143
130552,Moran,Laura,Kendra,990 Parsons Forest,Augusta,GA,31100
130553,Brown,Charles,Deborah,73849 Edward Vista,Augusta,GA,31117
130554,Aguirre,Aaron,Vanessa,483 Smith Loop Suite 154,Augusta,GA,31693
130555,Miranda,Lori,Kevin,0096 Ryan View,Augusta,GA,30882
130738,Hudson,Kelly,Adam,100 David Lights Apt. 381,Augusta,GA,30062
130739,Glenn,Ralph,Lisa,0568 Sandra Valleys,Augusta,GA,30730
130740,Carlson,Erica,Robert,57293 Austin Crest,Augusta,GA,30602
130745,Todd,Mark,Kevin,96406 Katherine Turnpike,Augusta,GA,31757
130746,Hardin,Francis,Norman,6287 Ellison Row,Augusta,GA,31264
131195,Warren,Jason,Reginald,181 Nichole Hollow,Augusta,GA,30058
131269,Flores,David,Tabitha,640 Taylor Passage,Augusta,GA,30443
131324,Espinoza,Elizabeth,Joseph,39435 Heather Grove Suite 540,Augusta,GA,30543
131692,Terry,Michael,James,33361 Ortega Key Suite 080,Augusta,GA,31095
131780,Hamilton,Daniel,Linda,411 Craig Knoll,Augusta,GA,30368
132113,Hernandez,David,Jessica,74389 Chris Union Apt. 564,Augusta,GA,31907
132114,Murphy,Pamela,Dakota,5821 Morales Orchard,Augusta,GA,30654
132115,Underwood,Larry,Donald,1792 Kathryn Ways,Augusta,GA,30807
132116,Hall,Connie,Ronald,090 Andersen Loop Suite 332,Augusta,GA,31339
132296,Pearson,Stephanie,Amanda,5783 Waters Rapid,Augusta,GA,31227
132711,Beard,Teresa,Howard,2185 Curtis Summit,Augusta,GA,31827
132712,Hoffman,Sandra,Jill,974 Keith Course Apt. 064,Augusta,GA,31050
132713,Page,Jeffrey,Brianna,1720 Scott Station Suite 547,Augusta,GA,30037
132714,Cooper,Manuel,John,556 Andre Road Suite 690,Augusta,GA,31117
132715,Bond,David,Andrew,20843 Sanchez Port,Augusta,GA,30170
132716,Gallagher,Elizabeth,Logan,17463 Jessica Mission Apt. 202,Augusta,GA,31172
132717,Esparza,Renee,Christopher,337 Collins Turnpike,Augusta,GA,30768
133031,Doyle,Amanda,Tricia,803 Joyce Fort Apt. 210,Augusta,GA,31230
133393,Castro,Brittany,Jessica,7609 Warner Fords Apt. 948,Augusta,GA,30602
133605,Chambers,Brooke,Katherine,936 Hawkins Inlet Apt. 594,Augusta,GA,31973
133930,Horton,Joseph,Sean,1650 Maureen Stravenue Suite 918,Augusta,GA,30403
134164,Duncan,Elizabeth,Sharon,47180 Yang Harbor,Augusta,GA,31756
134526,Kent,Kevin,Sandra,697 Parker Bridge,Augusta,GA,31554
134700,Trevino,Kimberly,Shelly,51267 Cervantes Harbors Apt. 287,Augusta,GA,30956
134701,Green,Clifford,Sarah,045 Ward Lights,Augusta,GA,31373
134702,Peterson,Teresa,Nicole,845 Chang Road,Augusta,GA,30656
134703,Jones,Lisa,Maria,259 Neal Overpass Apt. 723,Augusta,GA,30712
134737,Levy,Daniel,Danielle,6905 Erika Mount Suite 327,Augusta,GA,30211
135235,Dominguez,Joann,Anna,20046 Pham Isle Suite 954,Augusta,GA,30685
135236,Hall,Jodi,John,650 Jennifer Crescent,Augusta,GA,31150
135336,Sanchez,Lori,Amber,39787 White Greens Apt. 054,Augusta,GA,31739
135337,Charles,Matthew,Joshua,01295 Andrew Underpass Apt. 921,Augusta,GA,30286
135504,Hernandez,Jacob,Paul,5903 Michael Trail Suite 519,Augusta,GA,31385
135505,Jennings,Michael,Robert,423 Caroline View Apt. 599,Augusta,GA,31147
135506,Garrett,Cody,Gabriel,4726 Ward Island Apt. 425,Augusta,GA,30917
135507,Townsend,Neil,Nathaniel,63329 Riddle Meadow Apt. 052,Augusta,GA,30064
135508,Alexander,Tanya,Ashley,64936 Monica Ridges,Augusta,GA,30470
135638,Powell,Sherry,Maureen,666 Kyle Expressway Suite 189,Augusta,GA,30921
135904,Moore,Miranda,Jeremy,0757 Romero Forges,Augusta,GA,30640
136152,Bradley,Anthony,Heather,50496 Renee Forges Suite 249,Augusta,GA,31643
136176,Spencer,Kelli,Rachel,757 Anthony Rapid Suite 654,Augusta,GA,31634
136177,Thomas,Susan,Jorge,3277 Jillian Village,Augusta,GA,31520
136432,Ortiz,Alisha,Hannah,44223 Anderson Key Apt. 992,Augusta,GA,30123
136903,Garcia,Whitney,Johnny,2049 Rodriguez Green Suite 988,Augusta,GA,31282
137140,Green,Daniel,Angela,56975 David Manor,Augusta,GA,31945
137141,Contreras,Brittany,Monique,200 Paul Lakes Apt. 558,Augusta,GA,31214
137142,Daugherty,Martha,Lindsey,119 Jason Row Suite 201,Augusta,GA,31884
137143,Johnson,Michael,Nicole,3511 Joshua Shoals,Augusta,GA,31506
137144,Beltran,Jason,Melanie,30846 Susan Cove Suite 548,Augusta,GA,30479
137432,Jimenez,Jason,Brett,6101 Rivera Road,Augusta,GA,30580
137433,Ponce,Corey,Nancy,116 Hernandez Islands Apt. 232,Augusta,GA,30082
137434,Klein,Brian,Thomas,3391 Thompson Hill,Augusta,GA,30209
137866,Cole,James,Debra,3729 Marisa Lodge Suite 646,Augusta,GA,30343
138031,Anderson,Candace,Tracy,594 Kevin Ways,Augusta,GA,31985
138318,Whitney,Jason,Jeffrey,50609 Kara Center Suite 947,Augusta,GA,30680
138319,Schneider,Rachel,Patrick,0500 Valdez Spring Apt. 908,Augusta,GA,31292
138719,Garcia,Ashley,Amber,964 Daniel Crossing,Augusta,GA,31768
139030,Moore,John,Timothy,3088 Rosales Well Apt. 267,Augusta,GA,30136
139356,Sanchez,Morgan,Whitney,7649 Andrea Plaza,Augusta,GA,31429
139357,Beck,Eric,Trevor,46977 Rivera Route,Augusta,GA,31781
139358,Patel,Megan,Kent,4386 Carter Light,Augusta,GA,30661
139735,Paul,Tonya,Maria,4313 Hahn Estates,Augusta,GA,30647
139848,Lewis,Laura,Michelle,8561 Gonzales Court,Augusta,GA,30342
140229,Fowler,Lindsey,Lisa,66309 Kristin Mall Suite 566,Augusta,GA,30084
140293,Adams,Thomas,Stephanie,02983 Rachel Stream,Augusta,GA,30681
140355,Coleman,William,Sarah,14293 Dennis Stravenue Apt. 744,Augusta,GA,31492
140702,Fox,Parker,Lindsey,20865 Tiffany Island,Augusta,GA,30054
140703,Farley,Nancy,Jennifer,6067 Martin Forge,Augusta,GA,31293
140970,Rodriguez,Amy,Cody,865 Hall Ranch,Augusta,GA,30122
141091,Flores,Emily,Joshua,992 Stephen Brooks,Augusta,GA,30980
141092,Gomez,Ryan,Glenn,63498 Brian Burg,Augusta,GA,31173
141093,Mack,Elizabeth,Mike,9448 Gamble Curve Apt. 781,Augusta,GA,31687
141353,Quinn,Vanessa,Frank,84554 April Circles Suite 196,Augusta,GA,30941
141354,Tyler,Julie,Jennifer,2680 Simmons Haven,Augusta,GA,30289
141804,Miller,Cynthia,Scott,380 Sean Stream Suite 288,Augusta,GA,30070
141805,Ball,Sara,Angela,85462 James Hills Apt. 740,Augusta,GA,30087
141806,Patterson,Andrea,Stacey,156 Nancy Grove,Augusta,GA,31576
141807,Morales,Michael,Eric,3066 Rivera Fields,Augusta,GA,31033
141808,Espinoza,Joel,Brenda,3342 Shannon Cape,Augusta,GA,30161
142199,Carney,Randy,Roberto,94409 Kenneth Light,Augusta,GA,30232
142200,Austin,Leah,Michael,3990 Michael Mountain Apt. 441,Augusta,GA,31582
142201,Smith,Mia,Carrie,3786 Mcmahon Drives,Augusta,GA,30009
142472,Warren,Charles,Robert,219 Gibson Fields Suite 602,Augusta,GA,30513
142707,Werner,Amanda,Megan,071 Carter Mountain Suite 791,Augusta,GA,31336
142708,Parker,Karen,Tina,7275 Jonathan Port Apt. 928,Augusta,GA,30586
142709,Rios,Gregory,Adam,742 Margaret Mews Suite 460,Augusta,GA,31437
143125,Buck,Brandon,Rodney,67931 Shepard Extensions,Augusta,GA,30972
143126,Obrien,Carl,John,2333 Bryan Mission,Augusta,GA,31001
143198,Rivera,Debbie,Bryan,36407 Marsh Courts,Augusta,GA,31138
143620,Hernandez,Mitchell,Lucas,993 Mills Estate,Augusta,GA,30380
143621,Gomez,Craig,Robert,482 Nathan Locks Apt. 206,Augusta,GA,31927
143642,Hansen,Ariana,Sarah,00003 Rodriguez Street Apt. 447,Augusta,GA,30119
143819,Villegas,Daniel,Jesus,912 Mitchell Turnpike Suite 501,Augusta,GA,30837
143954,Carter,Victoria,Michael,75331 Reed Shore,Augusta,GA,30150
143955,Martin,Dana,Jesus,8605 Steven Port,Augusta,GA,30414
143956,Mccarty,William,Robin,9559 Lisa Manors,Augusta,GA,31541
143957,Blackwell,Jessica,Leslie,3256 Mann Haven Apt. 316,Augusta,GA,31718
143958,Clark,James,Matthew,119 Michael Expressway Suite 765,Augusta,GA,30615
143959,Michael,Keith,Marco,2726 Stewart Burgs,Augusta,GA,31907
144076,Beasley,Dustin,Michael,45901 Salas Plaza,Augusta,GA,31791
144077,Fowler,Jerry,Spencer,13393 Watson Hills,Augusta,GA,31423
144576,Ramirez,Erika,Matthew,2616 Donna Mountains,Augusta,GA,31100
144577,Lambert,Lee,Nicholas,7038 Emily Lane,Augusta,GA,30204
144578,Ortiz,Melissa,Bailey,608 Ashley Expressway Apt. 727,Augusta,GA,30392
144579,Smith,Katie,Sarah,6475 Kathleen Ports Apt. 777,Augusta,GA,30548
144953,Coleman,Kathryn,Tara,567 Catherine Brooks,Augusta,GA,31096
144959,Burton,James,Ashley,24882 Harrell Road Apt. 463,Augusta,GA,30129
145234,Jensen,Mike,Randy,714 Howard Walk Suite 656,Augusta,GA,31376
145235,Green,Jared,Stephen,50663 Rollins Run,Augusta,GA,31290
145725,Barry,Heather,Elizabeth,03413 Huynh Ford Apt. 396,Augusta,GA,31306
145726,Nguyen,Rachel,Tiffany,870 Todd Road,Augusta,GA,30136
145727,Smith,Megan,Jenny,825 Taylor Trail,Augusta,GA,30663
145728,Powell,Jean,Michael,2973 Duran Run Suite 705,Augusta,GA,31829
145729,Conner,Travis,Connie,5711 Banks Hill Suite 571,Augusta,GA,30710
145730,Shelton,Teresa,Robert,8505 Stephanie Mountains,Augusta,GA,31936
145731,Gordon,Ronald,Gabrielle,8839 Gina Parkways,Augusta,GA,30830
145732,Wilson,Brian,Lucas,2890 Wright Groves,Augusta,GA,31257
145754,Navarro,Ruth,Jeffrey,37334 Lopez Ports,Augusta,GA,31468
146168,Nguyen,Bryan,Patrick,936 Todd Hollow,Augusta,GA,31260
146169,Miller,Julia,Katrina,00517 Collins Lane Suite 385,Augusta,GA,31088
146216,Middleton,Daniel,Courtney,1829 Bishop Radial Suite 854,Augusta,GA,31094
146217,Hernandez,Derrick,Susan,40385 Hansen Ways,Augusta,GA,31518
146339,Garcia,Joyce,Wesley,38606 Lawrence Points Apt. 115,Augusta,GA,30851
146717,Patel,Deborah,Trevor,994 Kramer Lakes,Augusta,GA,30201
146857,Conley,Jennifer,Matthew,2840 Stephanie Falls Suite 482,Augusta,GA,30328
146866,Vargas,Erica,Sarah,0185 Patterson Forks,Augusta,GA,31891
147329,Rodriguez,Robert,Julia,997 Johnson Plain,Augusta,GA,30982
147330,Wilson,Lori,Shari,95092 Bates Falls Suite 736,Augusta,GA,31698
147624,Morgan,Stacey,Jasmine,5973 Butler Streets,Augusta,GA,31602
147859,Johnston,Russell,Timothy,0307 Erik Estates,Augusta,GA,31064
148067,Lewis,Joy,Glenda,80262 Robert Isle Apt. 701,Augusta,GA,30225
148068,Gonzalez,Daniel,Tara,102 Giles Prairie,Augusta,GA,31075
148069,Durham,Dustin,Vanessa,993 Ramirez Curve Suite 253,Augusta,GA,30489
148419,Martinez,Christine,Phillip,92904 Mackenzie Meadow Apt. 234,Augusta,GA,30157
148811,Wade,Andrew,Shannon,734 Jennifer Overpass Suite 590,Augusta,GA,31347
149240,Johnson,Darin,Carolyn,78043 Sarah Village Suite 840,Augusta,GA,31940
149301,Myers,Heather,John,0910 Jeffery Knoll,Augusta,GA,31225
149603,Bowen,Amanda,Joshua,77739 Kelsey Plaza,Augusta,GA,30373
149604,Schwartz,Lindsay,Martha,46432 Gina Route,Augusta,GA,30432
149605,Collins,Kimberly,Michelle,742 Daniel Flats,Augusta,GA,31676
149606,Montgomery,John,David,9715 Stephens Alley,Augusta,GA,30840
149687,Newman,Ashley,David,658 Michelle Ford,Augusta,GA,31898
149838,Howard,Christine,Lisa,9708 Harris Ville,Augusta,GA,30335
150093,Johnson,Margaret,Mindy,964 Jeffrey Brook,Augusta,GA,30974
150094,Wilson,Jennifer,Sean,0954 Alexis Burg Suite 021,Augusta,GA,30113
150095,Cooke,Larry,Charles,39905 Munoz Turnpike,Augusta,GA,31246
150119,Ford,Amanda,Emily,649 John Keys Suite 263,Augusta,GA,30810
150120,Brown,Anthony,Olivia,2906 Wright Canyon,Augusta,GA,31255
150587,Thompson,Shaun,Caitlin,546 William Forges,Augusta,GA,30549
150624,Baker,Megan,Barbara,45844 Washington Squares Apt. 632,Augusta,GA,31403
150625,Galloway,Erika,Jason,877 Clark Plains Suite 513,Augusta,GA,31258
150626,Woods,Sara,Karen,13865 Christopher Hill,Augusta,GA,31476
150627,Simpson,Nicole,Brian,9728 Tina Causeway Suite 933,Augusta,GA,31975
150952,Watkins,Erica,Justin,6529 Bryant Mall Apt. 305,Augusta,GA,30945
151090,Gallegos,Shawn,Wendy,9240 Alexandria Green Apt. 171,Augusta,GA,31951
151098,Schmidt,Julie,Monica,103 Michael Way Apt. 553,Augusta,GA,30635
151584,Lee,Danielle,Katherine,644 Adams Road,Augusta,GA,30119
151855,Smith,Sarah,Stephanie,80829 Dorsey Extensions,Augusta,GA,30329
151954,Silva,Shelby,Veronica,483 Wilson Fords Apt. 224,Augusta,GA,31057
151955,Woods,Sean,James,77283 Price Forge,Augusta,GA,30714
152036,Wong,Steven,David,7639 Jonathan Pike Apt. 790,Augusta,GA,30845
152037,Howell,Sharon,Anthony,10450 Boone Cove Suite 653,Augusta,GA,31421
152506,Morse,Krista,Frank,5782 Jill Haven Suite 912,Augusta,GA,31612
152507,Torres,Amanda,Denise,695 Nancy Park Apt. 122,Augusta,GA,31362
152508,Scott,Nicole,Leah,55833 Tiffany Passage,Augusta,GA,31368
152833,Lee,Tracy,Nathan,7378 Park Forks Apt. 876,Augusta,GA,31273
152834,Chase,Joseph,Christopher,378 Brian Ferry,Augusta,GA,31078
152835,Burgess,David,John,055 Collins Turnpike,Augusta,GA,30675
152931,Cunningham,Marcus,Kevin,79595 Davis Summit Apt. 028,Augusta,GA,31158
153226,Richardson,Pamela,Andrew,466 Flowers Neck,Augusta,GA,30122
153608,Gallagher,Joe,Holly,5011 Lawrence Port Apt. 049,Augusta,GA,31585
153609,Baker,Lisa,Melissa,858 Madeline Dam,Augusta,GA,31263
153695,West,Nicholas,Victoria,46554 Rivera Valleys,Augusta,GA,31327
154172,Rivers,Crystal,Andre,51238 Timothy Prairie Apt. 778,Augusta,GA,30302
154655,Santos,Melissa,Christopher,6858 Bradley Brooks,Augusta,GA,30564
154880,Salazar,Heather,Jeffrey,969 Stephanie Shores,Augusta,GA,30104
154928,Yang,Sara,Sherri,91103 Eric Junction,Augusta,GA,30834
154929,Rose,Ricky,Mike,6185 Charles Causeway,Augusta,GA,30603
155034,Evans,Barry,Nicole,5427 Webster Run,Augusta,GA,31509
155259,Sanchez,David,Erik,820 Andre Drives Apt. 590,Augusta,GA,30176
155559,Gordon,Jonathan,David,1604 Perry Island Suite 400,Augusta,GA,31011
155560,Cortez,David,Antonio,18338 Hamilton Unions Suite 799,Augusta,GA,31828
155925,Barnes,James,Mary,2430 Clay Plains,Augusta,GA,30695
155926,Lewis,Kelly,David,21811 David Lane Suite 071,Augusta,GA,30391
155927,Lawson,Charlotte,Anna,09744 Rhonda Pass,Augusta,GA,31226
155970,Long,Leslie,Garrett,2090 Robinson Green,Augusta,GA,30529
155971,Cole,Rachel,Sandra,986 Turner Mills Apt. 986,Augusta,GA,30217
155972,Barnes,James,Judy,081 Jennifer Knolls,Augusta,GA,30412
155973,Higgins,Mark,Daniel,4469 Reyes Drives Apt. 012,Augusta,GA,30087
155974,Stewart,Cathy,Alyssa,60586 Forbes Rapid Suite 949,Augusta,GA,31206
155975,Rodriguez,Glenn,George,2914 Torres Mews Apt. 738,Augusta,GA,31749
155976,Mitchell,James,Karen,65659 Kirby Island Apt. 019,Augusta,GA,31032
156053,Graves,Stephanie,Robert,3555 Thomas Junction Apt. 454,Augusta,GA,31305
156054,Campbell,Edwin,Brenda,134 Garrett Curve,Augusta,GA,31634
156055,Mitchell,Dillon,Joshua,55170 Hernandez Oval,Augusta,GA,30444
156056,Perez,Christopher,Jose,6598 Christopher Crest Apt. 641,Augusta,GA,31730
156080,Daniels,Jenna,Keith,763 Hill Groves,Augusta,GA,31805
156081,Larsen,Karen,Gregg,46657 Emily Ville,Augusta,GA,31738
156082,Hansen,Frederick,Jaime,0205 Mitchell Throughway Suite 520,Augusta,GA,31186
156187,Phillips,Anthony,Scott,7107 Perez Crossroad,Augusta,GA,31212
156547,Rollins,Sean,Deborah,684 Kennedy Island Suite 111,Augusta,GA,31973
156813,Jones,John,Roger,708 Donald Underpass,Augusta,GA,31913
157202,Sandoval,Megan,Felicia,523 Myers Court,Augusta,GA,30749
157203,Moore,Collin,Jennifer,14442 Philip Station Apt. 469,Augusta,GA,30230
157204,Phillips,Amber,Patrick,73470 Lindsey Creek Apt. 562,Augusta,GA,30612
157205,Rollins,Dakota,Latoya,4264 Green Manor Suite 976,Augusta,GA,30488
157538,Padilla,Harry,Shawn,92244 Rodriguez Creek,Augusta,GA,30009
157955,Gonzalez,Cameron,Haley,9761 Jonathan Squares,Augusta,GA,30400
158038,Hall,Lee,Hector,03107 Kristopher Parkways,Augusta,GA,30730
158039,Baldwin,Crystal,Ernest,889 Shawn Flats,Augusta,GA,31975
158083,Pittman,Alyssa,Christine,726 Gerald View Apt. 592,Augusta,GA,31255
158084,Jenkins,Margaret,Michael,643 Russell Mall Apt. 710,Augusta,GA,31403
158304,Cohen,Thomas,Austin,7949 Bruce Cliff Suite 243,Augusta,GA,31365
158537,Miller,Shelly,James,4189 Andrew Curve Apt. 162,Augusta,GA,31448
158801,Ayala,Julie,Rebekah,33791 Michele Pass Suite 279,Augusta,GA,30768
158872,Wright,Daniel,Todd,3679 Kristen Viaduct,Augusta,GA,30791
158873,Williams,Kristi,Wesley,21813 Paul Ford Apt. 632,Augusta,GA,31461
158874,Hall,Christina,Kevin,446 Allen Way,Augusta,GA,30499
158875,Warner,Robert,Courtney,4320 Ortega Shores,Augusta,GA,31239
159284,Russo,Felicia,Kelly,02835 Cantu Forks Apt. 278,Augusta,GA,31261
159285,Shea,Douglas,Andrew,2039 Clark Alley,Augusta,GA,31595
159286,Powell,Amber,Jorge,7072 Tricia Ridges,Augusta,GA,31970
159315,Gomez,Mark,Bruce,016 Clark Junction,Augusta,GA,30481
159626,Cook,Timothy,Philip,61770 Gonzalez Flat,Augusta,GA,30465
159916,Parker,Zachary,Christopher,2001 Troy Court Apt. 365,Augusta,GA,30562
159917,Brown,Catherine,Vincent,851 Wise Brooks Suite 006,Augusta,GA,30715
160329,Smith,Ashlee,Wendy,28992 Mcdaniel Village,Augusta,GA,30942
160817,Taylor,Joseph,Jacob,321 Cole Key,Augusta,GA,31332
160818,Smith,James,Jacqueline,42907 Madden Prairie,Augusta,GA,30217
160833,Burton,Tamara,Joseph,6553 Bates Overpass Apt. 004,Augusta,GA,31773
160925,Dyer,Tammy,Eric,6302 Thompson Vista Suite 494,Augusta,GA,30039
161092,Barber,Susan,Daniel,585 Jennifer Well Apt. 408,Augusta,GA,30341
161475,Edwards,Abigail,Jason,3658 Salas Isle Suite 643,Augusta,GA,31326
161476,Herrera,Daniel,Joshua,7287 Jonathan Estates,Augusta,GA,30243
161919,Adams,Andrea,Matthew,57193 Beck Greens,Augusta,GA,30105
161920,Smith,Margaret,Amber,0890 Allen Spur Suite 426,Augusta,GA,30056
162092,Robinson,Roberto,Donna,415 Ruben Creek,Augusta,GA,30435
162093,Garcia,Krista,Sierra,83438 Joshua Village Apt. 397,Augusta,GA,30488
162560,Jones,Michael,Kathleen,230 Norman Squares Suite 936,Augusta,GA,31522
162562,Taylor,Michael,Laura,1375 Curry Mall,Augusta,GA,30522
162563,Thompson,Susan,Sarah,0190 Petersen Orchard Suite 971,Augusta,GA,30413
162564,Glenn,Brandon,Paul,8952 Hernandez Stream Suite 145,Augusta,GA,30818
163048,Davila,Michele,Brenda,445 Anne Creek Apt. 715,Augusta,GA,31770
163297,Walker,Kristin,Gary,887 Todd Curve,Augusta,GA,30970
163298,Olson,Jessica,Michael,21567 Dean Lodge,Augusta,GA,30074
163299,Garza,Louis,Ernest,271 Morrow Views,Augusta,GA,31823
163300,Dean,Amanda,Chelsea,98978 Raymond Lane Suite 579,Augusta,GA,31349
163751,Horn,Teresa,Luis,27772 Joyce Squares Apt. 529,Augusta,GA,31057
163752,White,Deborah,Scott,672 Tonya Pines,Augusta,GA,30547
163753,Carter,Cody,Andrew,0470 Campos Prairie Suite 768,Augusta,GA,30565
163754,Howell,Nancy,Charles,34582 Perez Passage,Augusta,GA,30181
163755,Johnson,Michael,Henry,0259 Kevin Lights Suite 775,Augusta,GA,31477
163756,Horn,Sheila,John,9296 Cook Islands Suite 271,Augusta,GA,31335
163757,Watts,Patrick,Anthony,40049 Melissa Rapid Apt. 855,Augusta,GA,31790
163758,Bell,Christopher,Kelsey,20185 Laura Street Suite 259,Augusta,GA,31856
163759,Schneider,Brittney,Samuel,6671 Scott Springs Apt. 517,Augusta,GA,31924
164105,Cook,Allison,Rebecca,902 Mclean View,Augusta,GA,31876
164321,Sullivan,Stephanie,Brian,2749 Delgado Island,Augusta,GA,31592
164790,Evans,Craig,Sonya,76453 Nathan Ridge Apt. 364,Augusta,GA,30349
164791,Johnson,Kristin,Christina,729 Phillips Via Suite 595,Augusta,GA,30770
164792,Burke,Jacqueline,Michele,163 Hayley Fords Suite 583,Augusta,GA,31141
164793,Goodman,Theresa,Karen,12245 Kimberly Viaduct Apt. 998,Augusta,GA,30769
165003,Martin,Steven,Melanie,5469 Boyd Manor Suite 430,Augusta,GA,30853
165225,Carter,Marilyn,Wendy,5592 Parker Mount Apt. 834,Augusta,GA,30175
165468,Ellis,John,Frank,089 Tamara Stravenue Suite 340,Augusta,GA,31835
165939,Welch,Michael,Donna,1318 Williams Loaf Suite 328,Augusta,GA,30204
166271,Reed,Angela,Hannah,862 Molina Brook,Augusta,GA,30563
166272,King,Christopher,Shannon,0609 James Alley Apt. 138,Augusta,GA,31316
166415,Foster,Richard,Leslie,351 Harry Underpass,Augusta,GA,30483
166428,Bush,Alicia,Carrie,838 Merritt Passage Suite 719,Augusta,GA,30001
166429,Pearson,Robert,Christopher,005 Theresa Gateway Suite 805,Augusta,GA,31123
166875,Bentley,Ashley,Logan,15766 Peterson Roads,Augusta,GA,30096
166876,Ingram,Shane,Amy,5076 Michael Unions,Augusta,GA,30953
167243,Allen,Beverly,Sheryl,938 John Ways,Augusta,GA,30184
167638,Lawson,Robert,Scott,910 Leon Centers Apt. 207,Augusta,GA,30275
167639,Lee,Dylan,Nicole,28031 Amanda Avenue,Augusta,GA,30408
167950,Morales,Dana,Jill,907 Nelson Brooks Suite 273,Augusta,GA,30152
168038,Lee,Anthony,Kristen,62698 Collins Loop Suite 816,Augusta,GA,31718
168039,Stevenson,Christopher,Sara,746 Walters Knolls,Augusta,GA,31656
168511,Schaefer,William,John,34466 Campbell Burg Apt. 297,Augusta,GA,30419
168570,Hart,Angela,Elizabeth,98700 Gloria Forks Apt. 832,Augusta,GA,30869
168645,Carroll,Debra,Katrina,349 Carter Drive,Augusta,GA,31408
168646,Scott,Amy,Robert,082 Lawrence Forges,Augusta,GA,30541
169097,Herman,Lauren,Melissa,917 Ryan Forge,Augusta,GA,30063
169469,Kelly,Robert,Angela,448 Bradford Junction Suite 005,Augusta,GA,31470
169470,Martinez,Megan,Michael,5822 Ralph Gardens Apt. 234,Augusta,GA,30564
169754,Marshall,Jennifer,Jeremy,239 Levy Isle,Augusta,GA,31708
170105,Mccormick,Ashley,James,743 Ortiz Mews,Augusta,GA,30126
170106,James,Steven,Lisa,27876 David Union Apt. 710,Augusta,GA,30141
170107,Medina,Sarah,Patricia,150 Theodore Cliffs Apt. 440,Augusta,GA,30455
170422,Rubio,Sarah,Dana,0075 Williams Path,Augusta,GA,30033
170439,Conrad,Andrea,John,37020 Shawn Freeway,Augusta,GA,31828
170644,Kennedy,Theresa,Monica,869 Wolf Garden Apt. 146,Augusta,GA,30991
170645,Myers,Henry,Stephanie,403 Jerry Avenue Apt. 651,Augusta,GA,31018
170646,Smith,Michael,Donna,9432 King Corners,Augusta,GA,31955
170647,Norton,Lauren,Victoria,159 Christian Meadow Suite 766,Augusta,GA,31446
170648,Haas,Jon,Kristen,889 Cochran Ville,Augusta,GA,30039
170719,Stewart,Ricardo,Jessica,50003 Harris Ford Apt. 399,Augusta,GA,31891
171181,Lopez,Andrea,Joshua,726 Michael Fall,Augusta,GA,31201
171182,Mendoza,Adrian,Joseph,697 Harris Land,Augusta,GA,30990
171579,Calhoun,Michael,Amy,4479 Joanna Causeway Apt. 468,Augusta,GA,31331
171756,Day,Wanda,Virginia,9805 Wilkins Lake,Augusta,GA,31098
171757,Rivera,Brittany,Bryan,76744 Rachel Way,Augusta,GA,30523
172137,Davis,Martha,Joel,27615 Clayton Well Apt. 167,Augusta,GA,30791
172589,Thompson,Tyler,Angel,5932 Gordon Hill,Augusta,GA,30550
172790,Garcia,Peter,Katherine,45396 Davis Road Suite 031,Augusta,GA,31723
172948,Curtis,Virginia,Daniel,0419 Clark Landing Apt. 271,Augusta,GA,31106
172949,Bennett,Kristen,William,3252 Heidi Hills,Augusta,GA,30893
172950,Perry,Melissa,James,2377 Phillip Ways,Augusta,GA,30537
172951,Lewis,Brenda,Jacob,16340 Michael Pines,Augusta,GA,30451
172952,Knight,Anthony,Molly,21753 Heather Spur,Augusta,GA,30549
172953,Velasquez,Christopher,Diana,4598 Rebecca Garden Apt. 662,Augusta,GA,31224
172954,Grimes,Julia,Jeffrey,6006 Ramirez Valley Apt. 610,Augusta,GA,30232
173015,Elliott,Justin,Andrew,982 Davis Ville Apt. 906,Augusta,GA,30421
173016,Wright,Lisa,Aaron,337 Ryan Squares,Augusta,GA,31877
173206,Bailey,Elizabeth,Cheryl,6976 Morrow Avenue Apt. 366,Augusta,GA,31942
173207,Anderson,Melinda,Tracy,880 Cain Field Apt. 652,Augusta,GA,30238
173208,Valdez,Julia,Rhonda,2393 Rodriguez Trail Apt. 402,Augusta,GA,31204
173209,Turner,Marcus,William,725 John Spring Suite 305,Augusta,GA,31056
173210,Wall,Savannah,Sherry,9014 Scott Harbor Suite 181,Augusta,GA,31218
173211,Taylor,Brenda,Tracey,028 Barker Court,Augusta,GA,30156
173575,Buchanan,Katelyn,Maria,48743 Kenneth Keys Apt. 675,Augusta,GA,30524
173576,Dunlap,Caitlin,Dustin,4235 Ann Way,Augusta,GA,31877
173665,Rodriguez,Matthew,Christina,420 Smith Ville,Augusta,GA,30162
173694,Parker,Ebony,Ronald,98196 Howard Ports Suite 176,Augusta,GA,31839
174025,Rodriguez,Samuel,Kevin,69296 Devin Path Apt. 335,Augusta,GA,30611
174146,Moody,Laura,Travis,4468 Matthews Haven,Augusta,GA,30873
174147,Smith,Jennifer,Christian,830 Reilly Ramp Apt. 141,Augusta,GA,31188
174575,James,Jennifer,Nichole,04257 Jason Knoll Apt. 227,Augusta,GA,30436
174907,Snyder,Jack,Mark,41788 Roger Summit,Augusta,GA,30491
174908,West,Amanda,Felicia,4991 Bell Corners,Augusta,GA,30379
175186,Jones,Ryan,Matthew,25481 Matthew Road Apt. 205,Augusta,GA,30626
175187,Barton,John,Justin,481 Jamie Squares,Augusta,GA,31170
175188,Huber,Andrew,Shannon,8758 Webb Groves Apt. 631,Augusta,GA,30172
175391,Bell,Christopher,Heather,57058 Kevin Ports Apt. 202,Augusta,GA,31130
175440,Hill,Richard,Johnathan,57520 Hernandez Groves,Augusta,GA,30458
175441,Prince,Jessica,William,167 Russell Loop Apt. 034,Augusta,GA,30012
175515,Hall,Meagan,Gloria,62369 Renee Brook,Augusta,GA,31834
175516,Johnson,Jacqueline,Joshua,631 Andrew Forge Apt. 581,Augusta,GA,31881
175517,Patel,Jeremy,Amber,7899 Elliott Mountain Apt. 918,Augusta,GA,31961
175535,Kelley,Brittney,Mariah,9673 Marcus Mews,Augusta,GA,31399
175895,Lawrence,Vanessa,Troy,149 Anderson Haven,Augusta,GA,30391
176373,Schwartz,Anthony,Jocelyn,350 Raymond Motorway Suite 164,Augusta,GA,30124
176552,Nelson,Donald,Becky,3805 Everett Burgs,Augusta,GA,30487
176553,Jones,Donna,Tracy,817 Harrison Brooks,Augusta,GA,30329
176671,Farrell,Gregory,Samuel,64807 Wanda Vista Suite 126,Augusta,GA,31176
176672,Conway,Daniel,Monica,4811 Coleman Summit Suite 325,Augusta,GA,31902
176927,Jones,Andrew,Haley,1238 Brown Haven,Augusta,GA,30016
177403,Wang,Charles,Candace,8880 Kristina Crescent,Augusta,GA,30393
177444,Brown,Robert,Chelsea,5960 Herrera Landing,Augusta,GA,30966
177445,Joseph,Stacy,Monica,4324 Angelica Court,Augusta,GA,31406
177940,Andrade,Danielle,Jim,08221 Paul Views Apt. 773,Augusta,GA,30477
178060,Jones,Dennis,Kathy,4488 Dunn Wells,Augusta,GA,31387
178442,Schaefer,Randy,Jonathan,1917 David Lakes Apt. 646,Augusta,GA,30369
178588,Parker,William,Brenda,482 Lee Mews,Augusta,GA,31297
178589,Contreras,Rebecca,Hannah,419 Adkins Square Suite 150,Augusta,GA,30340
178772,Thompson,Matthew,Matthew,55605 Mary Prairie,Augusta,GA,30718
179109,Pearson,Brooke,Dustin,987 Meghan Mission,Augusta,GA,30776
179332,Olson,Kyle,Jessica,65076 Catherine Village Suite 313,Augusta,GA,30261
179832,Dennis,Robert,Courtney,545 Moses Alley Apt. 546,Augusta,GA,31404
179833,Lane,Paul,Becky,149 Marilyn Viaduct,Augusta,GA,30600
180297,Mckinney,Nicholas,Isaiah,918 Cook Isle Apt. 927,Augusta,GA,31792
180298,Allen,Corey,Jackie,925 Jody Freeway,Augusta,GA,30331
180299,Miller,Jill,Timothy,950 Michelle Crescent,Augusta,GA,30209
180776,Archer,Timothy,Maria,549 John Groves Apt. 808,Augusta,GA,31014
180777,Pollard,Adam,William,25778 Kim Lodge,Augusta,GA,30328
180978,Cantu,Kimberly,Suzanne,57217 Steven Villages Apt. 079,Augusta,GA,31706
180979,Miller,Ashley,Melissa,90106 Cooper Landing Suite 791,Augusta,GA,30123
181238,Lee,Molly,Gregory,6829 Jessica Dam,Augusta,GA,31428
181359,Arroyo,Gabrielle,Richard,833 Danny Ville,Augusta,GA,31576
181360,Miller,Benjamin,Diana,51525 Brianna Causeway Suite 192,Augusta,GA,31911
181603,Stanley,Brianna,Makayla,275 Paige Cape,Augusta,GA,31412
181604,Jackson,Joshua,Stephanie,49645 Jessica Mountains Suite 243,Augusta,GA,31785
181605,Smith,Tracy,Kyle,15398 Paul Shoal Suite 124,Augusta,GA,31735
181654,Garcia,Gary,Melissa,6638 Jessica Meadow Suite 476,Augusta,GA,31543
182027,Jenkins,Richard,Raymond,45805 Murphy Club,Augusta,GA,31260
182028,Andrews,Maureen,Cheryl,3043 Garcia Lights,Augusta,GA,30859
182029,Hill,Kimberly,Alexis,018 Bryan Fork Apt. 341,Augusta,GA,30172
182035,Cline,Jeffrey,Carl,56657 Christina Rest Apt. 363,Augusta,GA,31562
182036,Choi,Charles,Joshua,476 Omar Cove,Augusta,GA,31661
182037,Russell,Caleb,Luis,229 John Square Apt. 403,Augusta,GA,30356
182418,Graham,Michelle,Audrey,179 Ebony Row Suite 901,Augusta,GA,31984
182419,Jackson,Heather,Kendra,64211 Hartman Brook Suite 226,Augusta,GA,30311
182880,Young,Daniel,Edward,5991 Kathleen Valleys,Augusta,GA,30790
182881,Johnson,Ricky,Joseph,888 Jamie Street Apt. 503,Augusta,GA,31028
182999,Lucas,Marie,Karla,194 Paul Ports,Augusta,GA,31901
183000,Marsh,Shelly,Ralph,3720 Jacob Dam,Augusta,GA,31144
183109,Adams,Samuel,Jacob,44618 Watson Court Apt. 243,Augusta,GA,30905
183426,Oneal,Brittany,James,93346 Payne Terrace Apt. 497,Augusta,GA,31273
183726,Gilbert,Dillon,Tina,05176 Taylor Bypass Suite 339,Augusta,GA,31107
184151,Cameron,Nichole,Kathleen,37388 Bowman Via Suite 871,Augusta,GA,30073
184152,Clarke,Nicole,Kristina,87241 Stephanie Isle,Augusta,GA,30083
184153,Campbell,Robin,Briana,568 Andrews Prairie,Augusta,GA,30591
184154,Jones,Susan,Michael,18689 Meagan Isle,Augusta,GA,31836
184155,Patterson,Stephen,Matthew,716 Manning Field Apt. 257,Augusta,GA,31920
184156,Harding,Michael,Shawn,0755 Michael Roads Apt. 315,Augusta,GA,30874
184264,Jackson,James,Pedro,9526 Ashley Ville Apt. 107,Augusta,GA,30044
184265,Hahn,Vincent,Jeffrey,556 Nguyen Ramp Apt. 144,Augusta,GA,31547
184321,Barrett,David,James,7221 Eric Lodge Suite 079,Augusta,GA,30613
184583,James,Gregory,Michelle,9284 Orozco Views Suite 864,Augusta,GA,31604
184676,Glover,Diana,Alvin,9763 Sonia Summit,Augusta,GA,30504
184677,Christensen,Raymond,Rachael,344 Samantha Parkway Suite 309,Augusta,GA,30618
184809,Collins,Travis,Kenneth,5102 Trujillo Shores Apt. 346,Augusta,GA,31219
185100,Burns,Danielle,Robert,517 Lee Mountain,Augusta,GA,30816
185101,Simpson,Jonathan,Madison,5949 Ashley Rapids,Augusta,GA,30129
185349,Lee,Jonathon,Alan,6582 Hodges Club Suite 355,Augusta,GA,30580
185350,Miller,Melissa,Christopher,42232 Jesse Glens Apt. 816,Augusta,GA,30581
185559,Austin,Kristin,Kimberly,1820 Gilbert Ferry,Augusta,GA,31959
185560,Patterson,Justin,Lauren,1241 Shannon Stravenue Suite 795,Augusta,GA,31131
185806,Young,Johnny,Thomas,1230 Wells Shoals,Augusta,GA,31633
185924,Little,Michael,Crystal,4308 Davis Estates Suite 529,Augusta,GA,31096
186110,Kim,Jennifer,Elizabeth,2164 Williams Plains,Augusta,GA,30673
186111,Wagner,Blake,William,092 Lambert Stream Suite 779,Augusta,GA,31017
186112,Evans,Trevor,David,36036 Chris Forest,Augusta,GA,30591
186113,Madden,Zachary,Amy,621 Samantha Meadows,Augusta,GA,31192
186194,Allen,Larry,Alex,975 Brown Field Apt. 802,Augusta,GA,30738
186195,Morgan,Anthony,Janet,2125 Rachel Union,Augusta,GA,30061
186196,Grimes,Dawn,Carol,469 Edwards Landing Apt. 983,Augusta,GA,30428
186197,Tran,Jacob,Linda,24903 Jennifer Light Suite 483,Augusta,GA,30071
186198,Moore,Nicole,Felicia,716 Susan Wells,Augusta,GA,31145
186199,Walters,Mitchell,Tammy,87228 Bryant Groves,Augusta,GA,31147
186294,Thornton,Bruce,Caitlin,535 Stephens Mountains Apt. 759,Augusta,GA,30819
186620,Sanders,Dustin,Jeffrey,0068 Garcia Junctions,Augusta,GA,31718
186621,Williams,Keith,Jason,48010 Larry Station,Augusta,GA,30206
186622,Reynolds,Taylor,Lauren,499 Jonathan Burgs,Augusta,GA,31698
186873,Payne,Shawn,Anthony,518 Porter Loaf,Augusta,GA,30522
186874,Nelson,Parker,Summer,2644 Savage Ridge,Augusta,GA,30275
186875,Cruz,Sheri,Sarah,057 Robinson Mission,Augusta,GA,31118
187001,Jackson,Carolyn,Amanda,5077 Kimberly Roads,Augusta,GA,30366
187002,Aguilar,Ruth,Robert,0623 Laura Centers,Augusta,GA,31136
187221,Riley,Gavin,Timothy,871 Angel Rest Suite 028,Augusta,GA,31621
187222,Armstrong,Monica,Shannon,855 Peterson Springs,Augusta,GA,30557
187414,Guzman,Scott,Angela,55613 Danielle Plaza Suite 485,Augusta,GA,31114
187616,Thompson,Benjamin,Jesse,517 Sylvia Trail Apt. 318,Augusta,GA,30354
188051,Velasquez,Joseph,Kayla,815 Emily Prairie,Augusta,GA,31587
188052,Martin,Alexis,Mary,2399 Carla Islands,Augusta,GA,31864
188053,Nguyen,William,Brittany,958 Hurst Lock,Augusta,GA,31372
188541,Bryant,Teresa,Tiffany,57430 Price Street Apt. 438,Augusta,GA,31326
188650,Davis,Teresa,Michael,1529 Colin Station,Augusta,GA,31325
188662,Oconnell,Anita,Sheila,3851 Christina Passage,Augusta,GA,31489
188708,Rivera,Mark,Roger,70110 Mathis Shoals Suite 141,Augusta,GA,31384
189001,Norton,Charles,Elizabeth,071 James Gardens,Augusta,GA,31181
189002,Thomas,Julia,Janet,231 Eric Crescent,Augusta,GA,31372
189275,Fitzgerald,Laura,Steve,24494 Boyer Drive,Augusta,GA,30369
189276,Smith,Shannon,Trevor,55631 Lee Plaza,Augusta,GA,31608
189587,Vasquez,Steven,Ashley,65043 Jessica Corner Apt. 267,Augusta,GA,30250
189693,Jones,Latasha,Megan,849 Graham Overpass Apt. 370,Augusta,GA,30200
189694,Neal,Carolyn,Jennifer,1726 Meredith Center,Augusta,GA,31478
189695,Fox,Valerie,Herbert,225 Kelly Fort Suite 289,Augusta,GA,31244
189998,Henderson,Helen,Gregory,0963 Nguyen Ranch Suite 293,Augusta,GA,31040
190238,Smith,Crystal,Angela,45007 Donaldson Stravenue Suite 369,Augusta,GA,30760
190543,Thomas,Kathleen,Michael,2159 Stacy Light,Augusta,GA,30093
190544,Kaiser,Rebecca,Jeffery,2317 Jacob Falls,Augusta,GA,30016
190742,Gray,Brian,Crystal,2997 Patricia Green,Augusta,GA,31801
191165,Kennedy,William,Alicia,9681 Jessica Path,Augusta,GA,30170
191166,Simmons,Nathan,Abigail,76784 Holland Tunnel,Augusta,GA,30262
191488,Keller,Arthur,Edward,0596 Martin Estates,Augusta,GA,30885
191979,Jones,Mark,Tasha,582 Adam Oval Apt. 305,Augusta,GA,30404
192144,Jimenez,Amy,Stacy,931 Joseph Crossroad Apt. 417,Augusta,GA,30885
192205,Larson,Mark,Christina,84414 Smith Track,Augusta,GA,30801
192206,Kane,Geoffrey,Jerry,636 Flores Gateway Suite 452,Augusta,GA,30058
192268,Lin,Caleb,Shannon,9125 Michael Row,Augusta,GA,31200
192286,Hall,Elizabeth,John,0580 Rhodes Grove,Augusta,GA,31479
192287,Walsh,Aaron,Cheryl,7730 Myers Viaduct,Augusta,GA,31788
192438,Kelley,Patrick,Darrell,28630 Stanton Port,Augusta,GA,30282
192439,Campbell,Jessica,Sarah,3136 Smith Summit,Augusta,GA,30780
192440,Baker,Misty,Ashley,76538 Rivera Meadows Apt. 688,Augusta,GA,31242
192906,Dean,Alejandro,Albert,304 Sheri Spur Apt. 693,Augusta,GA,30622
193234,Hart,Tyler,Ralph,001 Carpenter Mews Apt. 766,Augusta,GA,31913
193306,Turner,Nichole,Andrew,55757 White Station Suite 542,Augusta,GA,30391
193622,Andrews,Timothy,Regina,072 Amanda Mission,Augusta,GA,30967
193623,Harmon,Randy,Gwendolyn,085 Stone Isle,Augusta,GA,30331
193624,Coleman,John,Christopher,150 Powell Cove,Augusta,GA,31198
193625,Jackson,Jacqueline,Robert,66261 Nguyen Manor Apt. 536,Augusta,GA,31036
193626,Powell,Clayton,Martha,76668 Hamilton Mission Suite 429,Augusta,GA,31126
193627,Rodgers,Loretta,Kayla,2723 Moss Loaf,Augusta,GA,31690
193732,Horn,Eric,Cynthia,31145 Thompson Common,Augusta,GA,30902
193814,Berry,Robert,Rachel,896 Jacob Overpass,Augusta,GA,30895
193815,Price,John,Robert,18847 Harvey Square Apt. 486,Augusta,GA,30791
194055,Johnson,Kathleen,Zachary,07819 Williams Trail Apt. 336,Augusta,GA,30656
194056,Kaiser,Benjamin,Cheryl,39526 Jones Rue Suite 518,Augusta,GA,30666
194396,Johnson,Sarah,Kelly,1770 Don Fall Apt. 036,Augusta,GA,31540
194844,Mccarty,Sharon,Lori,9889 Taylor Neck,Augusta,GA,30125
194845,Mcguire,Jason,Noah,67077 Cristina Pike Suite 255,Augusta,GA,31590
194846,Boone,Michael,Laura,2065 Jessica Shore Suite 872,Augusta,GA,31699
195212,Duarte,Eric,Richard,9305 Dale Squares,Augusta,GA,31089
195476,Richardson,Stephanie,Tiffany,645 Keith Stream,Augusta,GA,30193
195523,Peck,Sandra,Michelle,1618 Pamela Hollow Apt. 862,Augusta,GA,30845
195797,Perez,Gregory,Zachary,806 Rodriguez Vista Apt. 251,Augusta,GA,31888
195840,Thomas,Natasha,Raven,7470 Christopher Grove Suite 691,Augusta,GA,31381
195931,Diaz,John,Jeffrey,5950 Wallace Falls Suite 345,Augusta,GA,31391
196254,Sanders,Michael,Ruth,8795 Johns Wall Apt. 043,Augusta,GA,30446
196255,Montgomery,Dustin,Gregory,569 Kelly Mountains Suite 450,Augusta,GA,30849
196583,Johnson,Vincent,Jeff,6264 Derrick Drive,Augusta,GA,31230
197030,Larsen,Raymond,Stephanie,47643 Douglas Shoals,Augusta,GA,31506
197312,Briggs,Nathan,Kyle,05100 Stephanie Fork Suite 149,Augusta,GA,31146
197313,Buck,Nicole,Pamela,327 Donald Isle,Augusta,GA,31405
197386,Kim,Gina,Dawn,558 Sara Plaza Apt. 362,Augusta,GA,30265
197416,Foster,Brandon,Ashlee,3066 Brown Forest Suite 607,Augusta,GA,30452
197417,Anderson,Natasha,Christian,151 Christian Ferry,Augusta,GA,30639
197905,Thomas,John,Emily,514 Rodriguez Crossing Suite 348,Augusta,GA,30377
198157,Ramirez,Ross,Jennifer,0258 Christian Trail Apt. 304,Augusta,GA,30373
198375,Harvey,Kevin,James,17800 Kathleen Bridge Apt. 290,Augusta,GA,30731
198376,Barrett,George,David,82885 Nicole Trail Apt. 477,Augusta,GA,30118
198739,Hubbard,Nicole,Stephanie,621 April Park Apt. 811,Augusta,GA,31804
198740,Tanner,Stephanie,Andrew,44379 Campbell Viaduct,Augusta,GA,30147
198741,Price,Alex,Kathy,00619 Wagner Spring Suite 553,Augusta,GA,31546
198742,Williams,Crystal,Jason,387 Rivera Drive Apt. 953,Augusta,GA,31829
198751,Bennett,Sally,Susan,550 Benjamin Lane Suite 882,Augusta,GA,30494
198752,Young,Kenneth,Jean,7464 Kim Keys,Augusta,GA,30190
198880,Dillon,Brandon,Joseph,697 Chandler Plains,Augusta,GA,31112
199019,Carter,Savannah,Ryan,71472 Stephanie Hill,Augusta,GA,31382
199020,Rogers,Rachel,Larry,96231 Chad Road,Augusta,GA,30167
199385,Miller,Travis,Karen,262 Nicole Road,Augusta,GA,31485
199386,Horton,Jonathan,Tina,319 Jennifer Court Suite 283,Augusta,GA,30839
199797,Sanchez,Kayla,Daniel,399 Ann Rue Apt. 969,Augusta,GA,30858
199894,Poole,Michael,Jackie,22106 Swanson Throughway Suite 923,Augusta,GA,30192
199895,Lynch,Peter,Thomas,1994 Smith Crossing Apt. 498,Augusta,GA,31901
200339,Flores,Annette,Amber,77730 Justin Unions,Augusta,GA,30461
200340,Gentry,Toni,David,896 Riley Burgs,Augusta,GA,30287
200341,Smith,Amanda,Elizabeth,574 Jeffrey Loop Suite 494,Augusta,GA,31698
200611,Spencer,Leah,April,4695 Julie Stravenue Apt. 720,Augusta,GA,31580
200982,Perez,Kayla,Samantha,1066 Martin Ports,Augusta,GA,30881
201015,Cooley,Nicole,Douglas,11084 Brian Cape,Augusta,GA,31215
201212,French,Joshua,Julie,2469 Smith Fort,Augusta,GA,31948
201411,Murray,Danielle,Diana,714 Johnson Hollow Apt. 213,Augusta,GA,30942
201412,Ballard,James,Jasmin,8960 Joshua Park,Augusta,GA,31702
201413,Williams,Paula,Robert,94359 Melinda Loaf Apt. 975,Augusta,GA,31490
201414,Diaz,Ann,Margaret,595 Hernandez Road Apt. 906,Augusta,GA,31734
201646,Blevins,Scott,Jesus,4639 Guerrero Brooks Suite 410,Augusta,GA,30902
202146,Strickland,Phillip,Autumn,61865 Sarah Rest Suite 518,Augusta,GA,31141
202147,Smith,Ashley,Jennifer,88335 Ferguson Bridge Apt. 466,Augusta,GA,30830
202148,Mills,Joanna,Jason,27573 Rogers Fords,Augusta,GA,31530
202149,Erickson,Sarah,Christine,15227 Deleon Squares Suite 013,Augusta,GA,30956
202150,Hamilton,Taylor,Elizabeth,61791 Townsend Squares Apt. 225,Augusta,GA,30890
202279,Krause,Tina,Michele,64630 Mary Track,Augusta,GA,30193
202588,Johnson,Michael,Madeline,0422 Vega Ford,Augusta,GA,30569
202589,Williams,Justin,Natalie,91668 Huang Ramp Suite 192,Augusta,GA,31175
202932,Parker,Beth,Heather,86836 Stephanie Wells,Augusta,GA,31921
203358,Hernandez,Jean,Autumn,894 Danielle Squares Apt. 996,Augusta,GA,31917
203688,Russell,Mark,Jonathan,9156 James Union Suite 095,Augusta,GA,30706
203701,Romero,Sarah,John,861 Washington Field,Augusta,GA,30816
204014,Kirk,Melissa,Molly,940 Rhonda Views Suite 196,Augusta,GA,31866
204258,Armstrong,Gregory,Michael,78515 Benjamin Views,Augusta,GA,31373
204331,Carter,Whitney,Robin,581 Davis Underpass Apt. 861,Augusta,GA,30826
204813,Terry,Shaun,Jessica,086 Warren Road Suite 303,Augusta,GA,30114
205251,Carter,Adrienne,Steven,1674 Massey Tunnel Apt. 094,Augusta,GA,30829
205549,Charles,Jason,Ronnie,7806 Kramer Underpass Apt. 288,Augusta,GA,31274
205550,Christensen,Cassidy,John,4873 James Parkways,Augusta,GA,31487
205551,Tran,Jessica,Whitney,542 Sarah Wells Suite 461,Augusta,GA,30990
205552,Calderon,Steven,Jennifer,981 Bishop Crossing Suite 048,Augusta,GA,30207
205625,Montoya,Jeremy,David,57452 Martin Heights Apt. 094,Augusta,GA,30776
205759,Dawson,Rachel,Benjamin,8035 Noble Lights Suite 437,Augusta,GA,30661
205760,Gibbs,Barbara,Ian,42016 Kimberly Expressway,Augusta,GA,31216
206257,Hogan,Danny,Keith,53823 Gina Forges Suite 049,Augusta,GA,30916
206258,Castillo,Nathan,Tracey,8149 John Shores Apt. 800,Augusta,GA,31798
206259,Duncan,Calvin,Mark,4795 Tara Locks Apt. 279,Augusta,GA,31193
206260,Harris,Michelle,Amy,75597 White Vista Apt. 867,Augusta,GA,30129
206261,Ray,Jonathan,Robert,9379 Betty Brook,Augusta,GA,31409
206727,Floyd,Kevin,Paul,0346 Jennifer Cliff Suite 027,Augusta,GA,30667
206728,Smith,Dawn,Jacqueline,467 Holloway Mill,Augusta,GA,31311
206729,Moore,Samantha,Christina,3845 Carroll Passage Apt. 074,Augusta,GA,30457
206730,Morris,Timothy,Julia,59754 Wallace Row Suite 881,Augusta,GA,30190
207153,Hoffman,Claudia,Autumn,1123 White Views Suite 638,Augusta,GA,30191
207594,Doyle,Sarah,Taylor,522 Fields Gateway,Augusta,GA,31420
207894,Gutierrez,Isaac,Yolanda,08460 Austin Fork Apt. 048,Augusta,GA,30993
207895,Gutierrez,Destiny,Danielle,329 Christian Roads Suite 505,Augusta,GA,31334
207904,Moore,Joan,Eric,78487 Tyler Pine,Augusta,GA,30796
207905,Hansen,Robert,James,164 Maria Roads Apt. 101,Augusta,GA,31748
208007,Thomas,Andrew,Gregory,270 Bryan Inlet,Augusta,GA,30949
208008,Wright,Jessica,Michael,571 Ashley Villages Apt. 703,Augusta,GA,30533
208009,Robbins,Phillip,Dana,9519 Courtney Corners Apt. 706,Augusta,GA,31241
208269,Harris,Tamara,Joshua,1052 Mark Inlet,Augusta,GA,30066
208270,Wright,John,Vicki,87485 Valencia Ranch Apt. 075,Augusta,GA,30858
208299,Marshall,Sara,Kristi,58559 Cobb Squares,Augusta,GA,31908
208300,Gardner,Carlos,Amanda,3724 Duane Islands,Augusta,GA,30191
208345,Hill,Laura,Bobby,05806 Johnson Forks Apt. 803,Augusta,GA,30689
208346,Donovan,Julie,Jennifer,607 Sandra Mount,Augusta,GA,31229
208347,Nguyen,Yolanda,Brian,83396 James Rest Suite 025,Augusta,GA,30844
208685,Rubio,Elizabeth,Betty,8951 Schneider Tunnel Suite 548,Augusta,GA,30279
208933,Houston,Emily,Robert,213 Cynthia Ramp,Augusta,GA,30834
208934,Evans,Kristopher,Aaron,77012 Duncan Village,Augusta,GA,30576
208935,Moore,William,Kim,2428 Mclaughlin Row Apt. 370,Augusta,GA,30922
209199,Jackson,Tonya,Kelsey,861 Emily Course,Augusta,GA,31894
209566,Dodson,Melissa,James,2472 Harris Hill Suite 830,Augusta,GA,31672
209567,Brown,Michael,Ray,58383 Mcdonald Park,Augusta,GA,31780
209568,Jones,Nathaniel,Michael,82816 Collins Knoll Suite 883,Augusta,GA,31882
209569,Nelson,Sydney,Michael,9214 Daniel Center,Augusta,GA,30862
209953,Warren,Michael,Jennifer,82403 Smith Corners Apt. 367,Augusta,GA,30505
209954,Jackson,Michael,Donald,8555 Moore Loaf,Augusta,GA,30261
210090,Vaughn,Kaitlin,Theresa,007 Young Crossing,Augusta,GA,30021
210417,George,Maria,Tyler,293 Erickson Square,Augusta,GA,31143
210418,Williams,Sara,Jennifer,631 Austin Gateway Apt. 871,Augusta,GA,31899
210419,Garcia,Gary,Andrea,7214 Robbins Drive Apt. 995,Augusta,GA,31378
210420,Mitchell,Paul,Tim,972 Butler Views Apt. 692,Augusta,GA,31665
210619,Lawson,Karen,Andrew,38785 Katrina Ramp,Augusta,GA,31558
210620,Ortiz,Tiffany,Patrick,691 Melissa Glen,Augusta,GA,31180
210981,Bowman,Kayla,Jennifer,75452 Nelson Plaza,Augusta,GA,30337
210982,White,Sarah,Sarah,3494 Jamie Creek,Augusta,GA,30817
211091,Gonzalez,Kendra,Rodney,348 Blanchard Brook Suite 896,Augusta,GA,30183
211117,Hayes,Emma,Willie,0804 Stewart Streets Suite 134,Augusta,GA,31772
211405,Bailey,Erik,Michelle,47672 Jasmine Walks,Augusta,GA,30099
211406,Cook,Craig,Christine,40389 Erika Run,Augusta,GA,30127
211407,Moore,Alejandro,Todd,44358 Christine Key,Augusta,GA,30083
211408,Rogers,Christopher,Andrew,7228 Decker Summit Apt. 175,Augusta,GA,30594
211409,Zuniga,Kevin,Sandra,5602 Ashley Cape Suite 065,Augusta,GA,30431
211706,Reynolds,Rachel,Danielle,73560 Jeremy Mountains,Augusta,GA,31586
211845,Wright,Destiny,Mark,464 Darren Tunnel Suite 064,Augusta,GA,31032
211846,Davis,Carlos,Amy,59599 Ryan Street,Augusta,GA,30231
211847,Caldwell,Stephen,Mary,275 Valerie Harbors,Augusta,GA,31226
212176,Stanley,Hunter,Emily,888 Burgess Divide,Augusta,GA,31077
212177,Serrano,Jennifer,Kathryn,861 Michael Gardens Suite 780,Augusta,GA,31441
212178,Fitzgerald,Traci,Gregory,89626 Joshua Drive Apt. 727,Augusta,GA,31388
212183,Walker,Jessica,Jared,0805 Felicia Street,Augusta,GA,31823
212184,Griffin,Jason,Daniel,3321 Kelly Prairie Suite 442,Augusta,GA,31605
212185,Brown,Julia,Jennifer,916 Chavez Centers,Augusta,GA,31740
212417,Fisher,Raymond,Jacob,28479 Griffin Hollow,Augusta,GA,30145
212418,Byrd,Ashley,Jacqueline,5462 Ellis Spur Suite 343,Augusta,GA,31447
212581,Good,Frank,Andres,238 Small Bridge Apt. 131,Augusta,GA,30123
212980,Gutierrez,Caitlin,Brittney,93579 Hinton Mission,Augusta,GA,30762
213227,Taylor,Justin,Nathan,732 Garcia Plains,Augusta,GA,30080
213228,Morrison,Mackenzie,Curtis,581 Davis Expressway Suite 435,Augusta,GA,31843
213559,Salazar,Sarah,Stephanie,17972 Davis Rapid Suite 025,Augusta,GA,31446
213560,Daniels,Matthew,Barbara,793 Jones Harbors,Augusta,GA,30502
213561,Walton,Laura,Laura,95725 Troy Junction,Augusta,GA,30438
213562,Little,Jason,Stephen,4003 John Ridges,Augusta,GA,30667
213832,Bates,Mary,Danielle,8634 Molly Corner Apt. 165,Augusta,GA,30165
213988,Morton,Suzanne,Anthony,4638 Rodriguez Ville,Augusta,GA,31313
214195,Ryan,Darrell,John,3062 Bryant Estates Suite 419,Augusta,GA,31176
214459,Carter,David,Gavin,64916 Daniels Union Apt. 420,Augusta,GA,31592
214460,Hicks,Ann,Kimberly,9770 Vincent Highway Apt. 477,Augusta,GA,30350
214862,Trevino,Jennifer,Alexander,57211 Lori Road Suite 206,Augusta,GA,31836
214863,Ortiz,Danielle,Michael,029 Carol Forks,Augusta,GA,31120
214864,Mejia,Kayla,Sarah,61985 Victoria Circle,Augusta,GA,31124
214922,Johnson,Dana,David,35983 Hill Island Suite 098,Augusta,GA,30599
214923,Richardson,Linda,Anna,9024 Rojas Turnpike,Augusta,GA,30630
214924,Hull,Charles,Joe,96356 Bennett Village,Augusta,GA,30255
215217,West,Donald,Melissa,84071 Garcia Springs,Augusta,GA,30260
215701,Hayden,Jamie,Nicole,796 Aguirre Islands,Augusta,GA,31039
215877,Duncan,Dana,Ashley,8300 John Light Apt. 202,Augusta,GA,30595
216126,Cortez,Nicole,Jesus,7993 Edwards Lake Apt. 910,Augusta,GA,30900
216127,Williams,Jessica,Sheila,29918 Sharon Tunnel,Augusta,GA,30730
216509,Mitchell,Ashlee,Jasmine,6752 Joanna Parkway,Augusta,GA,30291
216510,Henderson,James,Christopher,8412 Edwin Parks,Augusta,GA,30496
216511,Lopez,Rebekah,Kimberly,038 Daniels Burgs Apt. 130,Augusta,GA,31862
216869,Smith,Jason,Mary,708 Jonathan Ville,Augusta,GA,30275
216870,Cook,Jeffrey,Adam,5665 Best Cove Apt. 577,Augusta,GA,30377
217234,Walters,Collin,David,018 Ramirez Turnpike Suite 312,Augusta,GA,31365
217235,Lozano,David,Heather,19198 Meyer Valley,Augusta,GA,30831
217398,Bonilla,Michelle,Jerry,6996 Young Streets,Augusta,GA,31078
217399,Johnson,Katherine,Nicholas,513 Jared Terrace,Augusta,GA,30895
217620,Taylor,Deanna,Darryl,51716 Holly Courts Suite 884,Augusta,GA,31302
217810,Huang,Elizabeth,Joseph,65159 Blackburn Flats,Augusta,GA,30167
217811,Savage,Michael,Sophia,1688 Randall Route,Augusta,GA,30260
217812,Hobbs,Katherine,Karen,540 Farley Light,Augusta,GA,30066
218114,Johnson,Cassandra,Joe,474 Jason Lodge Apt. 752,Augusta,GA,30916
218237,Hill,Leslie,Paula,143 Thomas Canyon,Augusta,GA,30621
218238,Mosley,Jaime,Jennifer,4718 Duran Island,Augusta,GA,30128
218672,Davis,Travis,Catherine,3033 Brady Throughway Suite 892,Augusta,GA,31290
218673,Nguyen,Timothy,Elizabeth,990 Kayla Isle Apt. 788,Augusta,GA,31852
218674,Miles,Wendy,Zachary,81960 Anthony Bridge,Augusta,GA,31749
218983,Walker,Michelle,Anthony,9649 Stacie Walks Suite 468,Augusta,GA,31015
218984,Crawford,Robert,Peggy,7559 Megan Port,Augusta,GA,30716
218985,Perez,Brian,Becky,58846 West Burg Apt. 609,Augusta,GA,31091
219186,Wood,Matthew,Brian,47539 Audrey Cape Apt. 888,Augusta,GA,30725
219291,Daniels,Diana,Jessica,8883 Raymond Views Suite 036,Augusta,GA,31803
219292,Smith,Kelsey,Karen,571 Amanda Road,Augusta,GA,30992
219293,Henry,Keith,Faith,97551 Quinn Crossroad Apt. 494,Augusta,GA,30818
219294,Jackson,Jillian,James,2900 Jacqueline Lights Suite 378,Augusta,GA,30192
219295,Norman,Robert,Samuel,4690 Stephanie Mountains Apt. 671,Augusta,GA,30251
219553,Mahoney,Faith,Jason,121 John Creek,Augusta,GA,30179
219769,Spears,Nicole,James,979 Christina Grove Apt. 305,Augusta,GA,31427
219770,Howe,Elizabeth,Steven,7508 Chad Streets,Augusta,GA,30977
219771,Navarro,Eric,Pamela,001 Christopher Locks Apt. 254,Augusta,GA,31801
220087,Sanchez,David,Lisa,9695 Jeffrey Viaduct,Augusta,GA,31220
220369,Lawrence,Angela,Eric,5735 Bennett Rapids Apt. 267,Augusta,GA,30743
220370,Harrison,Christopher,Victoria,289 Katherine Manor Suite 230,Augusta,GA,31206
220371,Schmidt,Kimberly,David,89420 Alvarez Port Suite 286,Augusta,GA,30243
220372,Brown,Misty,Chris,298 Ramirez Mission,Augusta,GA,31503
220636,Guerrero,Elizabeth,Lisa,534 Davis Locks Suite 793,Augusta,GA,31894
220637,Wheeler,Thomas,Donna,396 Hoover Ports Suite 015,Augusta,GA,30257
220638,Black,Gregory,Brian,88877 Michael Isle,Augusta,GA,30410
220686,Cole,Christopher,Cynthia,274 Linda Curve Suite 829,Augusta,GA,30389
220687,Wilkins,Charles,Colleen,7378 Maria Street Suite 368,Augusta,GA,31231
220688,Taylor,Tonya,Nancy,3422 Howard Divide Suite 861,Augusta,GA,31970
220689,Conner,Jamie,Michael,64920 Dunlap Spring,Augusta,GA,30049
220690,Green,Manuel,Carol,931 Jacob Parks,Augusta,GA,31222
220945,Anthony,Phillip,Cameron,31363 Joy Wells,Augusta,GA,30389
221323,Smith,Deborah,Herbert,08561 Coleman Shores Apt. 665,Augusta,GA,30663
221324,Mckenzie,Jennifer,Rhonda,6518 Christina Plains Suite 131,Augusta,GA,30627
221325,Jones,Joshua,Shawn,0974 Dale Hollow,Augusta,GA,30190
221326,Lee,John,Marcus,391 Ruiz Curve Suite 166,Augusta,GA,31374
221603,Garcia,Kimberly,Patricia,467 Allen Street Apt. 355,Augusta,GA,30498
221991,Shelton,Nicole,Thomas,400 Arnold Villages,Augusta,GA,31959
222452,Miller,Ryan,Tiffany,6334 Darlene Harbors Suite 222,Augusta,GA,31820
222453,Willis,Gabriel,Lisa,564 Daniel Mountain Apt. 277,Augusta,GA,31640
222454,Ferguson,Natasha,Dawn,055 Tammy Falls,Augusta,GA,31440
222455,Mays,Jessica,Mark,51419 Garcia Village Apt. 727,Augusta,GA,30922
222456,Wright,Cynthia,Tammy,260 Sara Squares,Augusta,GA,31835
222457,Todd,Stephen,Megan,89851 Steven Brook Suite 027,Augusta,GA,30420
222458,Jones,Ronnie,Stephanie,65599 Yang Centers,Augusta,GA,31817
222693,Hines,Leah,John,42447 Anthony Junctions Suite 909,Augusta,GA,30395
222813,Randolph,Jeffrey,Jessica,91258 Michael Dale Apt. 495,Augusta,GA,31897
222866,Morris,Derek,Christian,40187 Michael Prairie Apt. 465,Augusta,GA,31993
223007,Watkins,Anna,Eric,440 Moran Overpass,Augusta,GA,31142
223310,Parks,Matthew,Grant,59011 Sarah Points Apt. 716,Augusta,GA,31867
223458,Henry,Aaron,Cathy,955 Valerie Station,Augusta,GA,30624
223549,Villarreal,Kimberly,Maria,7024 Lauren Trail,Augusta,GA,30976
223550,Hernandez,Joseph,Dustin,42603 Carpenter Corner,Augusta,GA,30126
223551,Duncan,Brianna,Latoya,30789 Ferguson Radial Suite 716,Augusta,GA,31885
223626,Mathis,Trevor,Sean,9266 Paul Camp Suite 309,Augusta,GA,30636
223627,Turner,Sarah,Matthew,24996 Carl Ferry,Augusta,GA,31451
223628,Wallace,Jennifer,Austin,70055 Johnathan Throughway Suite 144,Augusta,GA,30662
223855,Pope,Oscar,Douglas,98403 Russell Village,Augusta,GA,31499
223856,Johnson,Jeffrey,Kimberly,85932 Matthew Cape Suite 901,Augusta,GA,30014
224284,Macias,James,Krystal,190 Smith Coves,Augusta,GA,30854
224285,Stafford,Laura,Christopher,0875 Osborn Parkway,Augusta,GA,30112
224286,Mcclure,Michelle,Brenda,3931 Nelson Junctions Apt. 578,Augusta,GA,30326
224444,Martin,Sara,Jeremy,2458 Jeffrey Pine,Augusta,GA,31729
224835,Patel,James,Jamie,22836 Warren Hills,Augusta,GA,31889
224836,Sanchez,Sierra,Yvonne,161 Ashley Rest Suite 383,Augusta,GA,31377
224837,Davis,Benjamin,Grace,5100 Mary Green Suite 895,Augusta,GA,30517
224838,Garcia,Laurie,Kevin,8214 Diane Row,Augusta,GA,30476
225184,Schneider,Dennis,Sabrina,51550 Jones Points Suite 461,Augusta,GA,31740
225185,Moreno,Angela,Michael,8326 Tucker Wall Suite 859,Augusta,GA,31678
225186,Brown,Jack,Donald,759 Robinson Run,Augusta,GA,30492
225381,Sherman,Kevin,Kenneth,8452 Susan Crescent,Augusta,GA,30070
225382,Anderson,Ashley,Anna,20107 Williams Terrace,Augusta,GA,30571
225383,Adams,Paul,Francisco,1941 Duarte View Apt. 374,Augusta,GA,31663
225384,Washington,Danielle,Darrell,59635 Williams Mountains Apt. 840,Augusta,GA,30201
225385,Brown,Leah,Jose,661 Andrew Run Suite 068,Augusta,GA,31641
225486,Moore,Jason,Patricia,736 Ramirez Square,Augusta,GA,31723
225690,Hensley,Nicole,Michelle,51398 Michael Parks Suite 181,Augusta,GA,31380
225691,Ortega,Jose,Eric,3890 Patel Station,Augusta,GA,30765
225692,Lucero,Douglas,Michael,5027 Benjamin Rue Suite 222,Augusta,GA,31817
225795,Callahan,Jeffrey,Andrea,77819 Anna Meadow,Augusta,GA,31184
225796,Acosta,Diana,James,309 Gibson Village Suite 961,Augusta,GA,30386
225797,Nichols,Kristen,Bryan,55421 Kidd Ridge,Augusta,GA,31380
225798,Ray,Jasmine,Robin,54899 William Gateway Apt. 338,Augusta,GA,30406
226227,Gonzales,Michael,Ricky,181 Ramirez Drive,Augusta,GA,30959
226397,Carter,Julie,Alan,93100 Billy Cape,Augusta,GA,30930
226398,Bowman,Scott,Jonathan,2256 Adam Forest,Augusta,GA,31143
226399,Freeman,Alicia,Juan,21448 Marshall Overpass,Augusta,GA,30397
226400,Evans,Alicia,Michael,76689 Nelson Harbors,Augusta,GA,31331
226401,Hall,Adam,James,7439 Gabriela Extensions Suite 840,Augusta,GA,30188
226651,Cohen,Alice,Jeffrey,16292 Joshua Path Suite 763,Augusta,GA,31565
226917,Miller,Brent,Ann,76949 Theresa Mountains Apt. 399,Augusta,GA,30748
226978,Mcclain,Howard,Monica,856 Chapman Mount Suite 011,Augusta,GA,31650
226979,West,Lisa,James,878 Meyer Ford Suite 199,Augusta,GA,30447
226980,Ellis,Sandra,Benjamin,554 Morris Mountain,Augusta,GA,31999
227133,Hernandez,Tara,James,3328 Miller Ferry,Augusta,GA,30936
227134,Davis,Connie,Courtney,202 Wendy Rest,Augusta,GA,30119
227135,Young,Stephen,Jessica,2477 Boyer Fields Suite 889,Augusta,GA,31114
227136,May,Ethan,Jason,65976 Richard Ridges Apt. 600,Augusta,GA,30540
227234,Romero,Gregory,Kyle,558 Wiggins Vista Suite 122,Augusta,GA,31453
227235,Wright,Daniel,Angela,17704 Andres Place Apt. 264,Augusta,GA,31234
227456,Perez,Timothy,Ashlee,000 Wilson Stream Suite 040,Augusta,GA,30863
227457,Bray,Adam,Monique,34115 Rice Key Apt. 460,Augusta,GA,30952
227685,Richards,Jessica,Colton,8240 Turner Roads,Augusta,GA,31233
227686,Kramer,Jacob,David,740 Ann Meadows,Augusta,GA,31209
228072,Chen,Robert,Brian,58388 Moore Neck Apt. 074,Augusta,GA,31948
228117,Kennedy,Melanie,Kevin,02292 Whitehead Ways Apt. 407,Augusta,GA,31187
228170,Thomas,Matthew,Brandon,8379 Lopez Land,Augusta,GA,30643
228171,Bishop,Kelly,Philip,5022 Richard Mountains,Augusta,GA,30486
228172,Lamb,Janet,Robert,742 Steven Loop,Augusta,GA,31353
228594,Kelly,Matthew,Connie,0102 Nicholas Turnpike Suite 247,Augusta,GA,31007
228727,Benitez,Tara,Nicholas,558 Phillip Shore Suite 571,Augusta,GA,31318
228728,Jones,Courtney,Sara,93619 Ferguson Fields Suite 201,Augusta,GA,31415
228729,Foster,April,Bradley,921 Lawson Mill,Augusta,GA,31991
228730,Smith,Carrie,Daniel,41525 Bobby Summit,Augusta,GA,31911
228731,Morales,Misty,Hannah,69881 Alison Pines,Augusta,GA,30940
228732,Vaughn,Christopher,Jerry,900 Nicholas Forge Suite 295,Augusta,GA,30589
228733,Torres,Miranda,Allen,816 Matthew Junction,Augusta,GA,30570
228789,Cook,Erika,Angela,551 Sabrina Spurs Suite 526,Augusta,GA,31853
228929,Stewart,Julia,Megan,583 Myers Fords,Augusta,GA,31403
229330,Jackson,Laura,Carrie,412 Sara Island Apt. 038,Augusta,GA,30226
229331,Klein,Mackenzie,Willie,579 Briana Divide,Augusta,GA,31964
229405,Bullock,Laurie,Tyler,581 Burnett Passage,Augusta,GA,30117
229584,Love,Benjamin,Gregory,2212 Nancy Burg,Augusta,GA,31592
229912,Chapman,Juan,Cheryl,391 Logan Squares,Augusta,GA,31253
229913,Wilson,Pamela,Carlos,981 Edward Hill,Augusta,GA,31640
229914,Weaver,Cynthia,Brianna,6447 Chavez Cliff,Augusta,GA,30171
229915,Taylor,Kimberly,Danny,911 Richardson Ways,Augusta,GA,30721
229916,Woods,Patrick,Thomas,806 Bryan Hollow,Augusta,GA,31012
229917,Delgado,Walter,Miguel,04829 Henderson Heights Apt. 443,Augusta,GA,30844
229918,Diaz,Michael,Steven,2641 Rivera Spurs,Augusta,GA,31103
229919,Hodges,Joshua,Elijah,53774 Kelly Burgs Apt. 907,Augusta,GA,30691
230287,Brown,Richard,Alexis,14505 Jodi Island,Augusta,GA,30491
230288,Lyons,Samantha,Eric,1578 Jasmin Motorway,Augusta,GA,31823
230622,Young,Jillian,Robert,1597 Chen Points Apt. 906,Augusta,GA,30538
231034,Bryant,Richard,John,5325 Tanya Walks,Augusta,GA,30860
231079,Edwards,Cameron,Tyler,0488 Adam Inlet Apt. 428,Augusta,GA,30313
231080,Tran,William,Jay,70803 Brenda Spring,Augusta,GA,31877
231576,Hamilton,Angela,Mark,52290 Carpenter Wells Apt. 028,Augusta,GA,31710
231901,Chavez,Teresa,Joshua,4899 Mark Parks Apt. 180,Augusta,GA,31390
232221,Molina,Jennifer,Walter,7882 Allison Wall,Augusta,GA,31515
232222,Durham,Gregory,Darren,1142 Jessica Flats Suite 209,Augusta,GA,31470
232223,King,Sandra,James,916 Jessica Tunnel,Augusta,GA,30684
232279,Smith,Joseph,Theresa,6671 Joanna Green Apt. 973,Augusta,GA,31468
232382,Nunez,Shawn,Donna,547 Jessica Common,Augusta,GA,30119
232519,Williams,Jason,James,0104 David Squares Apt. 159,Augusta,GA,30708
232832,Chambers,Jessica,Charles,362 Justin Wells,Augusta,GA,30907
232833,Miller,Robert,Janice,2350 Garcia Cove,Augusta,GA,30438
232941,Morgan,Mark,Adam,8858 Barron Land,Augusta,GA,30024
232942,Cortez,Angela,Sarah,1570 Ronald Street,Augusta,GA,30346
233167,Smith,Emily,Stephen,99025 Michael Trail Suite 215,Augusta,GA,30334
233168,Silva,Michelle,Caitlin,7497 Joseph Manor,Augusta,GA,31550
233169,Conway,Karen,Randy,18920 Wilkins Freeway,Augusta,GA,31842
233298,Morris,Jennifer,Alexis,08688 Alfred Pine Apt. 308,Augusta,GA,31658
233299,Bennett,Jennifer,Stephanie,9021 Wise Village,Augusta,GA,30082
233519,Sandoval,Jennifer,Michael,7373 Schmidt Spur Suite 621,Augusta,GA,30179
233520,Walters,Brian,Tammy,841 Heather Extensions,Augusta,GA,30807
233807,Jones,Elizabeth,Tammy,11680 Timothy Rest Suite 569,Augusta,GA,31431
233808,Garza,Dylan,Vincent,059 Mullen Courts,Augusta,GA,31472
234249,Moore,Randall,Larry,028 Williams Plains,Augusta,GA,31529
234372,Reyes,Donna,Amy,727 Mathews Forges Apt. 921,Augusta,GA,31594
234373,Shaw,Michael,Rebecca,0622 Carson Mountains,Augusta,GA,31473
234374,Jones,James,Teresa,9872 Barton Mountain Suite 098,Augusta,GA,31328
234375,Velasquez,Sean,Angela,1129 Garcia Square Suite 526,Augusta,GA,31429
234719,Lopez,Shawn,Samantha,693 Amy View,Augusta,GA,31305
234720,Moore,John,Clayton,83760 Bryan Freeway Apt. 278,Augusta,GA,31087
234769,Rice,Alan,Jacob,45219 Tonya Shoals,Augusta,GA,31764
234770,Smith,Kristina,Jeremy,6244 King Bypass,Augusta,GA,31208
234963,Romero,Trevor,Rebecca,581 Johnson Trail,Augusta,GA,31113
234964,Greene,Dorothy,Mary,2720 Jerry Village,Augusta,GA,31839
234965,Lewis,Dennis,Anna,39905 Phillips Wall,Augusta,GA,31997
234966,Page,Adrian,Jacqueline,1191 Nichole Well Apt. 734,Augusta,GA,31803
234967,Tucker,John,Laura,67671 Roberts Centers,Augusta,GA,30387
234968,Shelton,Justin,Barbara,4716 Miller Well Suite 083,Augusta,GA,30764
235368,Jensen,Nicholas,Kimberly,54401 Brown Lane Apt. 115,Augusta,GA,31382
235422,Juarez,Vickie,Erica,4307 Smith Landing Apt. 161,Augusta,GA,31860
235423,Garrett,Alexandra,Ashley,7381 Preston Key,Augusta,GA,31992
235424,Solomon,Yvonne,Amanda,8757 Michael Row Suite 718,Augusta,GA,31401
235664,Luna,Chelsea,Shelby,86849 Montgomery Island,Augusta,GA,30209
235665,Stevenson,Jason,Tracy,42190 Matthew Pike Apt. 156,Augusta,GA,31478
235666,Keller,Ashley,Brian,0680 Crane Gardens,Augusta,GA,31497
235719,Johnson,Jamie,David,9416 Andrew Stravenue Apt. 655,Augusta,GA,31582
236043,Sampson,Michelle,Jared,1999 Wall Walks,Augusta,GA,30133
236176,Mendoza,Mary,Anna,31025 William Trail,Augusta,GA,31809
236415,Porter,Nathaniel,Kayla,2915 Burnett Pike,Augusta,GA,30520
236416,Clark,Matthew,James,502 Lopez Summit Apt. 037,Augusta,GA,30354
236417,Brown,Brandi,Michael,928 Smith Terrace,Augusta,GA,31983
236596,Morris,Laura,Diana,705 Harris Brooks,Augusta,GA,31226
236919,Lopez,Kevin,Ethan,9716 Matthew Point,Augusta,GA,31574
237097,Young,Paul,Maria,64571 Hays Ways,Augusta,GA,31138
237098,Landry,Meghan,Kenneth,445 Leslie Burg Suite 758,Augusta,GA,31632
237099,Clark,Mark,Tyler,3003 Wall Row Suite 112,Augusta,GA,30673
237343,King,Gabriel,Brittany,8310 Weaver Avenue Apt. 031,Augusta,GA,31777
237344,Moses,Daniel,Megan,3378 Williams Fall Suite 000,Augusta,GA,30960
237345,Miranda,Melissa,Sherry,8409 Griffin Squares Apt. 770,Augusta,GA,31423
237764,Miller,Elizabeth,Vincent,11998 Diana Fall,Augusta,GA,31959
237765,Morris,Candace,Kayla,56285 Kim Lake,Augusta,GA,30025
238018,Johnson,Sandra,Arthur,831 Lauren Summit,Augusta,GA,30257
238425,Stephens,Thomas,Paul,41181 Stephanie Point,Augusta,GA,31895
238426,Henderson,Joshua,Brian,88875 Jeffrey Branch Apt. 672,Augusta,GA,31790
238427,Madden,Malik,Jamie,17556 Kara Keys,Augusta,GA,30894
238428,Wu,Heather,Norman,266 Shaun Estate,Augusta,GA,31381
238785,Aguilar,Connor,Margaret,17781 Janet Meadow Apt. 236,Augusta,GA,30914
238786,Padilla,Hannah,Jeffrey,5279 Alyssa Ferry Apt. 182,Augusta,GA,30101
238799,Price,Marissa,Kevin,6184 Woods Corner,Augusta,GA,31684
238800,Nicholson,Christian,Michael,69838 Mackenzie Burgs Apt. 069,Augusta,GA,30784
239117,Johnston,James,Anthony,153 Harrell Pines,Augusta,GA,31830
239348,Park,Carl,Stacy,06888 Brittney Rue,Augusta,GA,31763
239349,Hart,Christine,Dylan,02335 Carter Ranch Apt. 860,Augusta,GA,31315
239545,Little,Michael,Barbara,234 Moss Harbors Suite 359,Augusta,GA,31027
239546,Meyers,Brianna,Whitney,37225 White Loop Suite 994,Augusta,GA,31091
239796,Thompson,Jessica,Henry,1349 Carey Mission Apt. 054,Augusta,GA,30793
239798,Sullivan,Jessica,Jacob,92181 Herrera Corners,Augusta,GA,31503
240144,Horn,Christopher,Tanya,8104 Eric Freeway,Augusta,GA,31334
240350,Buckley,Lisa,John,950 Cole Fort,Augusta,GA,30993
240717,Mays,Rebecca,Jessica,83000 Bruce Motorway Suite 739,Augusta,GA,31497
240999,Harris,Tina,Patrick,08360 Deborah Center Apt. 429,Augusta,GA,30154
241000,Barnes,Brittany,Angela,621 Walker Drives Apt. 957,Augusta,GA,30190
241021,Newton,Brian,Billy,0041 Reynolds Stravenue,Augusta,GA,31474
241513,Wheeler,Robert,Maria,1197 Melissa Locks,Augusta,GA,31157
241514,Brooks,Brandon,John,48090 Brian Brooks,Augusta,GA,30063
241634,Reynolds,Shelby,Yolanda,542 Hill Forest Suite 837,Augusta,GA,31984
241955,Baker,Darren,Karen,015 Peter Inlet,Augusta,GA,31707
242050,Cole,Joel,Tina,80962 Dunlap Islands,Augusta,GA,30778
242051,Craig,Melissa,Jasmine,6032 Michael Port,Augusta,GA,31034
242052,Nelson,Jerry,Glenn,508 Alexander Mount Apt. 226,Augusta,GA,31856
242053,Stone,Carrie,Ashley,25613 Tammy Centers Apt. 668,Augusta,GA,30649
242389,Newton,Richard,Todd,05726 Lee Mountain,Augusta,GA,30677
242482,James,Heidi,Melinda,6965 Omar Parkway,Augusta,GA,31791
242709,Bradford,Aaron,Dustin,0838 Hannah Knoll,Augusta,GA,31450
242710,Chavez,Megan,Peter,9503 Katelyn Stream Apt. 667,Augusta,GA,30375
242711,Johnson,Dan,Nicole,23404 Reed Trail Apt. 179,Augusta,GA,30226
242955,Lewis,Joshua,Terry,904 Daniel Cove Suite 476,Augusta,GA,31851
243111,Scott,Lindsay,Stacey,303 Daniel Ports Apt. 383,Augusta,GA,30699
243413,Thomas,Chris,Deborah,66006 Tracie Coves,Augusta,GA,31492
243804,Clements,John,Dawn,7489 Kline Roads Apt. 643,Augusta,GA,30050
243836,Hill,Rachel,Jennifer,805 Valerie Court,Augusta,GA,31765
244314,Burke,Linda,Michelle,36881 Duran Groves Suite 930,Augusta,GA,31194
244315,Bernard,Kristi,Wyatt,8729 Anthony Manors Apt. 697,Augusta,GA,30572
244316,Moreno,Laura,Paul,274 Francis Row,Augusta,GA,31620
244317,Martinez,Kristen,Michelle,4540 Kelly Park Suite 843,Augusta,GA,30983
244318,Burch,Chad,William,70364 Guzman Loaf,Augusta,GA,31978
244319,Miller,Michael,Sherri,7483 Jason Isle Apt. 301,Augusta,GA,31997
244320,Payne,Andrew,Joseph,9623 Justin Crossing Suite 244,Augusta,GA,31526
244321,Kirk,Christopher,Phillip,2871 Ashley Island,Augusta,GA,31590
244322,Freeman,Valerie,Madison,258 Garrett Square Suite 234,Augusta,GA,31752
244323,Ellis,Timothy,Valerie,8303 Kathleen Point,Augusta,GA,31685
244324,Wade,Juan,Kimberly,90927 Laurie Isle Apt. 545,Augusta,GA,31940
244325,Page,Paula,Adam,4691 Montgomery Landing Apt. 413,Augusta,GA,31101
244326,Smith,Jeremy,Rebecca,0605 Rios Trace Apt. 902,Augusta,GA,30693
244327,Mccarty,Marissa,Connor,132 Brianna Stravenue,Augusta,GA,30304
244571,Schmidt,Sarah,Robert,544 Kelley Crest,Augusta,GA,30721
244572,Atkins,Michael,Ernest,357 Brandy Junctions,Augusta,GA,30641
244573,Foster,Destiny,Sarah,0180 Berg Mission Apt. 979,Augusta,GA,30760
244948,Jones,Jordan,David,1225 Jennifer Neck Suite 481,Augusta,GA,31569
244949,Zamora,Francisco,Hannah,611 William Throughway,Augusta,GA,31676
244950,Collins,Michelle,Micheal,3344 Schultz Roads Apt. 878,Augusta,GA,31383
244951,Lopez,Mark,Andrea,6105 Stephanie Well Suite 114,Augusta,GA,30588
245411,Ferguson,Hannah,Alejandra,33230 Waters Green Suite 583,Augusta,GA,31810
245881,Carey,Emily,Jack,29331 Renee Mews Apt. 078,Augusta,GA,30464
246240,Obrien,Jessica,Janice,38783 Savage Islands Apt. 228,Augusta,GA,30500
246241,Eaton,Joshua,Kelli,5410 John Circles Suite 997,Augusta,GA,30758
246552,Morgan,Heather,Joanne,65293 Cameron Fords,Augusta,GA,31284
246930,Smith,Amber,Brandy,938 Thompson Drive,Augusta,GA,31049
247190,Alexander,Amy,Veronica,0588 Thompson Forge,Augusta,GA,31769
247191,Rogers,Madeline,Kimberly,9919 Noble Springs,Augusta,GA,30013
247192,Everett,Anthony,Brett,8425 Lindsay Meadows,Augusta,GA,30861
247193,Jones,Jonathan,Lisa,98282 Little Port,Augusta,GA,30104
247571,Powers,Tiffany,Crystal,52589 Ronald Estate,Augusta,GA,31496
247714,Harris,Thomas,Megan,0396 Mccann Course,Augusta,GA,31980
247715,Sheppard,Amy,Melissa,62089 Peterson Park,Augusta,GA,30658
248186,Martinez,Russell,Christopher,93715 Scott Rest Suite 736,Augusta,GA,31758
248187,Riley,Jesse,Benjamin,40120 Gonzalez Trace,Augusta,GA,31242
248595,Patrick,Kristina,Shirley,4836 Julia Canyon Suite 780,Augusta,GA,31075
248920,Wagner,Nancy,David,5999 Davis Avenue,Augusta,GA,30380
248921,Page,Evan,Philip,871 Copeland Inlet,Augusta,GA,31794
249103,Robinson,Travis,Mary,22177 Schroeder Branch,Augusta,GA,31288
249595,Rangel,Christina,Noah,82633 Cameron Corner,Augusta,GA,30703
249882,Garcia,Julie,Jillian,421 Foster Summit Apt. 033,Augusta,GA,31130
250210,Cook,Mallory,Taylor,37341 Charles Fall,Augusta,GA,31038
250211,Harris,James,Patricia,18462 Erica Tunnel,Augusta,GA,31363
250487,Gomez,Debbie,Michael,12602 Galloway Courts Suite 215,Augusta,GA,31349
250959,Wise,Erin,Cynthia,31498 Robin Oval Suite 390,Augusta,GA,30333
251342,Fisher,Brittney,Courtney,7970 Michael Falls,Augusta,GA,30175
251515,Fisher,Rebecca,Theresa,3530 Wagner Orchard,Augusta,GA,31142
251913,Phillips,Antonio,Vickie,344 Rogers Well,Augusta,GA,31790
251914,Jones,Stephanie,Elizabeth,90506 May Ford Apt. 218,Augusta,GA,31462
251915,Adams,Devin,James,74726 Johnson Mountain,Augusta,GA,30078
251916,Allen,Douglas,Timothy,8938 Robinson Parkways,Augusta,GA,31711
251917,Bush,Matthew,Alexis,48149 Joshua Neck,Augusta,GA,30931
251918,Pitts,Julie,Anne,2039 Hensley Highway Apt. 055,Augusta,GA,30270
251919,Munoz,Gary,James,7566 White Landing Apt. 911,Augusta,GA,30734
251920,Tapia,Jennifer,James,711 Heather Rue Apt. 824,Augusta,GA,31344
251921,Miller,Miguel,Marcia,372 Dana Mission,Augusta,GA,31475
251922,Stevens,Christopher,Jeffrey,495 Jones Port Suite 131,Augusta,GA,30224
252372,Bishop,Allison,Wanda,207 Nicole Mission Suite 651,Augusta,GA,31418
252690,Sullivan,Lisa,Thomas,785 Melissa Way Suite 415,Augusta,GA,31840
252691,Case,Dustin,Marie,439 Leslie Centers,Augusta,GA,30907
252907,Parker,Stephanie,Michelle,854 Lee Coves,Augusta,GA,30882
252908,Patel,Mikayla,Patricia,82442 Amber Circles Suite 953,Augusta,GA,30191
252909,Hall,Christopher,Stacy,7539 Nathan Manors,Augusta,GA,31509
253225,Estrada,Robin,Franklin,765 Anderson Expressway Suite 603,Augusta,GA,31637
253614,Davila,Tonya,Denise,231 Andrea Trafficway,Augusta,GA,31587
253694,Clark,Christina,Courtney,12170 Micheal Tunnel,Augusta,GA,30522
253695,Adams,Rodney,Elizabeth,151 Whitehead Mountain Suite 424,Augusta,GA,31728
253696,Patrick,Bobby,Steven,11795 Steele Locks,Augusta,GA,31917
253699,Meyer,Jeremy,Stephen,495 Edward Light Apt. 029,Augusta,GA,31379
253700,Hill,Robert,Patrick,2683 Ward Falls,Augusta,GA,30518
253792,Rodriguez,Brianna,Christine,55517 Edward Port,Augusta,GA,30962
254061,Morgan,Angela,John,76565 Zachary Crest Suite 531,Augusta,GA,30399
254338,Drake,Suzanne,Allen,486 Samantha Trace,Augusta,GA,31654
254339,Freeman,Kathryn,Chad,57721 Huynh Streets Suite 781,Augusta,GA,30065
254650,Gates,Samuel,Sean,491 Hernandez Brooks,Augusta,GA,30202
254781,Cortez,Mia,Linda,0482 Morgan Stravenue Apt. 002,Augusta,GA,30721
254782,Gonzalez,Julie,Manuel,4004 Todd Spring Apt. 547,Augusta,GA,30026
254783,Brock,Christopher,Darryl,3017 Morse Path Suite 272,Augusta,GA,31052
254924,Garcia,Gregory,Gary,3465 Tricia Flats,Augusta,GA,30333
254925,Scott,Ashley,Ashley,57813 Jonathan Tunnel,Augusta,GA,31731
254926,Austin,Matthew,Kimberly,255 Keller Unions Suite 019,Augusta,GA,31373
254927,Mclean,Michelle,Thomas,69843 Peter Stream,Augusta,GA,30022
255181,Spencer,Dawn,Erik,90390 Amanda Street Apt. 617,Augusta,GA,30227
255362,Peterson,Barbara,Jennifer,597 Carroll Run Apt. 832,Augusta,GA,30210
255591,Gaines,Robin,Craig,8064 Booth Plain,Augusta,GA,30458
255592,Mills,Laura,Jacob,5086 Joshua Mission Apt. 642,Augusta,GA,31970
255701,Sanchez,Mary,Alison,7010 Gregory Island,Augusta,GA,30028
255702,Lane,Jason,David,3021 Annette Curve,Augusta,GA,30238
255788,Gay,Elizabeth,Barbara,24934 Harmon Prairie Suite 302,Augusta,GA,31459
256268,Fowler,Daniel,Walter,9567 Amber Alley Apt. 929,Augusta,GA,31832
256703,Sutton,Lauren,Morgan,381 Matthew Mount Suite 737,Augusta,GA,31934
256955,Stewart,Emma,Shelly,627 Craig Mission,Augusta,GA,31340
256956,Hughes,Kelsey,Mariah,32252 Cheryl Landing Apt. 525,Augusta,GA,31984
257142,Chapman,Kenneth,Hannah,460 Andersen Lake Suite 826,Augusta,GA,31497
257143,Myers,Ryan,Deborah,51406 Theresa Prairie,Augusta,GA,31028
257144,Williams,Natalie,Robin,36484 Nelson Way,Augusta,GA,31910
257145,Mclaughlin,Duane,Michael,5886 Sanchez Route Apt. 016,Augusta,GA,31712
257625,Brown,Sherry,Makayla,777 Heidi Villages Suite 953,Augusta,GA,30454
257626,Moore,Nicholas,Lance,6174 Joseph Course Suite 845,Augusta,GA,30242
257627,Chung,Jennifer,Anthony,7852 Henderson Stream,Augusta,GA,30245
257628,Mckee,Margaret,Geoffrey,925 Johnson Loop Apt. 263,Augusta,GA,30463
257951,Pruitt,Wanda,Stephanie,9637 Teresa Hill Suite 925,Augusta,GA,31512
258022,Sanchez,Nancy,Terrence,695 Karen Stravenue,Augusta,GA,30228
258178,Nelson,Brittney,Vincent,94179 Thomas Underpass,Augusta,GA,31946
258631,Diaz,David,Beverly,56245 Ariel Courts,Augusta,GA,30742
258654,Reynolds,Robert,Eric,0869 Glen Harbor,Augusta,GA,31277
258655,Stewart,Andrew,Robert,39728 Gary Lake,Augusta,GA,31862
258813,Spencer,Todd,Eric,081 Carter Ridges Suite 944,Augusta,GA,31871
258814,Norris,Garrett,Nicole,7737 Arroyo Unions Apt. 643,Augusta,GA,30613
259152,Levine,Matthew,Cody,782 Stefanie Stream Suite 273,Augusta,GA,31451
259153,Fowler,Andrew,Peter,558 Bonnie Loop,Augusta,GA,30466
259368,Howell,Sarah,Rose,001 Stewart Creek,Augusta,GA,31313
259591,Irwin,Brent,Beth,421 Baird Row Apt. 447,Augusta,GA,30042
259667,Oconnell,William,Victor,1200 Jonathan Cove,Augusta,GA,30743
260059,Gross,Elaine,Mark,1307 David Forks,Augusta,GA,31827
260060,Brown,George,Jimmy,8348 Karen Centers,Augusta,GA,31482
260300,Jacobs,Christopher,Amber,429 Omar Locks Suite 908,Augusta,GA,31234
260451,Taylor,Cassie,Amy,943 Mary Tunnel Apt. 661,Augusta,GA,31469
260452,Tran,Cameron,Thomas,1469 Delgado Hill,Augusta,GA,31844
260519,Johnson,Jason,Lisa,318 Terrence Plains Apt. 287,Augusta,GA,30947
260520,Roberson,Angela,Robert,00564 Kimberly Plaza,Augusta,GA,31180
260796,Phillips,Ryan,Kevin,24733 Mary Rapid,Augusta,GA,31351
260797,Scott,Alan,Ruth,922 Johnson Pass Apt. 956,Augusta,GA,31886
260882,Woodard,Lucas,Zachary,0900 Ashley Bridge,Augusta,GA,31189
260883,Tucker,Alexis,Kathy,16238 Sanchez Corners,Augusta,GA,31207
261078,Hawkins,Lauren,Patricia,118 Campbell Landing,Augusta,GA,30716
261238,Hogan,Richard,Patricia,246 Kenneth Pass Suite 255,Augusta,GA,30345
261336,White,Erin,Laura,71661 Weeks Plaza Apt. 080,Augusta,GA,30850
261337,Fischer,Frank,Matthew,071 Ashley Gateway,Augusta,GA,30106
261338,Gonzales,Sandra,Mark,24318 Brian Plains Apt. 588,Augusta,GA,30538
261705,Kelley,Joan,Ronald,77755 Sandra Crest Suite 927,Augusta,GA,30162
261733,Andrews,Michael,Anthony,91174 Moran Village Suite 354,Augusta,GA,31613
261935,Quinn,Dave,Jonathan,446 Kathleen Glen,Augusta,GA,30886
261936,Giles,Amber,Kellie,644 Jimmy Underpass Suite 516,Augusta,GA,31456
261937,Washington,Jason,Alexander,8985 Carmen Ports Apt. 911,Augusta,GA,31873
261938,Rodriguez,Kenneth,Jennifer,032 Hunter Vista Apt. 328,Augusta,GA,31473
261939,Thompson,Angelica,Matthew,19522 Caleb Isle,Augusta,GA,30950
261940,Quinn,William,Susan,862 Ward Stravenue Suite 797,Augusta,GA,30152
262378,Bradley,Sheri,Ronald,78308 Craig Center Apt. 051,Augusta,GA,30470
262379,Sullivan,Amanda,Frank,012 Carrie Crescent,Augusta,GA,30782
262612,Coleman,Carlos,Tammy,48736 Santiago Grove Apt. 908,Augusta,GA,30878
262613,Mcneil,Alyssa,Steven,9249 Heather Isle Suite 607,Augusta,GA,31384
262614,Rodriguez,Travis,Sarah,495 Knight Walk Apt. 267,Augusta,GA,31810
262615,Middleton,Matthew,Janet,5742 Kennedy Dale,Augusta,GA,31165
262943,Jones,Jessica,Michael,0573 Schmidt Valleys Suite 613,Augusta,GA,30940
262944,Russell,Barry,Jeffrey,494 Daniel Hills Apt. 152,Augusta,GA,30400
263210,Barr,Craig,Alisha,6857 Gordon Row,Augusta,GA,30471
263211,Crawford,Paul,Kimberly,747 Kyle Streets Suite 031,Augusta,GA,31471
263212,Lopez,Jacob,Ashley,029 Crystal Fort Suite 966,Augusta,GA,31375
263213,Powers,David,Tiffany,86763 Roberts Extension,Augusta,GA,30879
263279,Hall,Michael,Laura,686 Smith Port Apt. 383,Augusta,GA,31845
263331,Ingram,David,Javier,940 Emily Orchard Apt. 036,Augusta,GA,30941
263394,Reed,Andrew,Chad,02461 Miller Village,Augusta,GA,30477
263395,Jackson,Andrew,Tina,9569 Jessica Hollow,Augusta,GA,30089
263558,Martinez,Jessica,Wendy,018 Brooks Track,Augusta,GA,30278
263861,Walters,Jessica,Marcus,4259 Christine Forge Apt. 482,Augusta,GA,30240
264202,Rowe,John,Justin,109 Thomas Square Suite 245,Augusta,GA,30658
264203,Freeman,Felicia,Melissa,2892 Ferguson Forge Suite 563,Augusta,GA,31689
264204,Vega,Joel,Nicole,6216 Howard Common Suite 942,Augusta,GA,31427
264205,Smith,Eric,William,19972 Frank Roads Suite 694,Augusta,GA,30867
264231,Harris,Lisa,Mallory,42966 Anthony Fords,Augusta,GA,30440
264503,Miller,Carrie,Seth,938 Michael Port Suite 038,Augusta,GA,30563
264667,Jenkins,Paul,Melody,8797 Forbes Streets Suite 566,Augusta,GA,31022
264838,Hall,Mindy,Kevin,37189 Daniel Knolls Apt. 639,Augusta,GA,31284
264839,Hurley,Laura,Vincent,43838 Brianna Manors Suite 359,Augusta,GA,30091
264840,Johnson,David,David,99052 Henson Isle,Augusta,GA,31805
264841,Floyd,Jamie,Austin,432 Stephen Light Suite 443,Augusta,GA,30743
264842,Stephens,Kristi,Alexandra,524 Erica Village Apt. 676,Augusta,GA,30687
265008,Duke,Angela,Travis,23611 Flores Park Apt. 559,Augusta,GA,31643
265009,Stewart,James,Shelby,19657 Nicole Estates,Augusta,GA,31015
265010,Church,Julie,Whitney,99900 Benjamin Groves,Augusta,GA,31074
265470,Sullivan,Brooke,Mariah,88390 Kimberly Terrace Suite 863,Augusta,GA,30272
265804,Turner,Alicia,Sylvia,59580 Kelly Trail Suite 658,Augusta,GA,30068
265913,Lynn,Anthony,Stephanie,62364 Sandra Orchard,Augusta,GA,30663
265914,Bailey,Kevin,Bonnie,43265 Michael Mountain Apt. 229,Augusta,GA,30304
265919,Lewis,Michael,Antonio,09916 Nelson Via,Augusta,GA,31512
265920,Daniels,Paul,Javier,435 Kyle Pine,Augusta,GA,31643
265921,Smith,Jesse,John,53183 Howard Shores,Augusta,GA,31409
266307,Flores,Heather,James,634 Jerome Freeway Suite 560,Augusta,GA,30282
266706,Barnett,Randy,Connor,74682 Courtney Pass,Augusta,GA,31293
266976,Freeman,Ashley,Javier,654 Kelley Plaza,Augusta,GA,30815
267146,Stevens,Dalton,Heather,950 Rivera Hills,Augusta,GA,31499
267593,Leach,Joseph,Jeremy,04287 Cesar Mission Suite 958,Augusta,GA,30769
268000,Kelly,Joseph,Samantha,511 James Loaf Apt. 090,Augusta,GA,31978
268345,Mcintosh,Jose,Donna,60469 Robert Path Apt. 073,Augusta,GA,31192
268805,Williamson,Jennifer,Christopher,1914 Ryan Curve,Augusta,GA,30854
268916,Howard,Cody,Douglas,67814 Shepard Groves,Augusta,GA,30827
269124,Green,Ronnie,Dustin,103 Robert Burgs,Augusta,GA,30875
269125,Harris,Tabitha,Bethany,8384 Becker Roads,Augusta,GA,31922
269126,Mercer,Chelsea,Victoria,736 Brown Ports,Augusta,GA,30555
269167,Webb,Christina,Jessica,5733 Jessica Turnpike Apt. 733,Augusta,GA,31115
269168,Campbell,Daniel,Kim,56040 Carl Grove,Augusta,GA,31339
269169,Ray,Bobby,Lisa,4753 Powell Circles,Augusta,GA,31595
269233,Hall,Troy,Carlos,95553 Miller Ville,Augusta,GA,31967
269234,Barton,Sara,Charles,7745 Butler Inlet,Augusta,GA,30185
269235,Lopez,Miranda,Mary,769 Scott Way Suite 257,Augusta,GA,31858
269236,Wells,Caitlin,Donna,64936 Rachel Run,Augusta,GA,31380
269237,Perez,Oscar,Hannah,03314 Diana Path Suite 292,Augusta,GA,31230
269238,Nguyen,Mark,Miguel,954 Whitehead Squares Apt. 590,Augusta,GA,31709
269239,Dean,Sarah,Joshua,460 Sarah Crossing,Augusta,GA,31601
269433,Allen,Emily,Tammy,324 Jensen Inlet,Augusta,GA,31139
269434,Haney,Melissa,Gregory,59247 Wilson Crest Apt. 622,Augusta,GA,31639
269826,Miller,John,Taylor,84892 Floyd Glens,Augusta,GA,30183
269827,Rivera,Terry,Anthony,756 Christine Row Apt. 467,Augusta,GA,30328
269828,Huang,Andrea,Sandra,7825 Davis Flat Suite 268,Augusta,GA,30729
269829,Fields,James,Amanda,280 Summers Ridges Suite 529,Augusta,GA,31941
270304,Ramsey,Jerry,Kevin,51942 Morales Crossroad,Augusta,GA,31588
270711,Jones,Tanya,Rachel,28094 Annette Coves,Augusta,GA,30191
270941,Tucker,Lori,Stephanie,3224 Jason Crossing Apt. 204,Augusta,GA,31136
270942,Mccoy,Rachel,Isaiah,133 Frey Square,Augusta,GA,31376
270943,Peterson,Lisa,Rebecca,810 Travis Land Apt. 876,Augusta,GA,30535
271120,Lopez,Sherry,Brandon,180 Diane Terrace,Augusta,GA,30663
271532,Parker,Barbara,Gregory,3461 Pollard Lock,Augusta,GA,31610
271533,Brooks,Anthony,Debra,82285 Eileen Haven,Augusta,GA,31835
271568,Barker,Fred,Vanessa,46678 Garner Lights Suite 690,Augusta,GA,30415
271569,Silva,Madison,Cameron,006 Derek Haven,Augusta,GA,30492
271570,Phillips,Melissa,Paul,9667 Reese Parkway Suite 293,Augusta,GA,30972
271571,Welch,Joseph,Michelle,0187 Chavez Port,Augusta,GA,30301
271859,Evans,Joseph,Lisa,7883 Ronald Walk,Augusta,GA,31683
271860,Henry,Dana,Teresa,073 Sheila Trail Suite 883,Augusta,GA,31435
272238,Olsen,Heather,Michael,566 Pham Brook Apt. 869,Augusta,GA,31039
272239,Hobbs,Maria,Cory,542 Foley Expressway Suite 455,Augusta,GA,31926
272660,Barker,Christine,Kevin,3947 Peters Village,Augusta,GA,30214
272661,Kennedy,Sarah,Sara,78410 Thomas Drives Apt. 634,Augusta,GA,31984
272662,Nguyen,William,Jeff,31562 Choi Brooks,Augusta,GA,30628
272663,Neal,Julia,Molly,953 Malone Meadow,Augusta,GA,30239
273078,Brooks,Rachel,Andrea,86256 Gomez Views,Augusta,GA,31709
273079,Brewer,Tony,Jeremiah,8235 Miranda Rapids,Augusta,GA,30524
273490,Watts,Douglas,Brenda,31314 Johnson Route,Augusta,GA,31784
273803,Hill,Trevor,Jeremy,911 Linda Heights Apt. 535,Augusta,GA,31909
273804,Macias,Nathan,Lauren,8279 Noble Vista,Augusta,GA,31586
273805,Browning,Suzanne,Amber,633 Ortiz Extensions Apt. 082,Augusta,GA,31533
273806,Anderson,Darren,Christian,33751 Velazquez Roads,Augusta,GA,30274
274023,Harmon,Scott,James,5706 Burton Curve,Augusta,GA,31673
274024,Reese,Karen,Rhonda,72768 Teresa Mission,Augusta,GA,30994
274446,Hill,Kurt,Dan,826 Christopher Streets Suite 855,Augusta,GA,30008
274802,Love,Howard,Molly,2826 Scott Inlet,Augusta,GA,31661
274803,Gonzalez,Tiffany,Samantha,97311 Juan Track,Augusta,GA,31066
274804,Gross,George,Eric,00678 Duncan Haven Suite 821,Augusta,GA,31279
274805,Page,Sherri,Leslie,6788 Nichols Springs,Augusta,GA,30885
275213,Alvarez,Elizabeth,Carol,625 Cantrell Lake,Augusta,GA,30392
275350,Norris,Natalie,Lori,701 Stevens Inlet,Augusta,GA,31252
275481,Carr,James,Julie,272 Snyder Track Suite 506,Augusta,GA,31151
275482,Barnett,Evan,Alicia,64942 Jessica Bypass,Augusta,GA,31892
275931,Stephens,Elizabeth,Kevin,538 Wagner Street Apt. 643,Augusta,GA,30080
275932,Le,Nicholas,David,0709 Tina Rapid,Augusta,GA,30261
275941,Davis,Joseph,Kendra,88609 Courtney Island Suite 624,Augusta,GA,31745
276052,Lewis,Justin,David,94337 Martin Ramp,Augusta,GA,31257
276053,Walker,Danielle,Timothy,933 Nicole Mission Suite 624,Augusta,GA,31819
276426,Peterson,Lisa,Maria,99912 Burnett Manors Apt. 479,Augusta,GA,31049
276427,Mitchell,Dalton,Matthew,55667 Clayton Plain Suite 188,Augusta,GA,30291
276805,Alvarez,Austin,Lisa,3675 William Crescent,Augusta,GA,31531
276961,Robertson,Regina,Kyle,44543 Peters Point Suite 704,Augusta,GA,31229
277405,Villanueva,Desiree,Joyce,297 Adams Cape Apt. 662,Augusta,GA,30767
277406,Blair,Sara,Samantha,480 Andrew Corner Apt. 225,Augusta,GA,30665
277882,Morris,Sarah,Jennifer,9399 Schroeder Creek Apt. 304,Augusta,GA,30268
277883,Allison,Robert,Daniel,2402 Torres Trafficway,Augusta,GA,30657
277884,Jones,Valerie,Wendy,00167 Randolph Motorway,Augusta,GA,30085
278051,Mcdaniel,Shannon,Melissa,386 Mcdaniel Light Suite 049,Augusta,GA,30191
278052,Nguyen,Andrew,Ryan,94769 Powers Hill,Augusta,GA,31044
278053,Dixon,Michael,Amber,1071 Brian Pike,Augusta,GA,31004
278054,Evans,Lauren,Erik,99564 Angela Coves Apt. 188,Augusta,GA,30809
278453,Nguyen,Christine,Tara,04008 Rodriguez Track Apt. 188,Augusta,GA,30869
278454,Price,Matthew,Andrew,523 Cox Well Suite 393,Augusta,GA,31542
278455,Mcpherson,Paula,Steven,18351 Smith Summit,Augusta,GA,31508
278456,Potter,Jennifer,Sydney,1364 Richard Hills,Augusta,GA,31563
278457,Montgomery,Alicia,Jacob,57612 Daniel Burg,Augusta,GA,31026
278458,Williams,Christopher,William,96129 Kennedy Square Apt. 418,Augusta,GA,31572
278459,Miller,Erin,Sandra,00786 Hawkins Manor,Augusta,GA,30944
278796,Burton,Benjamin,Stephen,4275 Wilson Groves,Augusta,GA,31917
278797,Edwards,Connie,Tammy,60643 James Mission,Augusta,GA,31976
278798,Thomas,Elizabeth,Jessica,5479 Cassandra Streets Apt. 069,Augusta,GA,31908
279011,Roberson,Laura,Andrea,232 Carlos Lakes Apt. 357,Augusta,GA,31845
279181,Wade,Kari,Jeanette,9314 Atkinson Estates Apt. 472,Augusta,GA,31178
279182,Sanchez,Trevor,Nicholas,70712 David Point Apt. 161,Augusta,GA,31917
279183,Maddox,Alicia,Amanda,6623 Gibson Ford Suite 816,Augusta,GA,31128
279184,Smith,Michael,Richard,7520 Kelly Union Suite 541,Augusta,GA,30431
279651,Brown,Jesse,Alex,614 Robles Square,Augusta,GA,30649
279652,Becker,Jessica,Hayley,054 Katherine Fall Apt. 086,Augusta,GA,31635
279945,Daniels,Ryan,April,71210 Christopher Avenue,Augusta,GA,31072
279946,Russell,Susan,Allison,8809 Natasha Cliff Apt. 364,Augusta,GA,31998
280301,Bass,Jason,Paul,53547 Poole Ridges Suite 375,Augusta,GA,31269
280302,Dominguez,George,Mary,71736 Michael Ville,Augusta,GA,31642
280303,West,Michele,Maria,1572 Christopher Rue,Augusta,GA,31077
280506,White,Carolyn,Benjamin,0727 Deanna Inlet,Augusta,GA,30244
280507,Ayala,Eric,Erik,8997 Henry Mountain Apt. 325,Augusta,GA,30100
280508,Carlson,Samuel,Gregory,18895 Petersen Mountains Suite 175,Augusta,GA,31126
280711,Ibarra,Amanda,Jacqueline,0869 Howell Ford Suite 102,Augusta,GA,30248
280800,Hall,Theodore,Robert,800 Teresa Field,Augusta,GA,31988
281145,David,Leah,Belinda,01035 Matthew Causeway,Augusta,GA,30533
281146,Valdez,Keith,Rebecca,98307 Case Way,Augusta,GA,31342
281563,King,Christopher,Elizabeth,279 Mary Orchard,Augusta,GA,30740
281564,Green,Richard,Thomas,2673 Kramer Crest Suite 828,Augusta,GA,30816
281565,Mcintosh,John,Connie,08522 Karen Keys,Augusta,GA,30072
281740,Walsh,Kristi,Ronnie,800 Brown Avenue Suite 018,Augusta,GA,30261
281741,Gonzalez,Terry,Jessica,0878 John Square Suite 453,Augusta,GA,31039
281742,Fields,James,Jon,788 Vazquez Street Apt. 819,Augusta,GA,31152
281894,Holden,Anna,Robin,6976 Johnson Lakes Suite 459,Augusta,GA,31448
282271,Massey,Emily,Marisa,251 Harrell Drives Suite 917,Augusta,GA,31319
282365,Baker,Jason,Dakota,6069 Lopez Heights,Augusta,GA,31608
282395,Deleon,Laura,Tracy,34037 Brandon Mountain Apt. 549,Augusta,GA,30527
282784,Gibbs,Daniel,David,895 Amy Ways,Augusta,GA,31817
283191,Hansen,Gail,Steven,483 Kathryn Street,Augusta,GA,30964
283402,Brown,Jeffrey,Christina,6915 Michael Pine Apt. 666,Augusta,GA,31174
283690,Rose,Elizabeth,Valerie,386 Russell Mills Apt. 260,Augusta,GA,30814
283691,Kelly,Debra,Henry,46140 Robert Circle Suite 659,Augusta,GA,31630
283692,Glover,Anthony,Jade,427 Torres Run,Augusta,GA,31607
283898,Lewis,Becky,Adam,74837 Troy Stream,Augusta,GA,31360
283899,Brown,Kathryn,Sherry,57985 Carter Mountain Apt. 402,Augusta,GA,31985
283900,Sutton,Madison,Barbara,999 Matthew Pike Suite 868,Augusta,GA,30896
283901,Adams,Kristi,Elizabeth,91055 Carter Stravenue Suite 327,Augusta,GA,30518
283902,Johnson,Anthony,Laura,4162 Sutton Plaza,Augusta,GA,31847
283903,Jones,Brooke,Thomas,652 Mosley Village,Augusta,GA,31061
284118,Reed,Michelle,Daniel,05583 Troy Station,Augusta,GA,31083
284511,Watson,Andrew,Laura,670 Stein Parkways Suite 821,Augusta,GA,30851
284512,King,Nicholas,Jennifer,93482 Norton Lakes,Augusta,GA,31248
284855,Reid,William,Marc,698 Rodriguez Crescent Apt. 884,Augusta,GA,30354
284856,Baker,Tammy,Sarah,9271 William Rapid Apt. 186,Augusta,GA,30790
285159,Cox,Phillip,Emily,860 Christine Landing Suite 579,Augusta,GA,30034
285160,Fernandez,David,Julia,356 Pham Stream Suite 606,Augusta,GA,31148
285413,Fitzgerald,Scott,James,50369 Thompson Center,Augusta,GA,31799
285444,Brown,Danielle,Martin,624 Morris Trail Suite 199,Augusta,GA,30527
285629,Hernandez,Carolyn,Marissa,8899 Henderson Union,Augusta,GA,31007
286100,Harris,Danny,Jessica,7696 Brown Ports Apt. 042,Augusta,GA,30300
286101,Johnson,Tammy,Ashley,330 Baker Hill Apt. 098,Augusta,GA,30652
286453,Williams,Andrea,Stephanie,438 Tanya Burg,Augusta,GA,31656
286728,Myers,Amber,Veronica,24050 Julie Center Apt. 349,Augusta,GA,31234
287226,Jackson,Victor,Emma,369 Perez Pass Apt. 437,Augusta,GA,31834
287227,Goodman,Brooke,Victor,814 Julia Parkway Suite 290,Augusta,GA,30942
287228,Cross,Catherine,Alexander,8702 Mcpherson Branch,Augusta,GA,31476
287229,Foster,Michele,Anthony,522 Brown Path,Augusta,GA,30059
287230,Parks,Megan,Jack,6409 Brian Station,Augusta,GA,30330
287488,Wagner,Christopher,Kayla,4011 Deanna Plains Suite 823,Augusta,GA,31766
287489,Rowe,Ashley,Justin,859 Phillip Centers Apt. 278,Augusta,GA,30749
287490,Steele,Brandy,Kevin,7885 Charles Forest Apt. 547,Augusta,GA,31711
287866,Gaines,Stephanie,Stephanie,77129 Taylor Throughway Suite 713,Augusta,GA,30352
288116,Simmons,Mary,Colleen,055 Brown Forge,Augusta,GA,31246
288117,Murray,Christine,Ashley,9607 Berry Center Suite 706,Augusta,GA,31693
288118,French,John,Billy,0434 Simpson Grove,Augusta,GA,31966
288338,Young,Tammy,Deborah,814 Michelle Route,Augusta,GA,30418
288339,Lewis,Timothy,Edward,745 Nicole Manor,Augusta,GA,31156
288578,Harris,Elizabeth,Daniel,9073 Alexa Flat Apt. 692,Augusta,GA,30114
288579,Newman,Sonya,Jacqueline,915 Katherine Manors Suite 939,Augusta,GA,31137
288786,Bowers,Mary,Joseph,4490 Aaron Mountains Apt. 686,Augusta,GA,30352
289208,Perez,Anthony,Corey,59090 Roberts Loaf Apt. 995,Augusta,GA,31236
289282,Fields,Amber,Amber,1515 Farrell Flat,Augusta,GA,30971
289283,Foster,Paul,Ashley,560 Jeremy Views,Augusta,GA,31734
289284,Maddox,Sarah,Donna,851 Evans Creek Suite 019,Augusta,GA,30810
289285,Johnson,Joseph,Krista,9902 Meagan Expressway,Augusta,GA,30212
289405,Hamilton,Jeanette,Yvonne,6454 Kerr View,Augusta,GA,31582
289624,Huang,Michael,Christopher,022 Clark Course,Augusta,GA,30606
289625,Sharp,Karen,Stephen,31524 May Circles,Augusta,GA,31374
289652,Miller,Michael,Shaun,15405 Victoria Cliffs,Augusta,GA,30823
289922,Graham,David,Richard,91401 Watson Divide,Augusta,GA,31909
289923,Valdez,Hannah,David,7764 Vanessa Mission Suite 047,Augusta,GA,30876
289924,Garcia,Sarah,Molly,8548 Schmidt Highway Suite 937,Augusta,GA,30982
289925,Ball,Sharon,Victoria,706 Steele Islands,Augusta,GA,31756
290110,Gates,Janet,David,5204 Peter Passage,Augusta,GA,30895
290238,Kelly,Bryan,Maurice,127 Kimberly Court Suite 809,Augusta,GA,31555
290239,Jennings,Emily,Rita,9724 Hudson Squares Apt. 554,Augusta,GA,31037
290240,Hernandez,Eric,Peggy,09343 Snyder Summit,Augusta,GA,31393
290241,Marquez,Chad,Michael,199 Stout Run Suite 912,Augusta,GA,30862
290242,Brown,Carolyn,April,84074 Keith Walks Suite 976,Augusta,GA,31886
290243,Riley,Francisco,Jason,456 Hicks Motorway,Augusta,GA,30317
290512,Baldwin,Austin,Erin,3070 Griffith Valley Apt. 071,Augusta,GA,31481
290513,Jordan,Rachel,Nicole,2874 Billy Mill Suite 442,Augusta,GA,30292
290536,Bennett,Angela,Brenda,082 Murphy Inlet,Augusta,GA,30064
290800,Warren,Thomas,Ethan,118 Perkins Trail Suite 431,Augusta,GA,31523
291103,Wheeler,Jason,Victor,18747 Debra Squares,Augusta,GA,31192
291104,Mcdaniel,Anthony,Kimberly,218 Courtney Key,Augusta,GA,31897
291105,Maldonado,James,Cody,65157 Holland Squares Apt. 515,Augusta,GA,30671
291106,Pearson,Kevin,Shawn,9169 Warren Parks,Augusta,GA,31771
291586,Morrison,Kyle,Lindsay,632 Calhoun Lights,Augusta,GA,30385
291718,Hill,Julie,Donald,18185 Anna Forest,Augusta,GA,31354
291895,Kelley,Robert,Arthur,349 Amber Parkways Suite 841,Augusta,GA,30385
292314,Meyer,Christopher,Gregory,867 Nicole Extensions,Augusta,GA,30126
292499,Fritz,Roy,Thomas,0131 Lawrence Glens Apt. 790,Augusta,GA,30136
292509,Beasley,David,Bruce,772 Brady Forest,Augusta,GA,30910
292786,Lynch,Dana,Jeremy,423 Jonathan Lodge,Augusta,GA,30173
292787,Dennis,Eric,Victoria,95834 Turner Ridges Suite 586,Augusta,GA,30176
292788,Rivera,Jane,Jesse,89789 Garrison Walks,Augusta,GA,31738
292802,Collier,Carrie,Eric,91352 Carol Keys,Augusta,GA,31966
292803,King,Mark,Matthew,17004 Davenport Estate,Augusta,GA,30091
293141,Ortiz,Destiny,Thomas,73536 Smith Gateway,Augusta,GA,30306
293528,Knox,Eric,Christopher,94455 Edwards Harbors Suite 896,Augusta,GA,30658
293529,Cruz,Brandon,Charles,423 Burgess Avenue,Augusta,GA,30810
293872,Pineda,Jacqueline,Catherine,495 Nguyen Hills,Augusta,GA,30501
294203,Brown,Ana,Melissa,9138 Bray Corner,Augusta,GA,30382
294238,Sparks,Travis,Joseph,1687 Daniel Station Suite 041,Augusta,GA,30308
294563,Alexander,Mary,Juan,4316 Dixon Ferry,Augusta,GA,30824
294647,Atkinson,Kendra,Margaret,276 Edwards Crossroad Suite 717,Augusta,GA,30268
294648,Weber,Melissa,Patricia,958 Michael Drive,Augusta,GA,30377
294649,Dean,Shelly,Cody,2400 Michael Ways Suite 400,Augusta,GA,31592
294650,Garcia,Holly,Colleen,63540 Valdez Estates Apt. 372,Augusta,GA,30668
294651,Bush,Sean,Mary,3731 Kelsey Crescent Suite 732,Augusta,GA,31643
294783,Tran,Willie,Felicia,293 Pena Bypass,Augusta,GA,30722
295189,Calhoun,Jillian,Derek,90485 Hunt Lake,Augusta,GA,31917
295351,Stanley,Robin,Kathleen,5420 Crawford Falls,Augusta,GA,30027
295352,Browning,James,Alice,267 Paul Circles,Augusta,GA,31718
295353,Davis,Carlos,Barbara,2149 April Ridges Apt. 910,Augusta,GA,31980
295354,King,Mark,Pamela,259 Richard River,Augusta,GA,30220
295355,Holloway,Kimberly,Jennifer,22647 Jessica Extensions,Augusta,GA,31889
295785,Roberts,Robert,Bruce,60711 Michael Light Suite 092,Augusta,GA,30333
296120,Novak,Richard,Tammy,449 Bailey Manors,Augusta,GA,30620
296129,Chapman,Kelly,Patricia,91568 Lopez Corner Apt. 177,Augusta,GA,30290
296130,Webb,Jim,Theresa,887 Brown Parkways,Augusta,GA,30922
296415,Dodson,Susan,Kelly,86722 Norma Shore,Augusta,GA,30352
296416,Mcgee,Samantha,Bobby,513 Delgado Curve,Augusta,GA,31325
296417,Bender,Shelly,Tommy,85226 Kathleen Spur Suite 415,Augusta,GA,30152
296554,Moore,Victor,Nicole,1607 Robinson Stream,Augusta,GA,30769
296976,Nelson,David,Benjamin,2459 Gallagher Mount Suite 879,Augusta,GA,31965
297338,Whitaker,Hector,Nicole,34092 Anderson Loop Apt. 829,Augusta,GA,30849
297476,Nguyen,Jay,Traci,330 James Mall Suite 249,Augusta,GA,30319
297530,Coleman,Denise,James,4856 Randy River Apt. 748,Augusta,GA,31131
297531,Hines,Mallory,Jeffrey,57959 Velazquez Greens Suite 781,Augusta,GA,30864
297976,Carter,Timothy,Karen,99974 Stephanie Views Suite 468,Augusta,GA,30494
297977,Kennedy,Sarah,Peter,6381 Allen Burgs Suite 665,Augusta,GA,30207
297978,Rose,Amy,Allison,757 Ian Road Apt. 876,Augusta,GA,30571
297979,Evans,Cory,Tonya,5804 Krista Pines Suite 637,Augusta,GA,30376
297990,Martin,Elizabeth,Charles,27067 Richardson Squares Suite 163,Augusta,GA,31164
297991,Estes,Joshua,Sean,0492 Torres Forges,Augusta,GA,30632
297992,White,Anthony,Robert,782 Holly Shore,Augusta,GA,30989
298432,Elliott,Mark,Bryan,309 Phillips Course Apt. 390,Augusta,GA,30656
298536,Johnson,Christopher,Lucas,091 Griffin Forge,Augusta,GA,30284
298766,Webb,Stephanie,Kelly,7892 Walsh Skyway,Augusta,GA,30242
298767,Duncan,Peter,Carrie,34142 Crystal Gardens Suite 489,Augusta,GA,30289
299166,Stone,Alyssa,Caroline,373 Emily Viaduct,Augusta,GA,30622
299167,Hamilton,Jonathan,Eric,059 David View Suite 015,Augusta,GA,31163
299366,Sullivan,Gregory,James,074 Melvin Village Apt. 033,Augusta,GA,31547
299784,Miller,Bradley,Christine,340 Garcia Ways,Augusta,GA,30306
299785,Moran,Zachary,Dustin,5202 Sullivan Junction,Augusta,GA,31511
300069,Gonzalez,Douglas,William,66332 Isabel Locks,Augusta,GA,30393
300203,Grant,Cheryl,Randall,8117 Jackson Forest Apt. 345,Augusta,GA,30627
300204,Walker,Jennifer,Robert,304 Jennifer Key,Augusta,GA,30201
300232,Sosa,Patrick,Betty,5187 Leon Cliffs,Augusta,GA,30337
300728,Leon,Lindsey,Tonya,5525 Martinez Fork,Augusta,GA,31115
300759,Stokes,Gary,Roger,9295 Megan Ways Apt. 278,Augusta,GA,31299
300850,Fields,Maurice,Harold,393 Green Landing,Augusta,GA,31468
300874,Rice,Courtney,Adrian,03391 Jacobs Gardens,Augusta,GA,31001
301349,Norris,Jill,Tony,621 Hood Dam,Augusta,GA,30282
301389,Peterson,Timothy,Christina,212 Phillips Ridges Suite 812,Augusta,GA,30421
301804,Kirby,Brittany,John,9063 Elizabeth Lakes,Augusta,GA,30183
301989,Prince,Jodi,Shelby,7405 Joel Knolls Suite 044,Augusta,GA,31763
301990,Mcdonald,Samantha,Wanda,01372 Debra Ports,Augusta,GA,30807
301991,Lopez,Richard,Kirsten,394 Joseph Lakes,Augusta,GA,31823
301992,Sanchez,Emma,Michelle,657 Rhonda Plain,Augusta,GA,30904
301993,Stephens,Philip,Monique,367 Edward Centers,Augusta,GA,31720
302222,Bentley,Austin,Earl,3628 Sue Bypass,Augusta,GA,30982
302223,Adams,Jennifer,Michael,77812 Lee Well,Augusta,GA,31663
302224,Arnold,Debbie,Cynthia,314 Madden Camp,Augusta,GA,31847
302721,Sullivan,Jessica,Joseph,25815 Stewart Stream Apt. 355,Augusta,GA,31055
302722,Reid,Kelly,Teresa,87516 Miranda Views,Augusta,GA,30634
302776,Torres,Angela,Evelyn,175 Kevin Ridge Apt. 270,Augusta,GA,30716
302806,James,Richard,Christina,573 Lynch Mountain,Augusta,GA,30077
302807,Chang,Micheal,Teresa,5249 Heather Summit Apt. 090,Augusta,GA,31520
302940,Smith,Paul,James,456 Burns Plains,Augusta,GA,31285
303280,Bradley,Denise,Catherine,98132 Anderson Mountains,Augusta,GA,31748
303452,Thornton,Ruth,John,0358 Patricia Hills Apt. 016,Augusta,GA,30708
303627,Fritz,Katherine,Bryan,058 Walker Roads,Augusta,GA,31858
303628,Carpenter,Kristen,Brenda,54136 Cindy Glens Suite 950,Augusta,GA,30191
303751,Solomon,Lori,Ryan,9230 David View,Augusta,GA,31561
303752,Thornton,Christine,Christine,325 Ryan Cove,Augusta,GA,30960
303753,Edwards,Sharon,Robert,23714 Miller Road Apt. 569,Augusta,GA,30669
303754,Smith,Michelle,Heather,48165 Pace Trail,Augusta,GA,31936
303755,Young,Gloria,Teresa,18032 Herring Harbor,Augusta,GA,31031
304176,Ray,Manuel,Michelle,729 Daniel Stravenue Suite 900,Augusta,GA,30893
304177,Vasquez,Curtis,Tammy,469 Holland Inlet Apt. 027,Augusta,GA,30729
304431,Berry,Megan,Jordan,7636 David Divide,Augusta,GA,31719
304525,Hines,Amanda,Matthew,0645 Lucas Summit,Augusta,GA,31790
304526,Johnson,Mary,Stephanie,7091 Randy Glen Apt. 191,Augusta,GA,31130
305016,Haynes,Erik,Jacqueline,926 Rodgers River,Augusta,GA,31616
305338,Jefferson,Claudia,Evelyn,28526 Parker Creek,Augusta,GA,30554
305339,Holmes,Samantha,Andrew,68787 Serrano Extensions,Augusta,GA,30814
305340,Baker,Amber,Adam,8138 Hanson Pine,Augusta,GA,30474
305840,Nolan,Laura,Joshua,092 Catherine Light Suite 951,Augusta,GA,30018
305841,Moore,Jasmine,Jennifer,4638 Jacqueline Rue Suite 638,Augusta,GA,31252
305842,Keller,Paula,Andrew,986 Lindsey Spurs,Augusta,GA,30365
305843,Thomas,Brandon,Jamie,79017 Hayes Plaza Apt. 005,Augusta,GA,30003
305844,Price,Sharon,Troy,3552 Ford Knolls Apt. 646,Augusta,GA,31405
305845,Wright,Tim,Katie,15130 Matthew Lane Suite 699,Augusta,GA,30740
305994,Morrison,Chelsea,Peter,47294 Edward River,Augusta,GA,30776
305995,Shields,Patricia,Nicole,3525 Catherine Avenue,Augusta,GA,31819
305996,Guzman,Sandra,Philip,80123 Jacob Fork Apt. 991,Augusta,GA,30876
306394,Davidson,Jeffrey,Thomas,046 Ortiz Wells,Augusta,GA,30045
306440,Warren,Frances,Kristina,1181 Martinez Manors Apt. 789,Augusta,GA,31279
306475,Martin,Steven,Anthony,99423 Williams Extensions,Augusta,GA,30537
306661,Daniels,Katie,Tracy,12975 Lindsey Fort,Augusta,GA,31236
306662,Vargas,Mary,Ryan,485 Christine Springs,Augusta,GA,31358
306663,Sanchez,Kirk,Christina,019 Heather Forks,Augusta,GA,30633
306664,Rodriguez,April,Michael,5508 Carlos Ville,Augusta,GA,30970
306849,Moore,Kaitlyn,Joseph,870 Davis Oval,Augusta,GA,30413
306985,Garcia,Kimberly,Stephanie,15181 Eric Junctions Suite 726,Augusta,GA,30597
307189,Barrett,Andrew,Justin,85012 Lori Freeway,Augusta,GA,31624
307240,Walker,Micheal,Brett,958 Kyle Springs Apt. 526,Augusta,GA,31393
307241,Anderson,Tina,Amanda,32185 Hubbard Fields Apt. 708,Augusta,GA,30213
307242,Vazquez,Bianca,Christina,0090 Marissa Islands Apt. 636,Augusta,GA,31165
307651,Bradford,Jennifer,Megan,139 Smith Roads,Augusta,GA,30976
308098,Durham,Jessica,Charles,7221 Dunn Views Apt. 689,Augusta,GA,31277
308099,Jennings,Jennifer,Kevin,5902 Lauren Drive Apt. 911,Augusta,GA,30110
308181,Williams,Jason,David,29099 Santos Place,Augusta,GA,31557
308182,Ramirez,Julia,Robert,18630 Baxter Extensions Apt. 871,Augusta,GA,31447
308183,Humphrey,Cole,Brian,9412 Tammy Knolls Suite 727,Augusta,GA,31630
308410,Sims,Danielle,Kristin,93495 Courtney Pass,Augusta,GA,31714
308411,Smith,Charles,Michael,3293 Tyler Rapid Apt. 406,Augusta,GA,30294
308611,Alexander,Sara,Ryan,4568 Nelson Prairie Apt. 182,Augusta,GA,31026
308612,Adkins,Jennifer,Elizabeth,1949 Ochoa Loaf,Augusta,GA,30817
308820,Miller,Michael,Nicole,8104 Shannon Meadow Apt. 372,Augusta,GA,31908
309129,Long,Lisa,Kevin,94911 Julie Avenue Suite 433,Augusta,GA,31300
309606,Robinson,Jeffery,Courtney,8744 Frank Center,Augusta,GA,30339
309607,Grimes,Zoe,Jessica,5543 Eric Prairie Apt. 625,Augusta,GA,31817
310050,Conner,Janet,Gene,691 Holland Key,Augusta,GA,31278
310310,Glenn,William,Charles,518 Danielle Plains Apt. 722,Augusta,GA,31756
310606,Fernandez,Christopher,Michael,182 Reynolds Spring,Augusta,GA,30905
310607,Houston,Savannah,Juan,24140 Bennett Village Apt. 838,Augusta,GA,30675
310618,Diaz,Mary,Barbara,98934 Ralph Field Apt. 403,Augusta,GA,31976
310865,Sellers,Matthew,Vanessa,24048 Matthew Estates,Augusta,GA,31096
310866,Cooper,Jocelyn,Brenda,3869 Corey Road,Augusta,GA,31157
310867,Griffin,Samantha,Kelly,031 Sean Locks,Augusta,GA,30660
310868,Schmidt,Leslie,Jessica,2930 Gibson Mission,Augusta,GA,31481
310975,Moore,Kevin,Daniel,3035 Brown Coves Apt. 443,Augusta,GA,30817
311418,Aguirre,Amy,Jason,3715 Lauren Flat Apt. 230,Augusta,GA,30756
311419,Long,Gregory,Kelsey,13651 Joshua Fort Apt. 696,Augusta,GA,31454
311533,Torres,James,Danny,3950 Jones Throughway Suite 941,Augusta,GA,31996
311975,Williams,Dana,Katie,1915 Julie Heights Suite 904,Augusta,GA,30079
311976,Summers,Mary,Daniel,60847 Michael Meadow,Augusta,GA,30729
312439,Freeman,Gary,Anthony,74094 Davis Spring Suite 130,Augusta,GA,31796
312863,Melendez,Blake,Andrew,28044 Lori Lakes,Augusta,GA,31935
313322,Luna,Renee,Julia,0999 Ramos Creek,Augusta,GA,30998
313339,Page,Sharon,Christopher,500 Hamilton Valley Suite 495,Augusta,GA,31263
313517,Hill,Kristin,Vincent,12606 Jackson Run Apt. 131,Augusta,GA,30440
313667,Walters,Paul,Billy,8156 Gonzalez Divide Suite 652,Augusta,GA,30319
313668,Park,Lindsay,Danielle,8039 Henry Lock Apt. 760,Augusta,GA,31403
313669,Stephenson,Jessica,Crystal,57299 Freeman Crossing Suite 152,Augusta,GA,31599
313925,Tanner,John,Ricardo,1533 Whitehead Dale,Augusta,GA,31766
314304,Romero,William,Brian,338 Heather Club Apt. 350,Augusta,GA,31953
314575,Lewis,Timothy,Eric,4950 Laura Ranch Apt. 561,Augusta,GA,31725
314630,Campbell,Dean,Evan,410 Stephen Unions,Augusta,GA,30579
314631,Ball,Phyllis,Raymond,230 Linda Village,Augusta,GA,31330
314632,Thomas,Susan,Christine,853 Cody Curve Apt. 811,Augusta,GA,30876
314633,Webb,Amanda,Allison,459 Michelle Mews,Augusta,GA,31540
314634,Williams,Joel,Jessica,456 Thomas Villages Suite 208,Augusta,GA,30229
314635,Patel,Rebecca,Heather,03216 Levy Corner Apt. 182,Augusta,GA,31375
314931,Byrd,Marcus,Alexandra,4895 Stein Crossroad Suite 515,Augusta,GA,30592
314932,Bates,Lisa,Rebecca,7228 Cheryl Centers Suite 850,Augusta,GA,31876
315227,Noble,Mark,Natalie,858 Jimenez Street Suite 319,Augusta,GA,31538
315440,Webb,Christopher,Joseph,67356 Jose Circles,Augusta,GA,30482
315807,Norton,David,Kathleen,942 Holt Island,Augusta,GA,30018
315808,Hall,Hannah,Caitlin,1983 Donald Spur Suite 776,Augusta,GA,30656
315984,Reid,Christopher,Margaret,3201 Cross Glens,Augusta,GA,31195
316392,Jarvis,Jeffrey,Nathaniel,184 Destiny Points,Augusta,GA,31424
316393,Perkins,Angela,James,09148 Sarah Trace,Augusta,GA,30255
316612,Mccarthy,Tiffany,Jacob,6420 Nelson Knolls Suite 644,Augusta,GA,30878
316917,Arroyo,Charles,Stephanie,834 Francis Field Apt. 994,Augusta,GA,31961
316918,King,Patrick,Kristopher,847 Green Prairie,Augusta,GA,30184
316919,Lindsey,Lisa,Jason,75020 Joyce Manors Suite 680,Augusta,GA,31821
317342,Newman,Jeremy,Amy,964 Amanda Valleys,Augusta,GA,31195
317534,Doyle,Andrew,Jennifer,799 Sharon Keys Suite 326,Augusta,GA,31736
317839,Sandoval,Katherine,Cathy,3538 Nancy Loop Suite 974,Augusta,GA,31334
317840,Marsh,Brittany,Nicole,30983 Johnson Wells Suite 412,Augusta,GA,30576
317841,Stephens,Angela,Angela,353 Hawkins Drives Suite 870,Augusta,GA,30276
318008,Davidson,Sarah,Nicholas,083 Tracy Radial,Augusta,GA,31795
318009,Hernandez,Max,Isaiah,36773 Thomas Roads Suite 321,Augusta,GA,31930
318337,Johnson,Robert,Kimberly,5181 Ricky Crest,Augusta,GA,31295
318789,Wilson,Kayla,Thomas,1732 Morris Alley,Augusta,GA,30894
318790,Ford,Ariana,James,955 William Keys,Augusta,GA,31188
318898,Mathews,Laurie,Krista,297 Andre Port Suite 374,Augusta,GA,31781
318899,Perkins,Marc,Billy,4110 Jill Shores Apt. 262,Augusta,GA,30111
318900,Sloan,Timothy,Ryan,6975 George Meadow,Augusta,GA,31558
319369,Diaz,Jason,Elizabeth,60993 Solis Rest,Augusta,GA,31001
319370,Hayden,Melinda,Craig,9073 Walker Flat Suite 629,Augusta,GA,30770
319863,Rodriguez,Becky,Sarah,02798 Gomez Road,Augusta,GA,30545
319864,Buck,Robert,Brett,5052 Brock Square,Augusta,GA,30810
319918,Jordan,Charles,Cynthia,720 Nguyen Drives Apt. 615,Augusta,GA,31778
319919,Wells,John,Heather,32319 Brenda Camp Suite 892,Augusta,GA,31424
319920,Hughes,Michael,Brittany,0097 Tommy Burg Apt. 791,Augusta,GA,30538
319921,Franklin,Jennifer,David,8581 Cardenas Plain Suite 870,Augusta,GA,31780
319922,Ryan,Vanessa,Leslie,3803 Thomas Pines Suite 328,Augusta,GA,30907
319975,Lawrence,Angela,Matthew,63627 Daniel Lakes,Augusta,GA,31774
320035,Anderson,Allen,Jessica,957 Eric Junctions,Augusta,GA,31507
320160,Williams,Ryan,Jason,94241 Lee Locks,Augusta,GA,31814
320161,Hendricks,Joann,Richard,448 Boyle Burg Apt. 856,Augusta,GA,31309
320162,Pham,Yolanda,Donna,99140 Allen Field Apt. 799,Augusta,GA,31006
320163,King,Howard,Shelby,8371 Jones Burgs Suite 557,Augusta,GA,30426
320164,Valdez,Janice,Nicole,095 Rebecca Plains Apt. 466,Augusta,GA,31100
320193,Scott,Jennifer,Christina,479 Chang Landing Apt. 590,Augusta,GA,31614
320194,Cannon,Chris,Lawrence,5098 Smith Stravenue Suite 549,Augusta,GA,31010
320195,Soto,Charles,Tracie,588 Mary Mills,Augusta,GA,31402
320196,Jones,Heather,Robin,4299 Shannon Ranch,Augusta,GA,31045
320287,Cohen,Melissa,Robert,25572 Knight Branch,Augusta,GA,31800
320518,Velazquez,James,Deanna,8130 Zuniga Stravenue,Augusta,GA,31661
321002,Jones,Kimberly,Mackenzie,278 Cooper Skyway,Augusta,GA,31693
321406,Perez,Sean,Emily,0946 Fernando Canyon,Augusta,GA,31421
321820,Huynh,Cameron,Richard,10302 Gregory Hollow Suite 685,Augusta,GA,30143
321821,Evans,Ryan,Katie,4744 Green Neck Apt. 177,Augusta,GA,31787
322029,Fletcher,Misty,Nicholas,0486 Julie Courts,Augusta,GA,31136
322165,Nixon,Anthony,Leonard,3827 Doris Cape,Augusta,GA,30641
322234,Lopez,Jason,Paul,7686 Scott Pass,Augusta,GA,30844
322235,Wilson,Lauren,Alan,8108 Bill Estates,Augusta,GA,30115
322586,Luna,Warren,Sean,381 Sarah Forge,Augusta,GA,30508
322744,George,James,Kendra,36595 Davis Islands Apt. 506,Augusta,GA,31999
322745,Ford,Steven,Kristi,603 Jeffrey Street Apt. 394,Augusta,GA,30036
323043,Strickland,David,Alicia,2945 Medina Greens Apt. 139,Augusta,GA,31958
323044,Hoover,Gary,Maria,3220 Stevenson Lakes,Augusta,GA,30329
323045,Solomon,Johnny,Greg,62388 Shawn Squares Apt. 874,Augusta,GA,30066
323046,Bell,Brian,Kayla,4050 Andrea Avenue Suite 219,Augusta,GA,30339
323075,Pacheco,Deborah,Ashley,2234 David Mission,Augusta,GA,30987
323308,Graham,Kyle,Larry,724 Davis Highway Apt. 040,Augusta,GA,31720
323771,Reynolds,Carol,Alexander,57526 Shannon Cape,Augusta,GA,31775
323988,Brandt,Crystal,Christine,828 Kristine Fork,Augusta,GA,30698
324399,Ray,Samuel,Edward,064 Wyatt Summit Apt. 206,Augusta,GA,30751
324432,Foster,Robert,Jacqueline,6926 Mckenzie Summit,Augusta,GA,30820
324433,Webb,Angelica,Frank,024 Moore Flat Apt. 827,Augusta,GA,30489
324434,Brown,Justin,Elizabeth,142 Dawn Courts Suite 790,Augusta,GA,31693
324435,Garcia,Kimberly,Diana,6523 Wesley Creek Suite 829,Augusta,GA,30086
324740,Barron,Darrell,Jeffrey,105 Daniel Knoll Apt. 227,Augusta,GA,30349
324741,Phillips,Gabriel,Edward,689 Simpson Rest Suite 735,Augusta,GA,30323
324742,Taylor,Austin,Lisa,74732 Buck Corner,Augusta,GA,30429
324743,Wheeler,David,Steven,541 Sarah Inlet Suite 599,Augusta,GA,31995
325215,Robbins,Ricky,Charles,09735 Todd Knolls,Augusta,GA,31934
325216,Martin,Angelica,Julie,44510 Ronald Wells Suite 815,Augusta,GA,30275
325489,Kent,Andrew,Anthony,53523 John Island,Augusta,GA,30169
325490,Mendez,Alexandria,Eric,1091 Ashley Mountain Suite 029,Augusta,GA,31495
325693,Wright,Mike,Stephen,7883 John Locks Suite 159,Augusta,GA,31666
325694,Fitzgerald,Larry,Michael,829 Samantha Throughway Apt. 043,Augusta,GA,30924
325775,Hernandez,Patrick,Amy,85018 Jonathan Fork Apt. 415,Augusta,GA,30042
325992,Thomas,Alexander,Margaret,6877 Bailey Way Apt. 976,Augusta,GA,31040
325993,Reed,Kimberly,Tammy,85246 Buchanan Locks Suite 215,Augusta,GA,31790
326352,Stephens,Kimberly,Judy,96600 Richard Island Suite 436,Augusta,GA,30698
326712,King,Olivia,Phillip,5867 Kane Rapid Apt. 479,Augusta,GA,30186
326713,Owens,Jack,Derrick,2566 Kirk Ridge Suite 208,Augusta,GA,31737
327163,Mckinney,Dawn,Barry,4447 James Prairie Apt. 493,Augusta,GA,31791
327463,Cunningham,Mallory,Stephen,1468 Jarvis Light,Augusta,GA,30699
327770,Hall,Janet,Amy,155 Perkins Flats Apt. 548,Augusta,GA,30747
327771,Phelps,Julie,Stacy,7398 Shea Lodge,Augusta,GA,31140
327772,Clark,Barry,Robert,4263 Derek Plain,Augusta,GA,30989
328247,Underwood,Stephen,Jeremy,18228 Joseph Drives Apt. 715,Augusta,GA,31565
328690,Mitchell,Jenna,Michael,57699 Scott Valley Suite 212,Augusta,GA,31492
328841,Freeman,Melissa,Charles,63280 Dorsey Vista,Augusta,GA,31456
329223,Page,Justin,Susan,68617 Jones Crest Suite 969,Augusta,GA,30285
329224,Taylor,Courtney,Jesse,8472 Haley Junctions Apt. 170,Augusta,GA,30885
329225,Burgess,Gabrielle,Mary,3727 Andersen Dale Apt. 885,Augusta,GA,31959
329351,Garcia,Christine,Stephanie,9005 Michael Brooks,Augusta,GA,31488
329436,Hartman,Daniel,Tyler,2289 Jimenez Forge Suite 478,Augusta,GA,30479
329652,Black,Angel,Chris,6788 Michael Junctions,Augusta,GA,31249
329794,Douglas,Kristine,Douglas,50477 Ann Cove,Augusta,GA,31777
329795,Hill,Lauren,Karen,046 Haley Street,Augusta,GA,31487
330284,Smith,Anthony,Jeffrey,568 Scott Extensions Apt. 099,Augusta,GA,31680
330285,Hill,Steve,Rebecca,96684 Jennifer Rapids,Augusta,GA,30960
330286,Pruitt,Christopher,Daniel,95298 Emily Burg,Augusta,GA,31406
330703,Williams,Ann,Maria,63760 Jason Rue,Augusta,GA,31361
330709,Ball,Brandon,Barbara,680 Kimberly Plain Suite 165,Augusta,GA,30356
330710,Pena,Allison,Jeff,902 Natasha Lake,Augusta,GA,30567
330711,Rush,Margaret,Jennifer,2440 Rodgers Center Apt. 530,Augusta,GA,31594
330930,Arroyo,Daniel,Danielle,9994 Mcknight Junction,Augusta,GA,30761
331343,Young,Christian,John,5008 Robinson Mountain Suite 441,Augusta,GA,30654
331481,Marshall,Lawrence,Jamie,55554 Anderson Grove,Augusta,GA,31248
331482,Conley,Lauren,Daniel,1682 Torres Row Apt. 255,Augusta,GA,31557
331483,Morales,Mary,Bradley,657 Samuel Center,Augusta,GA,31564
331484,Coleman,Holly,Michael,6652 Ferrell Plain Suite 902,Augusta,GA,30782
331485,Daniel,Alan,Alyssa,37673 Berger Shores Apt. 164,Augusta,GA,31351
331636,Sanchez,Robert,Candice,1890 Smith Village,Augusta,GA,30990
331637,Ross,Kristi,Susan,15260 Saunders Lodge Apt. 394,Augusta,GA,31798
331638,Hansen,John,William,64812 Medina Cliffs Apt. 744,Augusta,GA,30120
331639,Fuller,Karen,Leah,404 Richard Creek,Augusta,GA,31552
331867,Anderson,James,Timothy,71799 Brianna Rest,Augusta,GA,31753
331868,Hooper,Autumn,Amanda,8658 Salas Loop,Augusta,GA,31541
331869,Cohen,Jared,Michael,7152 Johnson Meadow,Augusta,GA,30333
331870,Thomas,Philip,Jessica,68750 Rodgers Ridge Apt. 693,Augusta,GA,30533
332076,Kim,Daisy,Kara,2939 Wilson Ford,Augusta,GA,30713
332520,Esparza,Amber,David,062 Mark Centers Suite 697,Augusta,GA,30693
333009,Smith,Robert,Danielle,6394 Evans Inlet,Augusta,GA,31532
333129,Woodard,Jennifer,Jade,8205 Hines Parks Apt. 889,Augusta,GA,30689
333161,Rivera,Adam,Nancy,16426 Hamilton Turnpike Suite 332,Augusta,GA,31516
333653,Johnson,Patricia,Carla,714 James Skyway,Augusta,GA,31743
333654,Alvarez,Sarah,Chloe,3628 Troy Roads Apt. 144,Augusta,GA,30438
333655,Evans,Anthony,Ricardo,465 Briggs Valleys Apt. 736,Augusta,GA,31316
333768,Stewart,Stephanie,Lori,6571 Johnson Mews,Augusta,GA,30947
333769,Morris,Tiffany,Stephanie,911 Tyler Dale,Augusta,GA,30385
333801,Thomas,Timothy,Chelsea,17627 Christopher Common Apt. 865,Augusta,GA,30173
333802,Smith,Jennifer,Daniel,9427 Ryan Lakes Apt. 361,Augusta,GA,31753
333803,Villanueva,Charles,Maria,64237 Stephanie Points Apt. 060,Augusta,GA,31476
333804,Farmer,Sheila,Connie,35792 Kimberly Hill Suite 436,Augusta,GA,30260
333987,Martin,Christina,Michael,45837 Arellano Course,Augusta,GA,30814
333988,Shelton,Karen,Robert,561 Susan Springs,Augusta,GA,31202
333989,Oconnell,Ronald,Lori,4672 Mark Squares,Augusta,GA,31421
333990,Morris,Michelle,Christopher,78892 Martin Parks Apt. 643,Augusta,GA,30810
333991,Rodriguez,Joseph,Michelle,1169 Jon Path Suite 946,Augusta,GA,30142
333992,Gonzalez,Kenneth,Hannah,231 Nelson Summit Apt. 104,Augusta,GA,31234
334387,Marks,Jorge,Steven,73319 Charles Drive Apt. 919,Augusta,GA,31403
334621,Rodriguez,Justin,Shawn,995 Nelson Lakes Apt. 655,Augusta,GA,30010
334891,Dunn,Carrie,Daniel,94393 Meghan Road Apt. 612,Augusta,GA,30941
334892,Gomez,Jonathan,Jean,835 Wright Motorway Apt. 892,Augusta,GA,30152
334893,Andrews,John,Tammy,408 Smith Point,Augusta,GA,31736
334894,Garcia,Tiffany,Victor,95640 Cook Mount Suite 504,Augusta,GA,31542
334895,Combs,Maria,Latoya,4548 Hannah Fall Suite 966,Augusta,GA,31452
335025,Meyer,Jeffrey,Melissa,9833 Johnson Heights,Augusta,GA,31019
335026,Lewis,Zachary,James,0075 Robert Lock Suite 970,Augusta,GA,31855
335027,Thompson,Lori,Nicholas,5411 Victoria Branch,Augusta,GA,31068
335028,Howell,Susan,David,5157 Clark Lodge,Augusta,GA,30334
335452,Powell,Felicia,Marissa,4063 Melanie Fall Suite 631,Augusta,GA,30437
335453,Cuevas,Samantha,Jade,19285 Audrey Green Apt. 140,Augusta,GA,31631
335824,Jackson,Jason,Mark,1390 Hull Row,Augusta,GA,31510
335825,Zamora,David,Jessica,98660 Jason Falls Suite 661,Augusta,GA,30573
335826,Short,Erica,Andrew,4061 Torres Glen Apt. 864,Augusta,GA,31967
336045,Gonzales,Jean,Erin,0546 Johnson Cape,Augusta,GA,30905
336046,King,Corey,Judith,866 Gardner Brook,Augusta,GA,31774
336275,Mcclain,Donald,Eric,51634 Jennifer Landing Suite 678,Augusta,GA,31983
336276,Ballard,Eric,Sheena,2762 Young Bridge,Augusta,GA,30024
336505,Ibarra,Richard,James,2783 Davis Brooks Suite 202,Augusta,GA,31185
336506,Curtis,Brandon,Rachel,76076 Courtney Path,Augusta,GA,31507
336982,Dyer,Denise,Erik,1745 Ann Ferry,Augusta,GA,30006
337089,Nguyen,Amanda,Brandon,150 Ronald Isle,Augusta,GA,30482
337353,Cantu,Molly,Erin,37525 Marsh Knoll Suite 259,Augusta,GA,31328
337354,Mendez,Janet,Michael,77830 Sarah Brook Apt. 735,Augusta,GA,30909
337454,Wiley,Eric,Jessica,5778 Alex Plaza Suite 611,Augusta,GA,30397
337685,Pena,Vanessa,Joseph,1555 Gibbs Road,Augusta,GA,30700
337708,Taylor,Briana,Nicole,34301 Colleen Locks Apt. 979,Augusta,GA,31153
337709,Rodriguez,Sara,Cheryl,838 Carrillo Flat,Augusta,GA,30858
337710,Martinez,Erin,Jason,012 Larsen Highway Apt. 985,Augusta,GA,30993
337711,Wilkerson,Roger,Joshua,8331 Bond Dam,Augusta,GA,31508
338106,Johnson,Douglas,Bruce,155 Christopher Shoal Apt. 257,Augusta,GA,31871
338107,Parker,Kenneth,Joy,9862 Cody Ramp,Augusta,GA,31212
338108,Contreras,Matthew,Jenny,25384 Dodson Estate,Augusta,GA,30048
338607,Wood,Sheila,John,98632 Powell Mount,Augusta,GA,30200
338751,Davidson,Geoffrey,Marc,7373 Matthew Course Apt. 903,Augusta,GA,30335
338752,Hunter,Margaret,Donna,30449 Morales Points,Augusta,GA,30429
338753,Rodriguez,Tyler,Veronica,6204 Barker Wall,Augusta,GA,31598
338754,Perry,Scott,Anthony,315 Haley Loaf,Augusta,GA,31672
338755,Nelson,Rebecca,Michael,5578 Terry Mountain Apt. 091,Augusta,GA,31770
338756,Ward,Emily,Karen,5105 Jonathan Flats Suite 552,Augusta,GA,30174
338757,Hunt,Stephanie,Theresa,358 Paul Rest Apt. 627,Augusta,GA,31353
338962,Spencer,Kristen,Earl,13348 Annette Village,Augusta,GA,30187
339038,Johnson,Nancy,Jose,207 Brown Throughway,Augusta,GA,31905
339039,Norton,Danielle,Jason,875 Maddox Loop Suite 905,Augusta,GA,31590
339145,Flynn,Louis,Shelly,440 Norris Islands,Augusta,GA,30343
339146,Morgan,Gregory,Victoria,62070 Brown Loop,Augusta,GA,31476
339193,Young,Abigail,Nicholas,7240 Jacob Extensions Apt. 325,Augusta,GA,30691
339194,Butler,Valerie,Robert,60222 John Rue Apt. 943,Augusta,GA,31980
339379,Saunders,Bobby,Shelly,8156 Mann Squares,Augusta,GA,30241
339539,Stanton,Cindy,Nicholas,482 Christine Motorway Suite 905,Augusta,GA,30872
339540,Morales,Michael,Jeffrey,37264 Michelle Pass,Augusta,GA,31999
339981,Martin,Richard,Christopher,6574 Jacobs Corners Suite 815,Augusta,GA,31639
339982,Brown,Zachary,Joseph,769 Christopher Knoll,Augusta,GA,30380
340404,Tran,Billy,Rebecca,0420 Gill Cove,Augusta,GA,31790
340405,Hinton,Kendra,Austin,602 Smith Roads,Augusta,GA,30914
340409,Farrell,Theresa,Kathleen,755 Carroll Via,Augusta,GA,31777
340851,Ayala,Shawn,Kristina,80311 Acevedo Stravenue Apt. 653,Augusta,GA,31812
340852,Bruce,Tiffany,Steve,8312 Elizabeth Hollow,Augusta,GA,31447
341144,Bentley,Heather,Karla,799 Payne Groves Suite 795,Augusta,GA,30646
341145,Barnes,Amanda,Corey,4160 Robert Cliff Apt. 041,Augusta,GA,31715
341493,Morris,Edward,Gregory,49470 Strickland Forest,Augusta,GA,30470
341575,Vasquez,Carlos,Ashley,53617 Kenneth Ville,Augusta,GA,30868
341852,Camacho,Sandra,Alexander,27128 Erika Cape Apt. 844,Augusta,GA,31325
341853,Walker,Joseph,Michelle,6419 Diamond Cliffs Suite 465,Augusta,GA,31785
341890,Blackwell,Christopher,Stephanie,016 Jeffrey Forges,Augusta,GA,31422
342261,Crawford,Terrence,Christopher,686 Robinson Rapid Apt. 994,Augusta,GA,31689
342450,Salazar,John,Melvin,3233 Adam Harbors Apt. 084,Augusta,GA,31266
342785,Green,Tara,Todd,13414 Jeffery Fields,Augusta,GA,31414
343172,Hensley,Ann,Crystal,723 Burnett Rapid Suite 927,Augusta,GA,31020
343354,Rogers,Randy,Veronica,3437 Gutierrez Groves Apt. 372,Augusta,GA,30453
343754,Fletcher,Adam,Jacqueline,8415 Daniel Crossing,Augusta,GA,30712
343788,Craig,Michael,Laura,83214 Randall Centers Suite 068,Augusta,GA,31923
343789,Webster,Thomas,Kimberly,604 Vincent Extensions,Augusta,GA,30260
343790,Reyes,Joshua,Erika,5300 Maynard Isle,Augusta,GA,30659
343791,Rogers,Katelyn,Jade,467 John Oval,Augusta,GA,31415
344092,Serrano,Paige,Gina,33444 Reed Neck Suite 565,Augusta,GA,30185
344341,Weeks,Christina,Andrew,35684 Steven Ramp Suite 641,Augusta,GA,31561
344345,Li,Jessica,Lori,610 Wendy Fields,Augusta,GA,31686
344501,Moore,Morgan,Lisa,2627 Flores Stream Apt. 697,Augusta,GA,30297
344502,Williams,Kathryn,Ann,890 Meadows Port,Augusta,GA,31273
344631,Alvarez,Tracy,Eric,6018 Joseph Gardens Apt. 561,Augusta,GA,31402
344656,Carroll,Sharon,John,04444 Jenna Roads,Augusta,GA,31383
344657,Smith,Tonya,Kimberly,05922 Santiago Port Suite 792,Augusta,GA,31076
344658,Torres,Keith,Wendy,4884 Peters Plaza Apt. 231,Augusta,GA,30828
344659,Wagner,Maria,Megan,9663 Jennifer Mountain,Augusta,GA,31776
344670,Davis,Brittney,John,5989 Jeffrey Bypass Suite 080,Augusta,GA,30611
344671,Cobb,Michele,Jeremy,6604 Carter Roads Suite 183,Augusta,GA,30652
344672,Bailey,Peter,Matthew,502 Evans Springs Suite 014,Augusta,GA,31343
344673,Lopez,Joe,Christopher,5050 Jesse Glen Apt. 949,Augusta,GA,31346
345085,Miller,Cody,Joseph,657 Christine Parkways Apt. 778,Augusta,GA,30150
345086,White,Megan,Kenneth,9738 Schroeder Springs,Augusta,GA,31026
345087,Austin,Deborah,Amber,275 Christina Square Apt. 535,Augusta,GA,30852
345088,Jones,Aimee,Mark,818 Melinda Estate Suite 935,Augusta,GA,31968
345483,Shaw,Brian,Jeremy,205 Valerie Views Apt. 655,Augusta,GA,31021
345738,Beltran,Lisa,Elizabeth,0044 Hubbard Mountains,Augusta,GA,30109
345739,Bell,Alejandro,Michelle,0769 Powers Pass,Augusta,GA,30835
345930,Howard,Stephanie,Bonnie,5756 Vickie Tunnel Suite 267,Augusta,GA,31895
345931,Hopkins,Derrick,Melanie,409 Williams Forge,Augusta,GA,30615
345932,Villanueva,Scott,Juan,695 Lee Valleys,Augusta,GA,31799
346197,Alvarado,Justin,Julia,87847 Murray Parkways,Augusta,GA,30079
346198,Noble,Samantha,Ryan,4675 Bush Hill Apt. 080,Augusta,GA,30066
346199,Graves,Erica,Olivia,8213 Rebecca Stream,Augusta,GA,31383
346347,Wiggins,Don,Elizabeth,053 Timothy Ranch,Augusta,GA,30216
346609,Sparks,Ashley,Kathleen,7534 Deleon Drive Apt. 647,Augusta,GA,31414
346610,Burgess,Travis,Bradley,75414 Emily Square,Augusta,GA,31849
347102,Hampton,Robin,Christopher,4316 Kristen Course Suite 827,Augusta,GA,30794
347103,Colon,Jacob,Jeffrey,5491 Lopez Summit Apt. 129,Augusta,GA,30270
347104,Torres,Christina,Beth,16794 Franklin Mews Suite 233,Augusta,GA,31677
347245,Nixon,Daniel,Melissa,05910 Mark Street Apt. 200,Augusta,GA,30265
347246,Brown,John,Jessica,18544 Vargas Mount,Augusta,GA,31750
347247,Gonzalez,Cathy,Roger,43797 Benjamin Trail,Augusta,GA,30508
347368,Flores,Justin,Brian,04048 Gutierrez Tunnel Suite 353,Augusta,GA,30620
347369,Perkins,Alexandra,Tiffany,1847 Alicia Brook,Augusta,GA,30487
347502,Smith,Raymond,Elizabeth,86359 James Crest Suite 755,Augusta,GA,31470
347503,Carter,Frank,Brenda,32571 Mark Lodge,Augusta,GA,30411
347624,Huynh,Beth,Jared,609 Mckay Mill Apt. 427,Augusta,GA,30608
347625,Hale,Amy,Madison,646 Murray Land,Augusta,GA,30977
347626,Trujillo,Kristina,April,5194 Eric Divide Suite 439,Augusta,GA,31230
347813,Mendoza,James,James,50509 Rhonda Heights,Augusta,GA,31732
347814,Smith,Eric,Taylor,67839 Daniels Hollow,Augusta,GA,30072
347965,Green,Charlotte,Jeremy,25397 Gonzalez Spurs Suite 488,Augusta,GA,31082
347966,Waller,Jesse,Charles,156 Brandy Corners,Augusta,GA,30356
348218,Winters,Derrick,Terri,1890 Victor Trail,Augusta,GA,30016
348219,Jackson,Amy,Michelle,57799 Alyssa Inlet Apt. 432,Augusta,GA,30026
348220,Booker,Brooke,Cameron,388 Hickman Roads Apt. 834,Augusta,GA,30599
348221,Delacruz,Joann,John,3933 Dillon Centers,Augusta,GA,31239
348268,Thompson,Julia,Nancy,5762 Connie Path Suite 024,Augusta,GA,31351
348659,Mann,Jason,William,1187 Craig Extensions,Augusta,GA,30079
348981,Brennan,Jonathan,Amber,1080 Jodi Parkway,Augusta,GA,30253
348982,Rogers,Kevin,Courtney,79369 Tony Spring,Augusta,GA,30731
348983,Jacobs,Maria,Christie,790 Kristen Orchard Suite 026,Augusta,GA,31915
348984,Brown,Jennifer,David,960 Regina Extension Suite 340,Augusta,GA,30597
349430,Moore,Cindy,Jeffery,2577 Salas Ways,Augusta,GA,31305
349431,Haynes,Heather,Ryan,89005 Camacho Burg Apt. 812,Augusta,GA,31449
349432,Reese,Leslie,William,676 Melissa Mountain Suite 886,Augusta,GA,31138
349633,Leach,Andrea,Kristi,577 Sanchez Crossing,Augusta,GA,31891
349634,Baxter,Alexandria,Marc,502 Christopher Roads,Augusta,GA,31955
